ISO-10303-21;
HEADER;
/* Generated by software containing ST-Developer
 * from STEP Tools, Inc. (www.steptools.com) 
 */
/* OPTION: using custom renumber hook */

FILE_DESCRIPTION(
/* description */ ('STEP AP242 Edition 2',
'CAx-IF Rec.Pracs.---Representation and Presentation of Product Manufa
cturing Information (PMI)---4.0---2014-10-13',
'CAx-IF Rec.Pracs.---3D Tessellated Geometry---0.4---2014-09-14','2;1',
'CAx-IF Rec.Pracs.---User Defined Attributes---1.5---2016-08-15'),
/* implementation_level */ '2;1');

FILE_NAME(
/* name */ 'Part Studio 1 - Part 1',
/* time_stamp */ '2026-05-11T22:40:50Z',
/* author */ (''),
/* organization */ (''),
/* preprocessor_version */ 'ST-DEVELOPER v20',
/* originating_system */ 'ONSHAPE BY PTC INC, 1.214',
/* authorisation */ '  ');

FILE_SCHEMA (('AP242_MANAGED_MODEL_BASED_3D_ENGINEERING_MIM_LF { 1 0 10303 442 3 1 4 }'));
ENDSEC;

DATA;
#10=SHAPE_REPRESENTATION_RELATIONSHIP('','',#6011,#11);
#11=ADVANCED_BREP_SHAPE_REPRESENTATION('',(#6009),#9365);
#12=CYLINDRICAL_SURFACE('',#6300,0.000748372475198461);
#13=CYLINDRICAL_SURFACE('',#6301,0.000748372475198461);
#14=CYLINDRICAL_SURFACE('',#6302,0.000748372475198461);
#15=CYLINDRICAL_SURFACE('',#6303,0.000748372475198461);
#16=CYLINDRICAL_SURFACE('',#6304,0.000748372475198461);
#17=CYLINDRICAL_SURFACE('',#6305,0.000748372475198461);
#18=CYLINDRICAL_SURFACE('',#6306,0.000748372475198461);
#19=CYLINDRICAL_SURFACE('',#6307,0.000748372475198461);
#20=CIRCLE('',#6062,0.000748372475198461);
#21=CIRCLE('',#6063,0.000748372475198461);
#22=CIRCLE('',#6064,0.000748372475198461);
#23=CIRCLE('',#6065,0.000748372475198461);
#24=CIRCLE('',#6067,0.000748372475198461);
#25=CIRCLE('',#6068,0.000748372475198461);
#26=CIRCLE('',#6069,0.000748372475198461);
#27=CIRCLE('',#6070,0.000748372475198461);
#28=CIRCLE('',#6224,0.000748372475198461);
#29=CIRCLE('',#6294,0.000748372475198461);
#30=ELLIPSE('',#6015,0.382917714502447,0.000748372475198461);
#31=ELLIPSE('',#6017,0.0178003915047448,0.000748372475198461);
#32=ELLIPSE('',#6019,0.0331753380587275,0.000748372475198461);
#33=ELLIPSE('',#6021,0.0331753380587233,0.000748372475198461);
#34=ELLIPSE('',#6162,0.00103030074596583,0.000748372475198461);
#35=ELLIPSE('',#6165,0.00104869371727981,0.000748372475198461);
#36=ELLIPSE('',#6171,0.00105290955364496,0.000748372475198461);
#37=ELLIPSE('',#6175,0.00103784035505971,0.000748372475198461);
#38=ELLIPSE('',#6177,0.382917714502447,0.000748372475198461);
#39=ELLIPSE('',#6185,0.00124232230195264,0.000748372475198461);
#40=ELLIPSE('',#6188,0.00123233990768842,0.000748372475198461);
#41=ELLIPSE('',#6196,0.00105087139002576,0.000748372475198461);
#42=ELLIPSE('',#6199,0.00105087139002576,0.000748372475198461);
#43=ELLIPSE('',#6226,0.000977397063735418,0.000748372475198461);
#44=ELLIPSE('',#6234,0.00104869371727981,0.000748372475198461);
#45=ELLIPSE('',#6238,0.00103030074596583,0.000748372475198461);
#46=ELLIPSE('',#6242,0.00105290955364496,0.000748372475198461);
#47=ELLIPSE('',#6246,0.00103784035505971,0.000748372475198461);
#48=ELLIPSE('',#6250,0.00105087139002573,0.000748372475198461);
#49=ELLIPSE('',#6252,0.0010508713900257,0.000748372475198461);
#50=ELLIPSE('',#6255,0.0178003915047448,0.000748372475198461);
#51=ELLIPSE('',#6258,0.00124232230195261,0.000748372475198461);
#52=ELLIPSE('',#6260,0.00123233990768841,0.000748372475198461);
#53=ELLIPSE('',#6262,0.0331753380587275,0.000748372475198461);
#54=ELLIPSE('',#6296,0.000977397063735316,0.000748372475198461);
#55=ELLIPSE('',#6298,0.0331753380587233,0.000748372475198461);
#56=ORIENTED_EDGE('',*,*,#1732,.F.);
#57=ORIENTED_EDGE('',*,*,#1733,.T.);
#58=ORIENTED_EDGE('',*,*,#1734,.F.);
#59=ORIENTED_EDGE('',*,*,#1735,.F.);
#60=ORIENTED_EDGE('',*,*,#1736,.F.);
#61=ORIENTED_EDGE('',*,*,#1737,.T.);
#62=ORIENTED_EDGE('',*,*,#1738,.T.);
#63=ORIENTED_EDGE('',*,*,#1739,.T.);
#64=ORIENTED_EDGE('',*,*,#1740,.T.);
#65=ORIENTED_EDGE('',*,*,#1741,.T.);
#66=ORIENTED_EDGE('',*,*,#1742,.F.);
#67=ORIENTED_EDGE('',*,*,#1743,.F.);
#68=ORIENTED_EDGE('',*,*,#1744,.F.);
#69=ORIENTED_EDGE('',*,*,#1745,.T.);
#70=ORIENTED_EDGE('',*,*,#1746,.F.);
#71=ORIENTED_EDGE('',*,*,#1747,.F.);
#72=ORIENTED_EDGE('',*,*,#1748,.T.);
#73=ORIENTED_EDGE('',*,*,#1749,.T.);
#74=ORIENTED_EDGE('',*,*,#1750,.F.);
#75=ORIENTED_EDGE('',*,*,#1751,.F.);
#76=ORIENTED_EDGE('',*,*,#1752,.F.);
#77=ORIENTED_EDGE('',*,*,#1753,.F.);
#78=ORIENTED_EDGE('',*,*,#1754,.F.);
#79=ORIENTED_EDGE('',*,*,#1755,.F.);
#80=ORIENTED_EDGE('',*,*,#1746,.T.);
#81=ORIENTED_EDGE('',*,*,#1756,.F.);
#82=ORIENTED_EDGE('',*,*,#1757,.T.);
#83=ORIENTED_EDGE('',*,*,#1758,.T.);
#84=ORIENTED_EDGE('',*,*,#1759,.T.);
#85=ORIENTED_EDGE('',*,*,#1760,.T.);
#86=ORIENTED_EDGE('',*,*,#1761,.T.);
#87=ORIENTED_EDGE('',*,*,#1762,.T.);
#88=ORIENTED_EDGE('',*,*,#1763,.F.);
#89=ORIENTED_EDGE('',*,*,#1764,.T.);
#90=ORIENTED_EDGE('',*,*,#1765,.T.);
#91=ORIENTED_EDGE('',*,*,#1766,.T.);
#92=ORIENTED_EDGE('',*,*,#1767,.T.);
#93=ORIENTED_EDGE('',*,*,#1768,.F.);
#94=ORIENTED_EDGE('',*,*,#1769,.T.);
#95=ORIENTED_EDGE('',*,*,#1770,.F.);
#96=ORIENTED_EDGE('',*,*,#1771,.F.);
#97=ORIENTED_EDGE('',*,*,#1772,.F.);
#98=ORIENTED_EDGE('',*,*,#1773,.F.);
#99=ORIENTED_EDGE('',*,*,#1774,.T.);
#100=ORIENTED_EDGE('',*,*,#1775,.T.);
#101=ORIENTED_EDGE('',*,*,#1776,.T.);
#102=ORIENTED_EDGE('',*,*,#1777,.F.);
#103=ORIENTED_EDGE('',*,*,#1778,.F.);
#104=ORIENTED_EDGE('',*,*,#1779,.T.);
#105=ORIENTED_EDGE('',*,*,#1780,.T.);
#106=ORIENTED_EDGE('',*,*,#1781,.T.);
#107=ORIENTED_EDGE('',*,*,#1782,.F.);
#108=ORIENTED_EDGE('',*,*,#1783,.T.);
#109=ORIENTED_EDGE('',*,*,#1784,.F.);
#110=ORIENTED_EDGE('',*,*,#1785,.F.);
#111=ORIENTED_EDGE('',*,*,#1786,.F.);
#112=ORIENTED_EDGE('',*,*,#1787,.F.);
#113=ORIENTED_EDGE('',*,*,#1788,.T.);
#114=ORIENTED_EDGE('',*,*,#1789,.F.);
#115=ORIENTED_EDGE('',*,*,#1790,.F.);
#116=ORIENTED_EDGE('',*,*,#1791,.F.);
#117=ORIENTED_EDGE('',*,*,#1792,.F.);
#118=ORIENTED_EDGE('',*,*,#1793,.F.);
#119=ORIENTED_EDGE('',*,*,#1794,.F.);
#120=ORIENTED_EDGE('',*,*,#1795,.T.);
#121=ORIENTED_EDGE('',*,*,#1796,.F.);
#122=ORIENTED_EDGE('',*,*,#1797,.T.);
#123=ORIENTED_EDGE('',*,*,#1798,.F.);
#124=ORIENTED_EDGE('',*,*,#1799,.F.);
#125=ORIENTED_EDGE('',*,*,#1800,.T.);
#126=ORIENTED_EDGE('',*,*,#1801,.T.);
#127=ORIENTED_EDGE('',*,*,#1802,.T.);
#128=ORIENTED_EDGE('',*,*,#1803,.T.);
#129=ORIENTED_EDGE('',*,*,#1804,.T.);
#130=ORIENTED_EDGE('',*,*,#1805,.T.);
#131=ORIENTED_EDGE('',*,*,#1806,.T.);
#132=ORIENTED_EDGE('',*,*,#1807,.F.);
#133=ORIENTED_EDGE('',*,*,#1808,.T.);
#134=ORIENTED_EDGE('',*,*,#1809,.F.);
#135=ORIENTED_EDGE('',*,*,#1810,.T.);
#136=ORIENTED_EDGE('',*,*,#1811,.T.);
#137=ORIENTED_EDGE('',*,*,#1812,.F.);
#138=ORIENTED_EDGE('',*,*,#1813,.F.);
#139=ORIENTED_EDGE('',*,*,#1814,.T.);
#140=ORIENTED_EDGE('',*,*,#1815,.F.);
#141=ORIENTED_EDGE('',*,*,#1816,.F.);
#142=ORIENTED_EDGE('',*,*,#1817,.F.);
#143=ORIENTED_EDGE('',*,*,#1818,.T.);
#144=ORIENTED_EDGE('',*,*,#1819,.F.);
#145=ORIENTED_EDGE('',*,*,#1820,.F.);
#146=ORIENTED_EDGE('',*,*,#1821,.F.);
#147=ORIENTED_EDGE('',*,*,#1822,.T.);
#148=ORIENTED_EDGE('',*,*,#1823,.T.);
#149=ORIENTED_EDGE('',*,*,#1824,.F.);
#150=ORIENTED_EDGE('',*,*,#1825,.F.);
#151=ORIENTED_EDGE('',*,*,#1826,.F.);
#152=ORIENTED_EDGE('',*,*,#1827,.F.);
#153=ORIENTED_EDGE('',*,*,#1828,.T.);
#154=ORIENTED_EDGE('',*,*,#1829,.T.);
#155=ORIENTED_EDGE('',*,*,#1830,.T.);
#156=ORIENTED_EDGE('',*,*,#1831,.T.);
#157=ORIENTED_EDGE('',*,*,#1832,.F.);
#158=ORIENTED_EDGE('',*,*,#1833,.T.);
#159=ORIENTED_EDGE('',*,*,#1834,.F.);
#160=ORIENTED_EDGE('',*,*,#1835,.F.);
#161=ORIENTED_EDGE('',*,*,#1836,.T.);
#162=ORIENTED_EDGE('',*,*,#1837,.T.);
#163=ORIENTED_EDGE('',*,*,#1838,.T.);
#164=ORIENTED_EDGE('',*,*,#1839,.T.);
#165=ORIENTED_EDGE('',*,*,#1840,.F.);
#166=ORIENTED_EDGE('',*,*,#1841,.T.);
#167=ORIENTED_EDGE('',*,*,#1842,.T.);
#168=ORIENTED_EDGE('',*,*,#1843,.T.);
#169=ORIENTED_EDGE('',*,*,#1844,.F.);
#170=ORIENTED_EDGE('',*,*,#1845,.T.);
#171=ORIENTED_EDGE('',*,*,#1846,.F.);
#172=ORIENTED_EDGE('',*,*,#1847,.F.);
#173=ORIENTED_EDGE('',*,*,#1848,.F.);
#174=ORIENTED_EDGE('',*,*,#1849,.T.);
#175=ORIENTED_EDGE('',*,*,#1850,.F.);
#176=ORIENTED_EDGE('',*,*,#1851,.T.);
#177=ORIENTED_EDGE('',*,*,#1852,.F.);
#178=ORIENTED_EDGE('',*,*,#1853,.F.);
#179=ORIENTED_EDGE('',*,*,#1854,.T.);
#180=ORIENTED_EDGE('',*,*,#1855,.F.);
#181=ORIENTED_EDGE('',*,*,#1856,.T.);
#182=ORIENTED_EDGE('',*,*,#1857,.F.);
#183=ORIENTED_EDGE('',*,*,#1858,.T.);
#184=ORIENTED_EDGE('',*,*,#1859,.F.);
#185=ORIENTED_EDGE('',*,*,#1860,.T.);
#186=ORIENTED_EDGE('',*,*,#1861,.T.);
#187=ORIENTED_EDGE('',*,*,#1862,.F.);
#188=ORIENTED_EDGE('',*,*,#1863,.F.);
#189=ORIENTED_EDGE('',*,*,#1864,.F.);
#190=ORIENTED_EDGE('',*,*,#1865,.F.);
#191=ORIENTED_EDGE('',*,*,#1866,.F.);
#192=ORIENTED_EDGE('',*,*,#1867,.F.);
#193=ORIENTED_EDGE('',*,*,#1868,.T.);
#194=ORIENTED_EDGE('',*,*,#1869,.T.);
#195=ORIENTED_EDGE('',*,*,#1870,.F.);
#196=ORIENTED_EDGE('',*,*,#1871,.T.);
#197=ORIENTED_EDGE('',*,*,#1872,.T.);
#198=ORIENTED_EDGE('',*,*,#1873,.T.);
#199=ORIENTED_EDGE('',*,*,#1874,.T.);
#200=ORIENTED_EDGE('',*,*,#1875,.T.);
#201=ORIENTED_EDGE('',*,*,#1876,.T.);
#202=ORIENTED_EDGE('',*,*,#1877,.T.);
#203=ORIENTED_EDGE('',*,*,#1878,.T.);
#204=ORIENTED_EDGE('',*,*,#1879,.F.);
#205=ORIENTED_EDGE('',*,*,#1880,.T.);
#206=ORIENTED_EDGE('',*,*,#1881,.F.);
#207=ORIENTED_EDGE('',*,*,#1882,.F.);
#208=ORIENTED_EDGE('',*,*,#1883,.F.);
#209=ORIENTED_EDGE('',*,*,#1884,.F.);
#210=ORIENTED_EDGE('',*,*,#1885,.F.);
#211=ORIENTED_EDGE('',*,*,#1886,.F.);
#212=ORIENTED_EDGE('',*,*,#1887,.T.);
#213=ORIENTED_EDGE('',*,*,#1888,.T.);
#214=ORIENTED_EDGE('',*,*,#1889,.T.);
#215=ORIENTED_EDGE('',*,*,#1890,.T.);
#216=ORIENTED_EDGE('',*,*,#1891,.T.);
#217=ORIENTED_EDGE('',*,*,#1892,.F.);
#218=ORIENTED_EDGE('',*,*,#1893,.F.);
#219=ORIENTED_EDGE('',*,*,#1894,.T.);
#220=ORIENTED_EDGE('',*,*,#1895,.F.);
#221=ORIENTED_EDGE('',*,*,#1896,.F.);
#222=ORIENTED_EDGE('',*,*,#1897,.T.);
#223=ORIENTED_EDGE('',*,*,#1898,.T.);
#224=ORIENTED_EDGE('',*,*,#1899,.F.);
#225=ORIENTED_EDGE('',*,*,#1900,.T.);
#226=ORIENTED_EDGE('',*,*,#1901,.T.);
#227=ORIENTED_EDGE('',*,*,#1902,.T.);
#228=ORIENTED_EDGE('',*,*,#1903,.T.);
#229=ORIENTED_EDGE('',*,*,#1904,.F.);
#230=ORIENTED_EDGE('',*,*,#1905,.F.);
#231=ORIENTED_EDGE('',*,*,#1906,.F.);
#232=ORIENTED_EDGE('',*,*,#1907,.F.);
#233=ORIENTED_EDGE('',*,*,#1908,.F.);
#234=ORIENTED_EDGE('',*,*,#1909,.F.);
#235=ORIENTED_EDGE('',*,*,#1910,.F.);
#236=ORIENTED_EDGE('',*,*,#1911,.F.);
#237=ORIENTED_EDGE('',*,*,#1912,.F.);
#238=ORIENTED_EDGE('',*,*,#1913,.F.);
#239=ORIENTED_EDGE('',*,*,#1914,.F.);
#240=ORIENTED_EDGE('',*,*,#1915,.T.);
#241=ORIENTED_EDGE('',*,*,#1916,.T.);
#242=ORIENTED_EDGE('',*,*,#1917,.T.);
#243=ORIENTED_EDGE('',*,*,#1918,.T.);
#244=ORIENTED_EDGE('',*,*,#1919,.T.);
#245=ORIENTED_EDGE('',*,*,#1920,.T.);
#246=ORIENTED_EDGE('',*,*,#1921,.T.);
#247=ORIENTED_EDGE('',*,*,#1922,.F.);
#248=ORIENTED_EDGE('',*,*,#1923,.T.);
#249=ORIENTED_EDGE('',*,*,#1924,.F.);
#250=ORIENTED_EDGE('',*,*,#1925,.F.);
#251=ORIENTED_EDGE('',*,*,#1926,.F.);
#252=ORIENTED_EDGE('',*,*,#1927,.F.);
#253=ORIENTED_EDGE('',*,*,#1928,.T.);
#254=ORIENTED_EDGE('',*,*,#1929,.T.);
#255=ORIENTED_EDGE('',*,*,#1930,.F.);
#256=ORIENTED_EDGE('',*,*,#1931,.T.);
#257=ORIENTED_EDGE('',*,*,#1932,.T.);
#258=ORIENTED_EDGE('',*,*,#1933,.T.);
#259=ORIENTED_EDGE('',*,*,#1934,.T.);
#260=ORIENTED_EDGE('',*,*,#1935,.F.);
#261=ORIENTED_EDGE('',*,*,#1936,.F.);
#262=ORIENTED_EDGE('',*,*,#1937,.F.);
#263=ORIENTED_EDGE('',*,*,#1938,.F.);
#264=ORIENTED_EDGE('',*,*,#1939,.F.);
#265=ORIENTED_EDGE('',*,*,#1940,.T.);
#266=ORIENTED_EDGE('',*,*,#1941,.F.);
#267=ORIENTED_EDGE('',*,*,#1942,.F.);
#268=ORIENTED_EDGE('',*,*,#1943,.F.);
#269=ORIENTED_EDGE('',*,*,#1944,.F.);
#270=ORIENTED_EDGE('',*,*,#1945,.T.);
#271=ORIENTED_EDGE('',*,*,#1946,.F.);
#272=ORIENTED_EDGE('',*,*,#1947,.T.);
#273=ORIENTED_EDGE('',*,*,#1948,.T.);
#274=ORIENTED_EDGE('',*,*,#1949,.F.);
#275=ORIENTED_EDGE('',*,*,#1950,.T.);
#276=ORIENTED_EDGE('',*,*,#1951,.F.);
#277=ORIENTED_EDGE('',*,*,#1952,.F.);
#278=ORIENTED_EDGE('',*,*,#1953,.F.);
#279=ORIENTED_EDGE('',*,*,#1954,.F.);
#280=ORIENTED_EDGE('',*,*,#1955,.F.);
#281=ORIENTED_EDGE('',*,*,#1956,.F.);
#282=ORIENTED_EDGE('',*,*,#1957,.T.);
#283=ORIENTED_EDGE('',*,*,#1958,.F.);
#284=ORIENTED_EDGE('',*,*,#1959,.T.);
#285=ORIENTED_EDGE('',*,*,#1960,.F.);
#286=ORIENTED_EDGE('',*,*,#1961,.F.);
#287=ORIENTED_EDGE('',*,*,#1962,.T.);
#288=ORIENTED_EDGE('',*,*,#1963,.F.);
#289=ORIENTED_EDGE('',*,*,#1964,.T.);
#290=ORIENTED_EDGE('',*,*,#1965,.F.);
#291=ORIENTED_EDGE('',*,*,#1966,.T.);
#292=ORIENTED_EDGE('',*,*,#1967,.F.);
#293=ORIENTED_EDGE('',*,*,#1968,.T.);
#294=ORIENTED_EDGE('',*,*,#1969,.T.);
#295=ORIENTED_EDGE('',*,*,#1970,.T.);
#296=ORIENTED_EDGE('',*,*,#1971,.T.);
#297=ORIENTED_EDGE('',*,*,#1972,.T.);
#298=ORIENTED_EDGE('',*,*,#1973,.T.);
#299=ORIENTED_EDGE('',*,*,#1974,.F.);
#300=ORIENTED_EDGE('',*,*,#1975,.F.);
#301=ORIENTED_EDGE('',*,*,#1976,.T.);
#302=ORIENTED_EDGE('',*,*,#1977,.T.);
#303=ORIENTED_EDGE('',*,*,#1978,.T.);
#304=ORIENTED_EDGE('',*,*,#1979,.F.);
#305=ORIENTED_EDGE('',*,*,#1980,.T.);
#306=ORIENTED_EDGE('',*,*,#1981,.F.);
#307=ORIENTED_EDGE('',*,*,#1982,.T.);
#308=ORIENTED_EDGE('',*,*,#1983,.T.);
#309=ORIENTED_EDGE('',*,*,#1984,.T.);
#310=ORIENTED_EDGE('',*,*,#1985,.F.);
#311=ORIENTED_EDGE('',*,*,#1986,.T.);
#312=ORIENTED_EDGE('',*,*,#1987,.T.);
#313=ORIENTED_EDGE('',*,*,#1988,.F.);
#314=ORIENTED_EDGE('',*,*,#1989,.F.);
#315=ORIENTED_EDGE('',*,*,#1990,.F.);
#316=ORIENTED_EDGE('',*,*,#1991,.T.);
#317=ORIENTED_EDGE('',*,*,#1992,.F.);
#318=ORIENTED_EDGE('',*,*,#1993,.F.);
#319=ORIENTED_EDGE('',*,*,#1994,.T.);
#320=ORIENTED_EDGE('',*,*,#1995,.T.);
#321=ORIENTED_EDGE('',*,*,#1996,.F.);
#322=ORIENTED_EDGE('',*,*,#1997,.F.);
#323=ORIENTED_EDGE('',*,*,#1998,.F.);
#324=ORIENTED_EDGE('',*,*,#1999,.F.);
#325=ORIENTED_EDGE('',*,*,#1985,.T.);
#326=ORIENTED_EDGE('',*,*,#2000,.F.);
#327=ORIENTED_EDGE('',*,*,#1993,.T.);
#328=ORIENTED_EDGE('',*,*,#2001,.T.);
#329=ORIENTED_EDGE('',*,*,#2002,.F.);
#330=ORIENTED_EDGE('',*,*,#2003,.F.);
#331=ORIENTED_EDGE('',*,*,#2004,.T.);
#332=ORIENTED_EDGE('',*,*,#1996,.T.);
#333=ORIENTED_EDGE('',*,*,#2005,.F.);
#334=ORIENTED_EDGE('',*,*,#2006,.T.);
#335=ORIENTED_EDGE('',*,*,#2007,.T.);
#336=ORIENTED_EDGE('',*,*,#2008,.T.);
#337=ORIENTED_EDGE('',*,*,#2009,.T.);
#338=ORIENTED_EDGE('',*,*,#2010,.F.);
#339=ORIENTED_EDGE('',*,*,#2011,.T.);
#340=ORIENTED_EDGE('',*,*,#2003,.T.);
#341=ORIENTED_EDGE('',*,*,#2012,.F.);
#342=ORIENTED_EDGE('',*,*,#2013,.F.);
#343=ORIENTED_EDGE('',*,*,#2014,.F.);
#344=ORIENTED_EDGE('',*,*,#2002,.T.);
#345=ORIENTED_EDGE('',*,*,#2015,.T.);
#346=ORIENTED_EDGE('',*,*,#2016,.F.);
#347=ORIENTED_EDGE('',*,*,#2017,.F.);
#348=ORIENTED_EDGE('',*,*,#2018,.F.);
#349=ORIENTED_EDGE('',*,*,#2019,.F.);
#350=ORIENTED_EDGE('',*,*,#2020,.F.);
#351=ORIENTED_EDGE('',*,*,#2021,.F.);
#352=ORIENTED_EDGE('',*,*,#1998,.T.);
#353=ORIENTED_EDGE('',*,*,#2022,.F.);
#354=ORIENTED_EDGE('',*,*,#2023,.F.);
#355=ORIENTED_EDGE('',*,*,#2024,.F.);
#356=ORIENTED_EDGE('',*,*,#2025,.F.);
#357=ORIENTED_EDGE('',*,*,#2020,.T.);
#358=ORIENTED_EDGE('',*,*,#2026,.T.);
#359=ORIENTED_EDGE('',*,*,#1818,.F.);
#360=ORIENTED_EDGE('',*,*,#2027,.T.);
#361=ORIENTED_EDGE('',*,*,#1822,.F.);
#362=ORIENTED_EDGE('',*,*,#2028,.T.);
#363=ORIENTED_EDGE('',*,*,#2016,.T.);
#364=ORIENTED_EDGE('',*,*,#2029,.F.);
#365=ORIENTED_EDGE('',*,*,#2030,.F.);
#366=ORIENTED_EDGE('',*,*,#1861,.F.);
#367=ORIENTED_EDGE('',*,*,#2031,.T.);
#368=ORIENTED_EDGE('',*,*,#1813,.T.);
#369=ORIENTED_EDGE('',*,*,#2032,.F.);
#370=ORIENTED_EDGE('',*,*,#1854,.F.);
#371=ORIENTED_EDGE('',*,*,#2033,.F.);
#372=ORIENTED_EDGE('',*,*,#1816,.T.);
#373=ORIENTED_EDGE('',*,*,#2034,.F.);
#374=ORIENTED_EDGE('',*,*,#1982,.F.);
#375=ORIENTED_EDGE('',*,*,#2035,.T.);
#376=ORIENTED_EDGE('',*,*,#1956,.T.);
#377=ORIENTED_EDGE('',*,*,#1991,.F.);
#378=ORIENTED_EDGE('',*,*,#2036,.T.);
#379=ORIENTED_EDGE('',*,*,#1979,.T.);
#380=ORIENTED_EDGE('',*,*,#2037,.T.);
#381=ORIENTED_EDGE('',*,*,#2038,.F.);
#382=ORIENTED_EDGE('',*,*,#2039,.F.);
#383=ORIENTED_EDGE('',*,*,#2040,.T.);
#384=ORIENTED_EDGE('',*,*,#2041,.F.);
#385=ORIENTED_EDGE('',*,*,#1890,.F.);
#386=ORIENTED_EDGE('',*,*,#2042,.T.);
#387=ORIENTED_EDGE('',*,*,#2043,.T.);
#388=ORIENTED_EDGE('',*,*,#2044,.F.);
#389=ORIENTED_EDGE('',*,*,#2045,.F.);
#390=ORIENTED_EDGE('',*,*,#2044,.T.);
#391=ORIENTED_EDGE('',*,*,#2046,.T.);
#392=ORIENTED_EDGE('',*,*,#2047,.F.);
#393=ORIENTED_EDGE('',*,*,#2048,.F.);
#394=ORIENTED_EDGE('',*,*,#2047,.T.);
#395=ORIENTED_EDGE('',*,*,#2049,.T.);
#396=ORIENTED_EDGE('',*,*,#2050,.F.);
#397=ORIENTED_EDGE('',*,*,#1888,.F.);
#398=ORIENTED_EDGE('',*,*,#2051,.T.);
#399=ORIENTED_EDGE('',*,*,#2052,.T.);
#400=ORIENTED_EDGE('',*,*,#2053,.F.);
#401=ORIENTED_EDGE('',*,*,#2054,.F.);
#402=ORIENTED_EDGE('',*,*,#2055,.T.);
#403=ORIENTED_EDGE('',*,*,#2056,.F.);
#404=ORIENTED_EDGE('',*,*,#1884,.T.);
#405=ORIENTED_EDGE('',*,*,#2057,.T.);
#406=ORIENTED_EDGE('',*,*,#2058,.F.);
#407=ORIENTED_EDGE('',*,*,#2059,.F.);
#408=ORIENTED_EDGE('',*,*,#2056,.T.);
#409=ORIENTED_EDGE('',*,*,#2060,.T.);
#410=ORIENTED_EDGE('',*,*,#2061,.F.);
#411=ORIENTED_EDGE('',*,*,#2062,.T.);
#412=ORIENTED_EDGE('',*,*,#2063,.F.);
#413=ORIENTED_EDGE('',*,*,#2059,.T.);
#414=ORIENTED_EDGE('',*,*,#2064,.F.);
#415=ORIENTED_EDGE('',*,*,#2065,.F.);
#416=ORIENTED_EDGE('',*,*,#1885,.T.);
#417=ORIENTED_EDGE('',*,*,#2066,.F.);
#418=ORIENTED_EDGE('',*,*,#2067,.F.);
#419=ORIENTED_EDGE('',*,*,#1858,.F.);
#420=ORIENTED_EDGE('',*,*,#2068,.T.);
#421=ORIENTED_EDGE('',*,*,#2069,.T.);
#422=ORIENTED_EDGE('',*,*,#2070,.F.);
#423=ORIENTED_EDGE('',*,*,#2071,.F.);
#424=ORIENTED_EDGE('',*,*,#2070,.T.);
#425=ORIENTED_EDGE('',*,*,#2072,.T.);
#426=ORIENTED_EDGE('',*,*,#2073,.F.);
#427=ORIENTED_EDGE('',*,*,#1856,.F.);
#428=ORIENTED_EDGE('',*,*,#2074,.F.);
#429=ORIENTED_EDGE('',*,*,#2075,.F.);
#430=ORIENTED_EDGE('',*,*,#2076,.F.);
#431=ORIENTED_EDGE('',*,*,#2077,.F.);
#432=ORIENTED_EDGE('',*,*,#2078,.F.);
#433=ORIENTED_EDGE('',*,*,#2079,.F.);
#434=ORIENTED_EDGE('',*,*,#2080,.F.);
#435=ORIENTED_EDGE('',*,*,#2081,.F.);
#436=ORIENTED_EDGE('',*,*,#2082,.F.);
#437=ORIENTED_EDGE('',*,*,#2083,.F.);
#438=ORIENTED_EDGE('',*,*,#2084,.F.);
#439=ORIENTED_EDGE('',*,*,#2085,.F.);
#440=ORIENTED_EDGE('',*,*,#2086,.F.);
#441=ORIENTED_EDGE('',*,*,#2087,.F.);
#442=ORIENTED_EDGE('',*,*,#2088,.F.);
#443=ORIENTED_EDGE('',*,*,#2089,.F.);
#444=ORIENTED_EDGE('',*,*,#2090,.F.);
#445=ORIENTED_EDGE('',*,*,#2091,.F.);
#446=ORIENTED_EDGE('',*,*,#2092,.T.);
#447=ORIENTED_EDGE('',*,*,#2093,.T.);
#448=ORIENTED_EDGE('',*,*,#1734,.T.);
#449=ORIENTED_EDGE('',*,*,#2094,.T.);
#450=ORIENTED_EDGE('',*,*,#2095,.T.);
#451=ORIENTED_EDGE('',*,*,#2096,.F.);
#452=ORIENTED_EDGE('',*,*,#2097,.T.);
#453=ORIENTED_EDGE('',*,*,#2098,.T.);
#454=ORIENTED_EDGE('',*,*,#2099,.F.);
#455=ORIENTED_EDGE('',*,*,#2100,.T.);
#456=ORIENTED_EDGE('',*,*,#2101,.T.);
#457=ORIENTED_EDGE('',*,*,#2102,.T.);
#458=ORIENTED_EDGE('',*,*,#2103,.T.);
#459=ORIENTED_EDGE('',*,*,#2104,.F.);
#460=ORIENTED_EDGE('',*,*,#2105,.T.);
#461=ORIENTED_EDGE('',*,*,#2106,.F.);
#462=ORIENTED_EDGE('',*,*,#2107,.F.);
#463=ORIENTED_EDGE('',*,*,#2108,.T.);
#464=ORIENTED_EDGE('',*,*,#2109,.T.);
#465=ORIENTED_EDGE('',*,*,#2110,.F.);
#466=ORIENTED_EDGE('',*,*,#2111,.F.);
#467=ORIENTED_EDGE('',*,*,#2112,.T.);
#468=ORIENTED_EDGE('',*,*,#1739,.F.);
#469=ORIENTED_EDGE('',*,*,#2113,.T.);
#470=ORIENTED_EDGE('',*,*,#2114,.F.);
#471=ORIENTED_EDGE('',*,*,#2115,.F.);
#472=ORIENTED_EDGE('',*,*,#2116,.T.);
#473=ORIENTED_EDGE('',*,*,#2117,.T.);
#474=ORIENTED_EDGE('',*,*,#2118,.T.);
#475=ORIENTED_EDGE('',*,*,#2119,.T.);
#476=ORIENTED_EDGE('',*,*,#2120,.T.);
#477=ORIENTED_EDGE('',*,*,#2121,.T.);
#478=ORIENTED_EDGE('',*,*,#2122,.T.);
#479=ORIENTED_EDGE('',*,*,#2123,.T.);
#480=ORIENTED_EDGE('',*,*,#2124,.T.);
#481=ORIENTED_EDGE('',*,*,#2125,.T.);
#482=ORIENTED_EDGE('',*,*,#2126,.T.);
#483=ORIENTED_EDGE('',*,*,#2127,.T.);
#484=ORIENTED_EDGE('',*,*,#2128,.F.);
#485=ORIENTED_EDGE('',*,*,#2129,.F.);
#486=ORIENTED_EDGE('',*,*,#2130,.F.);
#487=ORIENTED_EDGE('',*,*,#2131,.F.);
#488=ORIENTED_EDGE('',*,*,#2132,.F.);
#489=ORIENTED_EDGE('',*,*,#2133,.T.);
#490=ORIENTED_EDGE('',*,*,#2134,.F.);
#491=ORIENTED_EDGE('',*,*,#2135,.T.);
#492=ORIENTED_EDGE('',*,*,#2136,.T.);
#493=ORIENTED_EDGE('',*,*,#2137,.F.);
#494=ORIENTED_EDGE('',*,*,#2138,.F.);
#495=ORIENTED_EDGE('',*,*,#2139,.T.);
#496=ORIENTED_EDGE('',*,*,#2140,.F.);
#497=ORIENTED_EDGE('',*,*,#2141,.F.);
#498=ORIENTED_EDGE('',*,*,#2142,.F.);
#499=ORIENTED_EDGE('',*,*,#1852,.T.);
#500=ORIENTED_EDGE('',*,*,#2143,.T.);
#501=ORIENTED_EDGE('',*,*,#2144,.T.);
#502=ORIENTED_EDGE('',*,*,#1848,.T.);
#503=ORIENTED_EDGE('',*,*,#2145,.F.);
#504=ORIENTED_EDGE('',*,*,#2146,.F.);
#505=ORIENTED_EDGE('',*,*,#2147,.T.);
#506=ORIENTED_EDGE('',*,*,#1844,.T.);
#507=ORIENTED_EDGE('',*,*,#2148,.T.);
#508=ORIENTED_EDGE('',*,*,#2149,.F.);
#509=ORIENTED_EDGE('',*,*,#2150,.F.);
#510=ORIENTED_EDGE('',*,*,#2151,.F.);
#511=ORIENTED_EDGE('',*,*,#2152,.F.);
#512=ORIENTED_EDGE('',*,*,#2153,.F.);
#513=ORIENTED_EDGE('',*,*,#2154,.F.);
#514=ORIENTED_EDGE('',*,*,#2155,.F.);
#515=ORIENTED_EDGE('',*,*,#2156,.T.);
#516=ORIENTED_EDGE('',*,*,#2157,.T.);
#517=ORIENTED_EDGE('',*,*,#2158,.T.);
#518=ORIENTED_EDGE('',*,*,#2159,.T.);
#519=ORIENTED_EDGE('',*,*,#2160,.F.);
#520=ORIENTED_EDGE('',*,*,#2161,.T.);
#521=ORIENTED_EDGE('',*,*,#2162,.T.);
#522=ORIENTED_EDGE('',*,*,#2163,.F.);
#523=ORIENTED_EDGE('',*,*,#2164,.T.);
#524=ORIENTED_EDGE('',*,*,#2165,.T.);
#525=ORIENTED_EDGE('',*,*,#2166,.T.);
#526=ORIENTED_EDGE('',*,*,#2167,.T.);
#527=ORIENTED_EDGE('',*,*,#2168,.T.);
#528=ORIENTED_EDGE('',*,*,#2169,.T.);
#529=ORIENTED_EDGE('',*,*,#2170,.T.);
#530=ORIENTED_EDGE('',*,*,#2171,.F.);
#531=ORIENTED_EDGE('',*,*,#2172,.F.);
#532=ORIENTED_EDGE('',*,*,#2173,.F.);
#533=ORIENTED_EDGE('',*,*,#2174,.F.);
#534=ORIENTED_EDGE('',*,*,#2175,.F.);
#535=ORIENTED_EDGE('',*,*,#1973,.F.);
#536=ORIENTED_EDGE('',*,*,#2176,.T.);
#537=ORIENTED_EDGE('',*,*,#2138,.T.);
#538=ORIENTED_EDGE('',*,*,#2177,.F.);
#539=ORIENTED_EDGE('',*,*,#1962,.F.);
#540=ORIENTED_EDGE('',*,*,#2178,.F.);
#541=ORIENTED_EDGE('',*,*,#2141,.T.);
#542=ORIENTED_EDGE('',*,*,#2179,.F.);
#543=ORIENTED_EDGE('',*,*,#2180,.T.);
#544=ORIENTED_EDGE('',*,*,#2181,.F.);
#545=ORIENTED_EDGE('',*,*,#1942,.T.);
#546=ORIENTED_EDGE('',*,*,#2182,.T.);
#547=ORIENTED_EDGE('',*,*,#2183,.F.);
#548=ORIENTED_EDGE('',*,*,#2184,.F.);
#549=ORIENTED_EDGE('',*,*,#2181,.T.);
#550=ORIENTED_EDGE('',*,*,#2185,.T.);
#551=ORIENTED_EDGE('',*,*,#2186,.F.);
#552=ORIENTED_EDGE('',*,*,#2187,.T.);
#553=ORIENTED_EDGE('',*,*,#2188,.F.);
#554=ORIENTED_EDGE('',*,*,#2184,.T.);
#555=ORIENTED_EDGE('',*,*,#2189,.F.);
#556=ORIENTED_EDGE('',*,*,#2190,.F.);
#557=ORIENTED_EDGE('',*,*,#1943,.T.);
#558=ORIENTED_EDGE('',*,*,#2191,.F.);
#559=ORIENTED_EDGE('',*,*,#2192,.F.);
#560=ORIENTED_EDGE('',*,*,#1966,.F.);
#561=ORIENTED_EDGE('',*,*,#2193,.T.);
#562=ORIENTED_EDGE('',*,*,#2194,.T.);
#563=ORIENTED_EDGE('',*,*,#2195,.F.);
#564=ORIENTED_EDGE('',*,*,#2196,.F.);
#565=ORIENTED_EDGE('',*,*,#2195,.T.);
#566=ORIENTED_EDGE('',*,*,#2197,.T.);
#567=ORIENTED_EDGE('',*,*,#2198,.F.);
#568=ORIENTED_EDGE('',*,*,#1964,.F.);
#569=ORIENTED_EDGE('',*,*,#2199,.F.);
#570=ORIENTED_EDGE('',*,*,#2200,.F.);
#571=ORIENTED_EDGE('',*,*,#2201,.F.);
#572=ORIENTED_EDGE('',*,*,#2202,.T.);
#573=ORIENTED_EDGE('',*,*,#2203,.F.);
#574=ORIENTED_EDGE('',*,*,#1970,.F.);
#575=ORIENTED_EDGE('',*,*,#2204,.T.);
#576=ORIENTED_EDGE('',*,*,#2205,.T.);
#577=ORIENTED_EDGE('',*,*,#2206,.F.);
#578=ORIENTED_EDGE('',*,*,#2207,.F.);
#579=ORIENTED_EDGE('',*,*,#2206,.T.);
#580=ORIENTED_EDGE('',*,*,#2208,.T.);
#581=ORIENTED_EDGE('',*,*,#2209,.F.);
#582=ORIENTED_EDGE('',*,*,#2210,.F.);
#583=ORIENTED_EDGE('',*,*,#2209,.T.);
#584=ORIENTED_EDGE('',*,*,#2211,.T.);
#585=ORIENTED_EDGE('',*,*,#2212,.F.);
#586=ORIENTED_EDGE('',*,*,#1968,.F.);
#587=ORIENTED_EDGE('',*,*,#2213,.F.);
#588=ORIENTED_EDGE('',*,*,#2214,.F.);
#589=ORIENTED_EDGE('',*,*,#2215,.F.);
#590=ORIENTED_EDGE('',*,*,#2216,.F.);
#591=ORIENTED_EDGE('',*,*,#2217,.F.);
#592=ORIENTED_EDGE('',*,*,#2218,.F.);
#593=ORIENTED_EDGE('',*,*,#2219,.F.);
#594=ORIENTED_EDGE('',*,*,#2220,.F.);
#595=ORIENTED_EDGE('',*,*,#2221,.F.);
#596=ORIENTED_EDGE('',*,*,#2222,.F.);
#597=ORIENTED_EDGE('',*,*,#2223,.F.);
#598=ORIENTED_EDGE('',*,*,#2224,.F.);
#599=ORIENTED_EDGE('',*,*,#2225,.F.);
#600=ORIENTED_EDGE('',*,*,#2211,.F.);
#601=ORIENTED_EDGE('',*,*,#2208,.F.);
#602=ORIENTED_EDGE('',*,*,#2205,.F.);
#603=ORIENTED_EDGE('',*,*,#2226,.F.);
#604=ORIENTED_EDGE('',*,*,#2093,.F.);
#605=ORIENTED_EDGE('',*,*,#2227,.T.);
#606=ORIENTED_EDGE('',*,*,#1777,.T.);
#607=ORIENTED_EDGE('',*,*,#2228,.T.);
#608=ORIENTED_EDGE('',*,*,#2229,.T.);
#609=ORIENTED_EDGE('',*,*,#2230,.T.);
#610=ORIENTED_EDGE('',*,*,#2231,.F.);
#611=ORIENTED_EDGE('',*,*,#2189,.T.);
#612=ORIENTED_EDGE('',*,*,#2183,.T.);
#613=ORIENTED_EDGE('',*,*,#2232,.F.);
#614=ORIENTED_EDGE('',*,*,#2233,.T.);
#615=ORIENTED_EDGE('',*,*,#2234,.T.);
#616=ORIENTED_EDGE('',*,*,#2235,.T.);
#617=ORIENTED_EDGE('',*,*,#2236,.T.);
#618=ORIENTED_EDGE('',*,*,#2194,.F.);
#619=ORIENTED_EDGE('',*,*,#2237,.T.);
#620=ORIENTED_EDGE('',*,*,#2197,.F.);
#621=ORIENTED_EDGE('',*,*,#2238,.F.);
#622=ORIENTED_EDGE('',*,*,#2239,.T.);
#623=ORIENTED_EDGE('',*,*,#2240,.T.);
#624=ORIENTED_EDGE('',*,*,#2241,.F.);
#625=ORIENTED_EDGE('',*,*,#2242,.F.);
#626=ORIENTED_EDGE('',*,*,#2243,.T.);
#627=ORIENTED_EDGE('',*,*,#2244,.F.);
#628=ORIENTED_EDGE('',*,*,#2245,.T.);
#629=ORIENTED_EDGE('',*,*,#2246,.F.);
#630=ORIENTED_EDGE('',*,*,#2247,.F.);
#631=ORIENTED_EDGE('',*,*,#2248,.T.);
#632=ORIENTED_EDGE('',*,*,#2249,.T.);
#633=ORIENTED_EDGE('',*,*,#2250,.T.);
#634=ORIENTED_EDGE('',*,*,#2251,.T.);
#635=ORIENTED_EDGE('',*,*,#2252,.T.);
#636=ORIENTED_EDGE('',*,*,#2253,.T.);
#637=ORIENTED_EDGE('',*,*,#2254,.T.);
#638=ORIENTED_EDGE('',*,*,#2255,.T.);
#639=ORIENTED_EDGE('',*,*,#2256,.T.);
#640=ORIENTED_EDGE('',*,*,#2257,.T.);
#641=ORIENTED_EDGE('',*,*,#2258,.T.);
#642=ORIENTED_EDGE('',*,*,#2259,.T.);
#643=ORIENTED_EDGE('',*,*,#2260,.T.);
#644=ORIENTED_EDGE('',*,*,#2261,.T.);
#645=ORIENTED_EDGE('',*,*,#2262,.T.);
#646=ORIENTED_EDGE('',*,*,#2263,.T.);
#647=ORIENTED_EDGE('',*,*,#2264,.T.);
#648=ORIENTED_EDGE('',*,*,#2265,.F.);
#649=ORIENTED_EDGE('',*,*,#2266,.T.);
#650=ORIENTED_EDGE('',*,*,#2267,.F.);
#651=ORIENTED_EDGE('',*,*,#2268,.F.);
#652=ORIENTED_EDGE('',*,*,#2269,.F.);
#653=ORIENTED_EDGE('',*,*,#2270,.F.);
#654=ORIENTED_EDGE('',*,*,#2271,.F.);
#655=ORIENTED_EDGE('',*,*,#2272,.F.);
#656=ORIENTED_EDGE('',*,*,#2273,.F.);
#657=ORIENTED_EDGE('',*,*,#2274,.F.);
#658=ORIENTED_EDGE('',*,*,#2275,.F.);
#659=ORIENTED_EDGE('',*,*,#2276,.T.);
#660=ORIENTED_EDGE('',*,*,#2277,.T.);
#661=ORIENTED_EDGE('',*,*,#2278,.T.);
#662=ORIENTED_EDGE('',*,*,#2279,.T.);
#663=ORIENTED_EDGE('',*,*,#2280,.F.);
#664=ORIENTED_EDGE('',*,*,#2058,.T.);
#665=ORIENTED_EDGE('',*,*,#2281,.F.);
#666=ORIENTED_EDGE('',*,*,#2282,.T.);
#667=ORIENTED_EDGE('',*,*,#2064,.T.);
#668=ORIENTED_EDGE('',*,*,#2043,.F.);
#669=ORIENTED_EDGE('',*,*,#2283,.F.);
#670=ORIENTED_EDGE('',*,*,#2049,.F.);
#671=ORIENTED_EDGE('',*,*,#2046,.F.);
#672=ORIENTED_EDGE('',*,*,#2284,.T.);
#673=ORIENTED_EDGE('',*,*,#1779,.F.);
#674=ORIENTED_EDGE('',*,*,#2285,.F.);
#675=ORIENTED_EDGE('',*,*,#2091,.T.);
#676=ORIENTED_EDGE('',*,*,#2286,.T.);
#677=ORIENTED_EDGE('',*,*,#2287,.T.);
#678=ORIENTED_EDGE('',*,*,#2288,.F.);
#679=ORIENTED_EDGE('',*,*,#2289,.T.);
#680=ORIENTED_EDGE('',*,*,#2290,.T.);
#681=ORIENTED_EDGE('',*,*,#2072,.F.);
#682=ORIENTED_EDGE('',*,*,#2069,.F.);
#683=ORIENTED_EDGE('',*,*,#2291,.T.);
#684=ORIENTED_EDGE('',*,*,#2292,.T.);
#685=ORIENTED_EDGE('',*,*,#2293,.F.);
#686=ORIENTED_EDGE('',*,*,#2294,.F.);
#687=ORIENTED_EDGE('',*,*,#2295,.F.);
#688=ORIENTED_EDGE('',*,*,#2296,.F.);
#689=ORIENTED_EDGE('',*,*,#2297,.F.);
#690=ORIENTED_EDGE('',*,*,#2298,.F.);
#691=ORIENTED_EDGE('',*,*,#2299,.T.);
#692=ORIENTED_EDGE('',*,*,#2300,.T.);
#693=ORIENTED_EDGE('',*,*,#2301,.T.);
#694=ORIENTED_EDGE('',*,*,#2302,.T.);
#695=ORIENTED_EDGE('',*,*,#2303,.T.);
#696=ORIENTED_EDGE('',*,*,#2304,.T.);
#697=ORIENTED_EDGE('',*,*,#2305,.T.);
#698=ORIENTED_EDGE('',*,*,#1809,.T.);
#699=ORIENTED_EDGE('',*,*,#2306,.T.);
#700=ORIENTED_EDGE('',*,*,#2307,.F.);
#701=ORIENTED_EDGE('',*,*,#1824,.T.);
#702=ORIENTED_EDGE('',*,*,#2308,.T.);
#703=ORIENTED_EDGE('',*,*,#1842,.F.);
#704=ORIENTED_EDGE('',*,*,#2309,.T.);
#705=ORIENTED_EDGE('',*,*,#2134,.T.);
#706=ORIENTED_EDGE('',*,*,#2310,.T.);
#707=ORIENTED_EDGE('',*,*,#2311,.F.);
#708=ORIENTED_EDGE('',*,*,#2149,.T.);
#709=ORIENTED_EDGE('',*,*,#2312,.T.);
#710=ORIENTED_EDGE('',*,*,#1977,.F.);
#711=ORIENTED_EDGE('',*,*,#2313,.T.);
#712=ORIENTED_EDGE('',*,*,#2314,.T.);
#713=ORIENTED_EDGE('',*,*,#2315,.T.);
#714=ORIENTED_EDGE('',*,*,#1987,.F.);
#715=ORIENTED_EDGE('',*,*,#2316,.F.);
#716=ORIENTED_EDGE('',*,*,#1960,.T.);
#717=ORIENTED_EDGE('',*,*,#2317,.F.);
#718=ORIENTED_EDGE('',*,*,#2318,.F.);
#719=ORIENTED_EDGE('',*,*,#2319,.F.);
#720=ORIENTED_EDGE('',*,*,#2320,.F.);
#721=ORIENTED_EDGE('',*,*,#1986,.F.);
#722=ORIENTED_EDGE('',*,*,#1999,.T.);
#723=ORIENTED_EDGE('',*,*,#2021,.T.);
#724=ORIENTED_EDGE('',*,*,#2027,.F.);
#725=ORIENTED_EDGE('',*,*,#1817,.T.);
#726=ORIENTED_EDGE('',*,*,#2033,.T.);
#727=ORIENTED_EDGE('',*,*,#1853,.T.);
#728=ORIENTED_EDGE('',*,*,#2142,.T.);
#729=ORIENTED_EDGE('',*,*,#2178,.T.);
#730=ORIENTED_EDGE('',*,*,#1961,.T.);
#731=ORIENTED_EDGE('',*,*,#2316,.T.);
#732=ORIENTED_EDGE('',*,*,#2092,.F.);
#733=ORIENTED_EDGE('',*,*,#2285,.T.);
#734=ORIENTED_EDGE('',*,*,#1778,.T.);
#735=ORIENTED_EDGE('',*,*,#2227,.F.);
#736=ORIENTED_EDGE('',*,*,#2321,.T.);
#737=ORIENTED_EDGE('',*,*,#2322,.T.);
#738=ORIENTED_EDGE('',*,*,#2323,.T.);
#739=ORIENTED_EDGE('',*,*,#2324,.T.);
#740=ORIENTED_EDGE('',*,*,#1992,.T.);
#741=ORIENTED_EDGE('',*,*,#2037,.F.);
#742=ORIENTED_EDGE('',*,*,#1978,.F.);
#743=ORIENTED_EDGE('',*,*,#2312,.F.);
#744=ORIENTED_EDGE('',*,*,#2148,.F.);
#745=ORIENTED_EDGE('',*,*,#1843,.F.);
#746=ORIENTED_EDGE('',*,*,#2308,.F.);
#747=ORIENTED_EDGE('',*,*,#1823,.F.);
#748=ORIENTED_EDGE('',*,*,#2029,.T.);
#749=ORIENTED_EDGE('',*,*,#2015,.F.);
#750=ORIENTED_EDGE('',*,*,#2001,.F.);
#751=ORIENTED_EDGE('',*,*,#2090,.T.);
#752=ORIENTED_EDGE('',*,*,#2226,.T.);
#753=ORIENTED_EDGE('',*,*,#1776,.F.);
#754=ORIENTED_EDGE('',*,*,#2284,.F.);
#755=ORIENTED_EDGE('',*,*,#1892,.T.);
#756=ORIENTED_EDGE('',*,*,#2325,.T.);
#757=ORIENTED_EDGE('',*,*,#2286,.F.);
#758=ORIENTED_EDGE('',*,*,#2326,.F.);
#759=ORIENTED_EDGE('',*,*,#1893,.T.);
#760=ORIENTED_EDGE('',*,*,#2326,.T.);
#761=ORIENTED_EDGE('',*,*,#2289,.F.);
#762=ORIENTED_EDGE('',*,*,#2327,.F.);
#763=ORIENTED_EDGE('',*,*,#2327,.T.);
#764=ORIENTED_EDGE('',*,*,#2288,.T.);
#765=ORIENTED_EDGE('',*,*,#2328,.F.);
#766=ORIENTED_EDGE('',*,*,#1894,.F.);
#767=ORIENTED_EDGE('',*,*,#1895,.T.);
#768=ORIENTED_EDGE('',*,*,#2328,.T.);
#769=ORIENTED_EDGE('',*,*,#2287,.F.);
#770=ORIENTED_EDGE('',*,*,#2325,.F.);
#771=ORIENTED_EDGE('',*,*,#2050,.T.);
#772=ORIENTED_EDGE('',*,*,#2283,.T.);
#773=ORIENTED_EDGE('',*,*,#2042,.F.);
#774=ORIENTED_EDGE('',*,*,#1889,.F.);
#775=ORIENTED_EDGE('',*,*,#2041,.T.);
#776=ORIENTED_EDGE('',*,*,#2329,.T.);
#777=ORIENTED_EDGE('',*,*,#2051,.F.);
#778=ORIENTED_EDGE('',*,*,#1891,.F.);
#779=ORIENTED_EDGE('',*,*,#1886,.T.);
#780=ORIENTED_EDGE('',*,*,#2065,.T.);
#781=ORIENTED_EDGE('',*,*,#2282,.F.);
#782=ORIENTED_EDGE('',*,*,#2330,.F.);
#783=ORIENTED_EDGE('',*,*,#2330,.T.);
#784=ORIENTED_EDGE('',*,*,#2281,.T.);
#785=ORIENTED_EDGE('',*,*,#2057,.F.);
#786=ORIENTED_EDGE('',*,*,#1887,.F.);
#787=ORIENTED_EDGE('',*,*,#1857,.T.);
#788=ORIENTED_EDGE('',*,*,#2073,.T.);
#789=ORIENTED_EDGE('',*,*,#2290,.F.);
#790=ORIENTED_EDGE('',*,*,#2068,.F.);
#791=ORIENTED_EDGE('',*,*,#1879,.T.);
#792=ORIENTED_EDGE('',*,*,#2331,.T.);
#793=ORIENTED_EDGE('',*,*,#2276,.F.);
#794=ORIENTED_EDGE('',*,*,#2332,.F.);
#795=ORIENTED_EDGE('',*,*,#2332,.T.);
#796=ORIENTED_EDGE('',*,*,#2280,.T.);
#797=ORIENTED_EDGE('',*,*,#2333,.F.);
#798=ORIENTED_EDGE('',*,*,#1880,.F.);
#799=ORIENTED_EDGE('',*,*,#1881,.T.);
#800=ORIENTED_EDGE('',*,*,#2333,.T.);
#801=ORIENTED_EDGE('',*,*,#2279,.F.);
#802=ORIENTED_EDGE('',*,*,#2334,.F.);
#803=ORIENTED_EDGE('',*,*,#1882,.T.);
#804=ORIENTED_EDGE('',*,*,#2334,.T.);
#805=ORIENTED_EDGE('',*,*,#2278,.F.);
#806=ORIENTED_EDGE('',*,*,#2335,.F.);
#807=ORIENTED_EDGE('',*,*,#1883,.T.);
#808=ORIENTED_EDGE('',*,*,#2335,.T.);
#809=ORIENTED_EDGE('',*,*,#2277,.F.);
#810=ORIENTED_EDGE('',*,*,#2331,.F.);
#811=ORIENTED_EDGE('',*,*,#1896,.T.);
#812=ORIENTED_EDGE('',*,*,#2336,.T.);
#813=ORIENTED_EDGE('',*,*,#2291,.F.);
#814=ORIENTED_EDGE('',*,*,#2337,.F.);
#815=ORIENTED_EDGE('',*,*,#2337,.T.);
#816=ORIENTED_EDGE('',*,*,#2294,.T.);
#817=ORIENTED_EDGE('',*,*,#2338,.F.);
#818=ORIENTED_EDGE('',*,*,#1897,.F.);
#819=ORIENTED_EDGE('',*,*,#2338,.T.);
#820=ORIENTED_EDGE('',*,*,#2293,.T.);
#821=ORIENTED_EDGE('',*,*,#2339,.F.);
#822=ORIENTED_EDGE('',*,*,#1898,.F.);
#823=ORIENTED_EDGE('',*,*,#1899,.T.);
#824=ORIENTED_EDGE('',*,*,#2339,.T.);
#825=ORIENTED_EDGE('',*,*,#2292,.F.);
#826=ORIENTED_EDGE('',*,*,#2336,.F.);
#827=ORIENTED_EDGE('',*,*,#2340,.T.);
#828=ORIENTED_EDGE('',*,*,#2274,.T.);
#829=ORIENTED_EDGE('',*,*,#2341,.F.);
#830=ORIENTED_EDGE('',*,*,#1877,.F.);
#831=ORIENTED_EDGE('',*,*,#2341,.T.);
#832=ORIENTED_EDGE('',*,*,#2273,.T.);
#833=ORIENTED_EDGE('',*,*,#2342,.F.);
#834=ORIENTED_EDGE('',*,*,#1878,.F.);
#835=ORIENTED_EDGE('',*,*,#2342,.T.);
#836=ORIENTED_EDGE('',*,*,#2275,.T.);
#837=ORIENTED_EDGE('',*,*,#2340,.F.);
#838=ORIENTED_EDGE('',*,*,#1876,.F.);
#839=ORIENTED_EDGE('',*,*,#2343,.T.);
#840=ORIENTED_EDGE('',*,*,#2270,.T.);
#841=ORIENTED_EDGE('',*,*,#2344,.F.);
#842=ORIENTED_EDGE('',*,*,#1873,.F.);
#843=ORIENTED_EDGE('',*,*,#2344,.T.);
#844=ORIENTED_EDGE('',*,*,#2269,.T.);
#845=ORIENTED_EDGE('',*,*,#2345,.F.);
#846=ORIENTED_EDGE('',*,*,#1874,.F.);
#847=ORIENTED_EDGE('',*,*,#2345,.T.);
#848=ORIENTED_EDGE('',*,*,#2272,.T.);
#849=ORIENTED_EDGE('',*,*,#2346,.F.);
#850=ORIENTED_EDGE('',*,*,#1875,.F.);
#851=ORIENTED_EDGE('',*,*,#2346,.T.);
#852=ORIENTED_EDGE('',*,*,#2271,.T.);
#853=ORIENTED_EDGE('',*,*,#2343,.F.);
#854=ORIENTED_EDGE('',*,*,#1872,.F.);
#855=ORIENTED_EDGE('',*,*,#1867,.T.);
#856=ORIENTED_EDGE('',*,*,#2347,.T.);
#857=ORIENTED_EDGE('',*,*,#2264,.F.);
#858=ORIENTED_EDGE('',*,*,#2348,.F.);
#859=ORIENTED_EDGE('',*,*,#2348,.T.);
#860=ORIENTED_EDGE('',*,*,#2268,.T.);
#861=ORIENTED_EDGE('',*,*,#2349,.F.);
#862=ORIENTED_EDGE('',*,*,#1868,.F.);
#863=ORIENTED_EDGE('',*,*,#2349,.T.);
#864=ORIENTED_EDGE('',*,*,#2267,.T.);
#865=ORIENTED_EDGE('',*,*,#2350,.F.);
#866=ORIENTED_EDGE('',*,*,#1869,.F.);
#867=ORIENTED_EDGE('',*,*,#1870,.T.);
#868=ORIENTED_EDGE('',*,*,#2350,.T.);
#869=ORIENTED_EDGE('',*,*,#2266,.F.);
#870=ORIENTED_EDGE('',*,*,#2351,.F.);
#871=ORIENTED_EDGE('',*,*,#2351,.T.);
#872=ORIENTED_EDGE('',*,*,#2265,.T.);
#873=ORIENTED_EDGE('',*,*,#2347,.F.);
#874=ORIENTED_EDGE('',*,*,#1871,.F.);
#875=ORIENTED_EDGE('',*,*,#2352,.T.);
#876=ORIENTED_EDGE('',*,*,#2296,.T.);
#877=ORIENTED_EDGE('',*,*,#2353,.F.);
#878=ORIENTED_EDGE('',*,*,#1901,.F.);
#879=ORIENTED_EDGE('',*,*,#2353,.T.);
#880=ORIENTED_EDGE('',*,*,#2295,.T.);
#881=ORIENTED_EDGE('',*,*,#2354,.F.);
#882=ORIENTED_EDGE('',*,*,#1902,.F.);
#883=ORIENTED_EDGE('',*,*,#2354,.T.);
#884=ORIENTED_EDGE('',*,*,#2298,.T.);
#885=ORIENTED_EDGE('',*,*,#2355,.F.);
#886=ORIENTED_EDGE('',*,*,#1903,.F.);
#887=ORIENTED_EDGE('',*,*,#2355,.T.);
#888=ORIENTED_EDGE('',*,*,#2297,.T.);
#889=ORIENTED_EDGE('',*,*,#2352,.F.);
#890=ORIENTED_EDGE('',*,*,#1900,.F.);
#891=ORIENTED_EDGE('',*,*,#1904,.T.);
#892=ORIENTED_EDGE('',*,*,#2356,.T.);
#893=ORIENTED_EDGE('',*,*,#2299,.F.);
#894=ORIENTED_EDGE('',*,*,#2357,.F.);
#895=ORIENTED_EDGE('',*,*,#1905,.T.);
#896=ORIENTED_EDGE('',*,*,#2357,.T.);
#897=ORIENTED_EDGE('',*,*,#2301,.F.);
#898=ORIENTED_EDGE('',*,*,#2358,.F.);
#899=ORIENTED_EDGE('',*,*,#1906,.T.);
#900=ORIENTED_EDGE('',*,*,#2358,.T.);
#901=ORIENTED_EDGE('',*,*,#2300,.F.);
#902=ORIENTED_EDGE('',*,*,#2356,.F.);
#903=ORIENTED_EDGE('',*,*,#1863,.T.);
#904=ORIENTED_EDGE('',*,*,#2359,.T.);
#905=ORIENTED_EDGE('',*,*,#2260,.F.);
#906=ORIENTED_EDGE('',*,*,#2360,.F.);
#907=ORIENTED_EDGE('',*,*,#1864,.T.);
#908=ORIENTED_EDGE('',*,*,#2360,.T.);
#909=ORIENTED_EDGE('',*,*,#2263,.F.);
#910=ORIENTED_EDGE('',*,*,#2361,.F.);
#911=ORIENTED_EDGE('',*,*,#1865,.T.);
#912=ORIENTED_EDGE('',*,*,#2361,.T.);
#913=ORIENTED_EDGE('',*,*,#2262,.F.);
#914=ORIENTED_EDGE('',*,*,#2362,.F.);
#915=ORIENTED_EDGE('',*,*,#1866,.T.);
#916=ORIENTED_EDGE('',*,*,#2362,.T.);
#917=ORIENTED_EDGE('',*,*,#2261,.F.);
#918=ORIENTED_EDGE('',*,*,#2359,.F.);
#919=ORIENTED_EDGE('',*,*,#1907,.T.);
#920=ORIENTED_EDGE('',*,*,#2363,.T.);
#921=ORIENTED_EDGE('',*,*,#2302,.F.);
#922=ORIENTED_EDGE('',*,*,#2364,.F.);
#923=ORIENTED_EDGE('',*,*,#1908,.T.);
#924=ORIENTED_EDGE('',*,*,#2364,.T.);
#925=ORIENTED_EDGE('',*,*,#2305,.F.);
#926=ORIENTED_EDGE('',*,*,#2365,.F.);
#927=ORIENTED_EDGE('',*,*,#1909,.T.);
#928=ORIENTED_EDGE('',*,*,#2365,.T.);
#929=ORIENTED_EDGE('',*,*,#2304,.F.);
#930=ORIENTED_EDGE('',*,*,#2366,.F.);
#931=ORIENTED_EDGE('',*,*,#1910,.T.);
#932=ORIENTED_EDGE('',*,*,#2366,.T.);
#933=ORIENTED_EDGE('',*,*,#2303,.F.);
#934=ORIENTED_EDGE('',*,*,#2363,.F.);
#935=ORIENTED_EDGE('',*,*,#1938,.T.);
#936=ORIENTED_EDGE('',*,*,#2367,.T.);
#937=ORIENTED_EDGE('',*,*,#2229,.F.);
#938=ORIENTED_EDGE('',*,*,#2368,.F.);
#939=ORIENTED_EDGE('',*,*,#1939,.T.);
#940=ORIENTED_EDGE('',*,*,#2368,.T.);
#941=ORIENTED_EDGE('',*,*,#2228,.F.);
#942=ORIENTED_EDGE('',*,*,#2369,.F.);
#943=ORIENTED_EDGE('',*,*,#2369,.T.);
#944=ORIENTED_EDGE('',*,*,#2231,.T.);
#945=ORIENTED_EDGE('',*,*,#2370,.F.);
#946=ORIENTED_EDGE('',*,*,#1940,.F.);
#947=ORIENTED_EDGE('',*,*,#1941,.T.);
#948=ORIENTED_EDGE('',*,*,#2370,.T.);
#949=ORIENTED_EDGE('',*,*,#2230,.F.);
#950=ORIENTED_EDGE('',*,*,#2367,.F.);
#951=ORIENTED_EDGE('',*,*,#1944,.T.);
#952=ORIENTED_EDGE('',*,*,#2190,.T.);
#953=ORIENTED_EDGE('',*,*,#2233,.F.);
#954=ORIENTED_EDGE('',*,*,#2371,.F.);
#955=ORIENTED_EDGE('',*,*,#2371,.T.);
#956=ORIENTED_EDGE('',*,*,#2232,.T.);
#957=ORIENTED_EDGE('',*,*,#2182,.F.);
#958=ORIENTED_EDGE('',*,*,#1945,.F.);
#959=ORIENTED_EDGE('',*,*,#1935,.T.);
#960=ORIENTED_EDGE('',*,*,#2372,.T.);
#961=ORIENTED_EDGE('',*,*,#2235,.F.);
#962=ORIENTED_EDGE('',*,*,#2373,.F.);
#963=ORIENTED_EDGE('',*,*,#1936,.T.);
#964=ORIENTED_EDGE('',*,*,#2373,.T.);
#965=ORIENTED_EDGE('',*,*,#2234,.F.);
#966=ORIENTED_EDGE('',*,*,#2374,.F.);
#967=ORIENTED_EDGE('',*,*,#1937,.T.);
#968=ORIENTED_EDGE('',*,*,#2374,.T.);
#969=ORIENTED_EDGE('',*,*,#2236,.F.);
#970=ORIENTED_EDGE('',*,*,#2372,.F.);
#971=ORIENTED_EDGE('',*,*,#1965,.T.);
#972=ORIENTED_EDGE('',*,*,#2198,.T.);
#973=ORIENTED_EDGE('',*,*,#2237,.F.);
#974=ORIENTED_EDGE('',*,*,#2193,.F.);
#975=ORIENTED_EDGE('',*,*,#2212,.T.);
#976=ORIENTED_EDGE('',*,*,#2225,.T.);
#977=ORIENTED_EDGE('',*,*,#2204,.F.);
#978=ORIENTED_EDGE('',*,*,#1969,.F.);
#979=ORIENTED_EDGE('',*,*,#2203,.T.);
#980=ORIENTED_EDGE('',*,*,#2375,.T.);
#981=ORIENTED_EDGE('',*,*,#1971,.F.);
#982=ORIENTED_EDGE('',*,*,#2376,.T.);
#983=ORIENTED_EDGE('',*,*,#2221,.T.);
#984=ORIENTED_EDGE('',*,*,#2377,.F.);
#985=ORIENTED_EDGE('',*,*,#1932,.F.);
#986=ORIENTED_EDGE('',*,*,#2377,.T.);
#987=ORIENTED_EDGE('',*,*,#2224,.T.);
#988=ORIENTED_EDGE('',*,*,#2378,.F.);
#989=ORIENTED_EDGE('',*,*,#1933,.F.);
#990=ORIENTED_EDGE('',*,*,#2378,.T.);
#991=ORIENTED_EDGE('',*,*,#2223,.T.);
#992=ORIENTED_EDGE('',*,*,#2379,.F.);
#993=ORIENTED_EDGE('',*,*,#1934,.F.);
#994=ORIENTED_EDGE('',*,*,#2379,.T.);
#995=ORIENTED_EDGE('',*,*,#2222,.T.);
#996=ORIENTED_EDGE('',*,*,#2376,.F.);
#997=ORIENTED_EDGE('',*,*,#1931,.F.);
#998=ORIENTED_EDGE('',*,*,#1927,.T.);
#999=ORIENTED_EDGE('',*,*,#2380,.T.);
#1000=ORIENTED_EDGE('',*,*,#2239,.F.);
#1001=ORIENTED_EDGE('',*,*,#2381,.F.);
#1002=ORIENTED_EDGE('',*,*,#2381,.T.);
#1003=ORIENTED_EDGE('',*,*,#2238,.T.);
#1004=ORIENTED_EDGE('',*,*,#2382,.F.);
#1005=ORIENTED_EDGE('',*,*,#1928,.F.);
#1006=ORIENTED_EDGE('',*,*,#2382,.T.);
#1007=ORIENTED_EDGE('',*,*,#2241,.T.);
#1008=ORIENTED_EDGE('',*,*,#2383,.F.);
#1009=ORIENTED_EDGE('',*,*,#1929,.F.);
#1010=ORIENTED_EDGE('',*,*,#1930,.T.);
#1011=ORIENTED_EDGE('',*,*,#2383,.T.);
#1012=ORIENTED_EDGE('',*,*,#2240,.F.);
#1013=ORIENTED_EDGE('',*,*,#2380,.F.);
#1014=ORIENTED_EDGE('',*,*,#1946,.T.);
#1015=ORIENTED_EDGE('',*,*,#2384,.T.);
#1016=ORIENTED_EDGE('',*,*,#2243,.F.);
#1017=ORIENTED_EDGE('',*,*,#2385,.F.);
#1018=ORIENTED_EDGE('',*,*,#2385,.T.);
#1019=ORIENTED_EDGE('',*,*,#2242,.T.);
#1020=ORIENTED_EDGE('',*,*,#2386,.F.);
#1021=ORIENTED_EDGE('',*,*,#1947,.F.);
#1022=ORIENTED_EDGE('',*,*,#2386,.T.);
#1023=ORIENTED_EDGE('',*,*,#2246,.T.);
#1024=ORIENTED_EDGE('',*,*,#2387,.F.);
#1025=ORIENTED_EDGE('',*,*,#1948,.F.);
#1026=ORIENTED_EDGE('',*,*,#1949,.T.);
#1027=ORIENTED_EDGE('',*,*,#2387,.T.);
#1028=ORIENTED_EDGE('',*,*,#2245,.F.);
#1029=ORIENTED_EDGE('',*,*,#2388,.F.);
#1030=ORIENTED_EDGE('',*,*,#2388,.T.);
#1031=ORIENTED_EDGE('',*,*,#2244,.T.);
#1032=ORIENTED_EDGE('',*,*,#2384,.F.);
#1033=ORIENTED_EDGE('',*,*,#1950,.F.);
#1034=ORIENTED_EDGE('',*,*,#1922,.T.);
#1035=ORIENTED_EDGE('',*,*,#2389,.T.);
#1036=ORIENTED_EDGE('',*,*,#2248,.F.);
#1037=ORIENTED_EDGE('',*,*,#2390,.F.);
#1038=ORIENTED_EDGE('',*,*,#2390,.T.);
#1039=ORIENTED_EDGE('',*,*,#2247,.T.);
#1040=ORIENTED_EDGE('',*,*,#2391,.F.);
#1041=ORIENTED_EDGE('',*,*,#1923,.F.);
#1042=ORIENTED_EDGE('',*,*,#1924,.T.);
#1043=ORIENTED_EDGE('',*,*,#2391,.T.);
#1044=ORIENTED_EDGE('',*,*,#2251,.F.);
#1045=ORIENTED_EDGE('',*,*,#2392,.F.);
#1046=ORIENTED_EDGE('',*,*,#1925,.T.);
#1047=ORIENTED_EDGE('',*,*,#2392,.T.);
#1048=ORIENTED_EDGE('',*,*,#2250,.F.);
#1049=ORIENTED_EDGE('',*,*,#2393,.F.);
#1050=ORIENTED_EDGE('',*,*,#1926,.T.);
#1051=ORIENTED_EDGE('',*,*,#2393,.T.);
#1052=ORIENTED_EDGE('',*,*,#2249,.F.);
#1053=ORIENTED_EDGE('',*,*,#2389,.F.);
#1054=ORIENTED_EDGE('',*,*,#1951,.T.);
#1055=ORIENTED_EDGE('',*,*,#2394,.T.);
#1056=ORIENTED_EDGE('',*,*,#2253,.F.);
#1057=ORIENTED_EDGE('',*,*,#2395,.F.);
#1058=ORIENTED_EDGE('',*,*,#1952,.T.);
#1059=ORIENTED_EDGE('',*,*,#2395,.T.);
#1060=ORIENTED_EDGE('',*,*,#2252,.F.);
#1061=ORIENTED_EDGE('',*,*,#2396,.F.);
#1062=ORIENTED_EDGE('',*,*,#1953,.T.);
#1063=ORIENTED_EDGE('',*,*,#2396,.T.);
#1064=ORIENTED_EDGE('',*,*,#2255,.F.);
#1065=ORIENTED_EDGE('',*,*,#2397,.F.);
#1066=ORIENTED_EDGE('',*,*,#1954,.T.);
#1067=ORIENTED_EDGE('',*,*,#2397,.T.);
#1068=ORIENTED_EDGE('',*,*,#2254,.F.);
#1069=ORIENTED_EDGE('',*,*,#2394,.F.);
#1070=ORIENTED_EDGE('',*,*,#2398,.T.);
#1071=ORIENTED_EDGE('',*,*,#2217,.T.);
#1072=ORIENTED_EDGE('',*,*,#2399,.F.);
#1073=ORIENTED_EDGE('',*,*,#1919,.F.);
#1074=ORIENTED_EDGE('',*,*,#2399,.T.);
#1075=ORIENTED_EDGE('',*,*,#2220,.T.);
#1076=ORIENTED_EDGE('',*,*,#2400,.F.);
#1077=ORIENTED_EDGE('',*,*,#1920,.F.);
#1078=ORIENTED_EDGE('',*,*,#2400,.T.);
#1079=ORIENTED_EDGE('',*,*,#2219,.T.);
#1080=ORIENTED_EDGE('',*,*,#2401,.F.);
#1081=ORIENTED_EDGE('',*,*,#1921,.F.);
#1082=ORIENTED_EDGE('',*,*,#2401,.T.);
#1083=ORIENTED_EDGE('',*,*,#2218,.T.);
#1084=ORIENTED_EDGE('',*,*,#2398,.F.);
#1085=ORIENTED_EDGE('',*,*,#1918,.F.);
#1086=ORIENTED_EDGE('',*,*,#2402,.T.);
#1087=ORIENTED_EDGE('',*,*,#2214,.T.);
#1088=ORIENTED_EDGE('',*,*,#2403,.F.);
#1089=ORIENTED_EDGE('',*,*,#1916,.F.);
#1090=ORIENTED_EDGE('',*,*,#2403,.T.);
#1091=ORIENTED_EDGE('',*,*,#2216,.T.);
#1092=ORIENTED_EDGE('',*,*,#2404,.F.);
#1093=ORIENTED_EDGE('',*,*,#1917,.F.);
#1094=ORIENTED_EDGE('',*,*,#2404,.T.);
#1095=ORIENTED_EDGE('',*,*,#2215,.T.);
#1096=ORIENTED_EDGE('',*,*,#2402,.F.);
#1097=ORIENTED_EDGE('',*,*,#1915,.F.);
#1098=ORIENTED_EDGE('',*,*,#1911,.T.);
#1099=ORIENTED_EDGE('',*,*,#2405,.T.);
#1100=ORIENTED_EDGE('',*,*,#2257,.F.);
#1101=ORIENTED_EDGE('',*,*,#2406,.F.);
#1102=ORIENTED_EDGE('',*,*,#1912,.T.);
#1103=ORIENTED_EDGE('',*,*,#2406,.T.);
#1104=ORIENTED_EDGE('',*,*,#2256,.F.);
#1105=ORIENTED_EDGE('',*,*,#2407,.F.);
#1106=ORIENTED_EDGE('',*,*,#1913,.T.);
#1107=ORIENTED_EDGE('',*,*,#2407,.T.);
#1108=ORIENTED_EDGE('',*,*,#2259,.F.);
#1109=ORIENTED_EDGE('',*,*,#2408,.F.);
#1110=ORIENTED_EDGE('',*,*,#1914,.T.);
#1111=ORIENTED_EDGE('',*,*,#2408,.T.);
#1112=ORIENTED_EDGE('',*,*,#2258,.F.);
#1113=ORIENTED_EDGE('',*,*,#2405,.F.);
#1114=ORIENTED_EDGE('',*,*,#2409,.F.);
#1115=ORIENTED_EDGE('',*,*,#2410,.F.);
#1116=ORIENTED_EDGE('',*,*,#2411,.T.);
#1117=ORIENTED_EDGE('',*,*,#2191,.T.);
#1118=ORIENTED_EDGE('',*,*,#2196,.T.);
#1119=ORIENTED_EDGE('',*,*,#2412,.T.);
#1120=ORIENTED_EDGE('',*,*,#2094,.F.);
#1121=ORIENTED_EDGE('',*,*,#1733,.F.);
#1122=ORIENTED_EDGE('',*,*,#2140,.T.);
#1123=ORIENTED_EDGE('',*,*,#2413,.T.);
#1124=ORIENTED_EDGE('',*,*,#2095,.F.);
#1125=ORIENTED_EDGE('',*,*,#2412,.F.);
#1126=ORIENTED_EDGE('',*,*,#2199,.T.);
#1127=ORIENTED_EDGE('',*,*,#1963,.T.);
#1128=ORIENTED_EDGE('',*,*,#2177,.T.);
#1129=ORIENTED_EDGE('',*,*,#2414,.T.);
#1130=ORIENTED_EDGE('',*,*,#2415,.T.);
#1131=ORIENTED_EDGE('',*,*,#1735,.T.);
#1132=ORIENTED_EDGE('',*,*,#2096,.T.);
#1133=ORIENTED_EDGE('',*,*,#2413,.F.);
#1134=ORIENTED_EDGE('',*,*,#2139,.F.);
#1135=ORIENTED_EDGE('',*,*,#2176,.F.);
#1136=ORIENTED_EDGE('',*,*,#1972,.F.);
#1137=ORIENTED_EDGE('',*,*,#2375,.F.);
#1138=ORIENTED_EDGE('',*,*,#2202,.F.);
#1139=ORIENTED_EDGE('',*,*,#2416,.F.);
#1140=ORIENTED_EDGE('',*,*,#2417,.F.);
#1141=ORIENTED_EDGE('',*,*,#2414,.F.);
#1142=ORIENTED_EDGE('',*,*,#2418,.T.);
#1143=ORIENTED_EDGE('',*,*,#2200,.T.);
#1144=ORIENTED_EDGE('',*,*,#2207,.T.);
#1145=ORIENTED_EDGE('',*,*,#2210,.T.);
#1146=ORIENTED_EDGE('',*,*,#2419,.T.);
#1147=ORIENTED_EDGE('',*,*,#2410,.T.);
#1148=ORIENTED_EDGE('',*,*,#2201,.T.);
#1149=ORIENTED_EDGE('',*,*,#2418,.F.);
#1150=ORIENTED_EDGE('',*,*,#2416,.T.);
#1151=ORIENTED_EDGE('',*,*,#2192,.T.);
#1152=ORIENTED_EDGE('',*,*,#2411,.F.);
#1153=ORIENTED_EDGE('',*,*,#2419,.F.);
#1154=ORIENTED_EDGE('',*,*,#2213,.T.);
#1155=ORIENTED_EDGE('',*,*,#1967,.T.);
#1156=ORIENTED_EDGE('',*,*,#2420,.T.);
#1157=ORIENTED_EDGE('',*,*,#2114,.T.);
#1158=ORIENTED_EDGE('',*,*,#2421,.F.);
#1159=ORIENTED_EDGE('',*,*,#2136,.F.);
#1160=ORIENTED_EDGE('',*,*,#2422,.F.);
#1161=ORIENTED_EDGE('',*,*,#2423,.F.);
#1162=ORIENTED_EDGE('',*,*,#2424,.T.);
#1163=ORIENTED_EDGE('',*,*,#1974,.T.);
#1164=ORIENTED_EDGE('',*,*,#2175,.T.);
#1165=ORIENTED_EDGE('',*,*,#2137,.T.);
#1166=ORIENTED_EDGE('',*,*,#2421,.T.);
#1167=ORIENTED_EDGE('',*,*,#2113,.F.);
#1168=ORIENTED_EDGE('',*,*,#1738,.F.);
#1169=ORIENTED_EDGE('',*,*,#2425,.F.);
#1170=ORIENTED_EDGE('',*,*,#2186,.T.);
#1171=ORIENTED_EDGE('',*,*,#2426,.T.);
#1172=ORIENTED_EDGE('',*,*,#2111,.T.);
#1173=ORIENTED_EDGE('',*,*,#2420,.F.);
#1174=ORIENTED_EDGE('',*,*,#2135,.F.);
#1175=ORIENTED_EDGE('',*,*,#2313,.F.);
#1176=ORIENTED_EDGE('',*,*,#1976,.F.);
#1177=ORIENTED_EDGE('',*,*,#1975,.T.);
#1178=ORIENTED_EDGE('',*,*,#2424,.F.);
#1179=ORIENTED_EDGE('',*,*,#2427,.T.);
#1180=ORIENTED_EDGE('',*,*,#2187,.F.);
#1181=ORIENTED_EDGE('',*,*,#2425,.T.);
#1182=ORIENTED_EDGE('',*,*,#2428,.F.);
#1183=ORIENTED_EDGE('',*,*,#1736,.T.);
#1184=ORIENTED_EDGE('',*,*,#2112,.F.);
#1185=ORIENTED_EDGE('',*,*,#2426,.F.);
#1186=ORIENTED_EDGE('',*,*,#2185,.F.);
#1187=ORIENTED_EDGE('',*,*,#2180,.F.);
#1188=ORIENTED_EDGE('',*,*,#2429,.T.);
#1189=ORIENTED_EDGE('',*,*,#2423,.T.);
#1190=ORIENTED_EDGE('',*,*,#2430,.T.);
#1191=ORIENTED_EDGE('',*,*,#2429,.F.);
#1192=ORIENTED_EDGE('',*,*,#2179,.T.);
#1193=ORIENTED_EDGE('',*,*,#2188,.T.);
#1194=ORIENTED_EDGE('',*,*,#2427,.F.);
#1195=ORIENTED_EDGE('',*,*,#2132,.T.);
#1196=ORIENTED_EDGE('',*,*,#2431,.T.);
#1197=ORIENTED_EDGE('',*,*,#2116,.F.);
#1198=ORIENTED_EDGE('',*,*,#2432,.F.);
#1199=ORIENTED_EDGE('',*,*,#2151,.T.);
#1200=ORIENTED_EDGE('',*,*,#2433,.T.);
#1201=ORIENTED_EDGE('',*,*,#2118,.F.);
#1202=ORIENTED_EDGE('',*,*,#2434,.F.);
#1203=ORIENTED_EDGE('',*,*,#2152,.T.);
#1204=ORIENTED_EDGE('',*,*,#2434,.T.);
#1205=ORIENTED_EDGE('',*,*,#2117,.F.);
#1206=ORIENTED_EDGE('',*,*,#2431,.F.);
#1207=ORIENTED_EDGE('',*,*,#2432,.T.);
#1208=ORIENTED_EDGE('',*,*,#2115,.T.);
#1209=ORIENTED_EDGE('',*,*,#2435,.F.);
#1210=ORIENTED_EDGE('',*,*,#2310,.F.);
#1211=ORIENTED_EDGE('',*,*,#2133,.F.);
#1212=ORIENTED_EDGE('',*,*,#2150,.T.);
#1213=ORIENTED_EDGE('',*,*,#2311,.T.);
#1214=ORIENTED_EDGE('',*,*,#2435,.T.);
#1215=ORIENTED_EDGE('',*,*,#2119,.F.);
#1216=ORIENTED_EDGE('',*,*,#2433,.F.);
#1217=ORIENTED_EDGE('',*,*,#1846,.T.);
#1218=ORIENTED_EDGE('',*,*,#2436,.T.);
#1219=ORIENTED_EDGE('',*,*,#2437,.F.);
#1220=ORIENTED_EDGE('',*,*,#2438,.F.);
#1221=ORIENTED_EDGE('',*,*,#2439,.F.);
#1222=ORIENTED_EDGE('',*,*,#1847,.T.);
#1223=ORIENTED_EDGE('',*,*,#2438,.T.);
#1224=ORIENTED_EDGE('',*,*,#2440,.T.);
#1225=ORIENTED_EDGE('',*,*,#2097,.F.);
#1226=ORIENTED_EDGE('',*,*,#2441,.F.);
#1227=ORIENTED_EDGE('',*,*,#2145,.T.);
#1228=ORIENTED_EDGE('',*,*,#2146,.T.);
#1229=ORIENTED_EDGE('',*,*,#2441,.T.);
#1230=ORIENTED_EDGE('',*,*,#2100,.F.);
#1231=ORIENTED_EDGE('',*,*,#2442,.F.);
#1232=ORIENTED_EDGE('',*,*,#2443,.T.);
#1233=ORIENTED_EDGE('',*,*,#2147,.F.);
#1234=ORIENTED_EDGE('',*,*,#2442,.T.);
#1235=ORIENTED_EDGE('',*,*,#2099,.T.);
#1236=ORIENTED_EDGE('',*,*,#2444,.F.);
#1237=ORIENTED_EDGE('',*,*,#2436,.F.);
#1238=ORIENTED_EDGE('',*,*,#1845,.F.);
#1239=ORIENTED_EDGE('',*,*,#2098,.F.);
#1240=ORIENTED_EDGE('',*,*,#2440,.F.);
#1241=ORIENTED_EDGE('',*,*,#2437,.T.);
#1242=ORIENTED_EDGE('',*,*,#2444,.T.);
#1243=ORIENTED_EDGE('',*,*,#2153,.T.);
#1244=ORIENTED_EDGE('',*,*,#2445,.T.);
#1245=ORIENTED_EDGE('',*,*,#2102,.F.);
#1246=ORIENTED_EDGE('',*,*,#2446,.F.);
#1247=ORIENTED_EDGE('',*,*,#2154,.T.);
#1248=ORIENTED_EDGE('',*,*,#2446,.T.);
#1249=ORIENTED_EDGE('',*,*,#2101,.F.);
#1250=ORIENTED_EDGE('',*,*,#2447,.F.);
#1251=ORIENTED_EDGE('',*,*,#2155,.T.);
#1252=ORIENTED_EDGE('',*,*,#2447,.T.);
#1253=ORIENTED_EDGE('',*,*,#2103,.F.);
#1254=ORIENTED_EDGE('',*,*,#2445,.F.);
#1255=ORIENTED_EDGE('',*,*,#1850,.T.);
#1256=ORIENTED_EDGE('',*,*,#2448,.T.);
#1257=ORIENTED_EDGE('',*,*,#2449,.T.);
#1258=ORIENTED_EDGE('',*,*,#2450,.T.);
#1259=ORIENTED_EDGE('',*,*,#2451,.T.);
#1260=ORIENTED_EDGE('',*,*,#2451,.F.);
#1261=ORIENTED_EDGE('',*,*,#2452,.T.);
#1262=ORIENTED_EDGE('',*,*,#2086,.T.);
#1263=ORIENTED_EDGE('',*,*,#2453,.F.);
#1264=ORIENTED_EDGE('',*,*,#2143,.F.);
#1265=ORIENTED_EDGE('',*,*,#1851,.F.);
#1266=ORIENTED_EDGE('',*,*,#2454,.T.);
#1267=ORIENTED_EDGE('',*,*,#2144,.F.);
#1268=ORIENTED_EDGE('',*,*,#2453,.T.);
#1269=ORIENTED_EDGE('',*,*,#2089,.T.);
#1270=ORIENTED_EDGE('',*,*,#2455,.F.);
#1271=ORIENTED_EDGE('',*,*,#2448,.F.);
#1272=ORIENTED_EDGE('',*,*,#1849,.F.);
#1273=ORIENTED_EDGE('',*,*,#2088,.T.);
#1274=ORIENTED_EDGE('',*,*,#2456,.F.);
#1275=ORIENTED_EDGE('',*,*,#2449,.F.);
#1276=ORIENTED_EDGE('',*,*,#2455,.T.);
#1277=ORIENTED_EDGE('',*,*,#2457,.T.);
#1278=ORIENTED_EDGE('',*,*,#2087,.T.);
#1279=ORIENTED_EDGE('',*,*,#2452,.F.);
#1280=ORIENTED_EDGE('',*,*,#2450,.F.);
#1281=ORIENTED_EDGE('',*,*,#2456,.T.);
#1282=ORIENTED_EDGE('',*,*,#2458,.T.);
#1283=ORIENTED_EDGE('',*,*,#2082,.T.);
#1284=ORIENTED_EDGE('',*,*,#2459,.F.);
#1285=ORIENTED_EDGE('',*,*,#2157,.F.);
#1286=ORIENTED_EDGE('',*,*,#2459,.T.);
#1287=ORIENTED_EDGE('',*,*,#2085,.T.);
#1288=ORIENTED_EDGE('',*,*,#2460,.F.);
#1289=ORIENTED_EDGE('',*,*,#2158,.F.);
#1290=ORIENTED_EDGE('',*,*,#2460,.T.);
#1291=ORIENTED_EDGE('',*,*,#2084,.T.);
#1292=ORIENTED_EDGE('',*,*,#2461,.F.);
#1293=ORIENTED_EDGE('',*,*,#2159,.F.);
#1294=ORIENTED_EDGE('',*,*,#2461,.T.);
#1295=ORIENTED_EDGE('',*,*,#2083,.T.);
#1296=ORIENTED_EDGE('',*,*,#2458,.F.);
#1297=ORIENTED_EDGE('',*,*,#2156,.F.);
#1298=ORIENTED_EDGE('',*,*,#2160,.T.);
#1299=ORIENTED_EDGE('',*,*,#2462,.T.);
#1300=ORIENTED_EDGE('',*,*,#2108,.F.);
#1301=ORIENTED_EDGE('',*,*,#2463,.F.);
#1302=ORIENTED_EDGE('',*,*,#2463,.T.);
#1303=ORIENTED_EDGE('',*,*,#2107,.T.);
#1304=ORIENTED_EDGE('',*,*,#2464,.F.);
#1305=ORIENTED_EDGE('',*,*,#2161,.F.);
#1306=ORIENTED_EDGE('',*,*,#2464,.T.);
#1307=ORIENTED_EDGE('',*,*,#2110,.T.);
#1308=ORIENTED_EDGE('',*,*,#2465,.F.);
#1309=ORIENTED_EDGE('',*,*,#2162,.F.);
#1310=ORIENTED_EDGE('',*,*,#2163,.T.);
#1311=ORIENTED_EDGE('',*,*,#2465,.T.);
#1312=ORIENTED_EDGE('',*,*,#2109,.F.);
#1313=ORIENTED_EDGE('',*,*,#2462,.F.);
#1314=ORIENTED_EDGE('',*,*,#2128,.T.);
#1315=ORIENTED_EDGE('',*,*,#2466,.T.);
#1316=ORIENTED_EDGE('',*,*,#2121,.F.);
#1317=ORIENTED_EDGE('',*,*,#2467,.F.);
#1318=ORIENTED_EDGE('',*,*,#2129,.T.);
#1319=ORIENTED_EDGE('',*,*,#2467,.T.);
#1320=ORIENTED_EDGE('',*,*,#2120,.F.);
#1321=ORIENTED_EDGE('',*,*,#2468,.F.);
#1322=ORIENTED_EDGE('',*,*,#2130,.T.);
#1323=ORIENTED_EDGE('',*,*,#2468,.T.);
#1324=ORIENTED_EDGE('',*,*,#2123,.F.);
#1325=ORIENTED_EDGE('',*,*,#2469,.F.);
#1326=ORIENTED_EDGE('',*,*,#2131,.T.);
#1327=ORIENTED_EDGE('',*,*,#2469,.T.);
#1328=ORIENTED_EDGE('',*,*,#2122,.F.);
#1329=ORIENTED_EDGE('',*,*,#2466,.F.);
#1330=ORIENTED_EDGE('',*,*,#2470,.T.);
#1331=ORIENTED_EDGE('',*,*,#2078,.T.);
#1332=ORIENTED_EDGE('',*,*,#2471,.F.);
#1333=ORIENTED_EDGE('',*,*,#2165,.F.);
#1334=ORIENTED_EDGE('',*,*,#2471,.T.);
#1335=ORIENTED_EDGE('',*,*,#2081,.T.);
#1336=ORIENTED_EDGE('',*,*,#2472,.F.);
#1337=ORIENTED_EDGE('',*,*,#2166,.F.);
#1338=ORIENTED_EDGE('',*,*,#2472,.T.);
#1339=ORIENTED_EDGE('',*,*,#2080,.T.);
#1340=ORIENTED_EDGE('',*,*,#2473,.F.);
#1341=ORIENTED_EDGE('',*,*,#2167,.F.);
#1342=ORIENTED_EDGE('',*,*,#2473,.T.);
#1343=ORIENTED_EDGE('',*,*,#2079,.T.);
#1344=ORIENTED_EDGE('',*,*,#2470,.F.);
#1345=ORIENTED_EDGE('',*,*,#2164,.F.);
#1346=ORIENTED_EDGE('',*,*,#2474,.T.);
#1347=ORIENTED_EDGE('',*,*,#2075,.T.);
#1348=ORIENTED_EDGE('',*,*,#2475,.F.);
#1349=ORIENTED_EDGE('',*,*,#2169,.F.);
#1350=ORIENTED_EDGE('',*,*,#2475,.T.);
#1351=ORIENTED_EDGE('',*,*,#2077,.T.);
#1352=ORIENTED_EDGE('',*,*,#2476,.F.);
#1353=ORIENTED_EDGE('',*,*,#2170,.F.);
#1354=ORIENTED_EDGE('',*,*,#2476,.T.);
#1355=ORIENTED_EDGE('',*,*,#2076,.T.);
#1356=ORIENTED_EDGE('',*,*,#2474,.F.);
#1357=ORIENTED_EDGE('',*,*,#2168,.F.);
#1358=ORIENTED_EDGE('',*,*,#2171,.T.);
#1359=ORIENTED_EDGE('',*,*,#2477,.T.);
#1360=ORIENTED_EDGE('',*,*,#2125,.F.);
#1361=ORIENTED_EDGE('',*,*,#2478,.F.);
#1362=ORIENTED_EDGE('',*,*,#2172,.T.);
#1363=ORIENTED_EDGE('',*,*,#2478,.T.);
#1364=ORIENTED_EDGE('',*,*,#2124,.F.);
#1365=ORIENTED_EDGE('',*,*,#2479,.F.);
#1366=ORIENTED_EDGE('',*,*,#2173,.T.);
#1367=ORIENTED_EDGE('',*,*,#2479,.T.);
#1368=ORIENTED_EDGE('',*,*,#2127,.F.);
#1369=ORIENTED_EDGE('',*,*,#2480,.F.);
#1370=ORIENTED_EDGE('',*,*,#2174,.T.);
#1371=ORIENTED_EDGE('',*,*,#2480,.T.);
#1372=ORIENTED_EDGE('',*,*,#2126,.F.);
#1373=ORIENTED_EDGE('',*,*,#2477,.F.);
#1374=ORIENTED_EDGE('',*,*,#2481,.F.);
#1375=ORIENTED_EDGE('',*,*,#2482,.F.);
#1376=ORIENTED_EDGE('',*,*,#2483,.T.);
#1377=ORIENTED_EDGE('',*,*,#2484,.T.);
#1378=ORIENTED_EDGE('',*,*,#2105,.F.);
#1379=ORIENTED_EDGE('',*,*,#2485,.F.);
#1380=ORIENTED_EDGE('',*,*,#2482,.T.);
#1381=ORIENTED_EDGE('',*,*,#2486,.T.);
#1382=ORIENTED_EDGE('',*,*,#2485,.T.);
#1383=ORIENTED_EDGE('',*,*,#2104,.T.);
#1384=ORIENTED_EDGE('',*,*,#2487,.F.);
#1385=ORIENTED_EDGE('',*,*,#2488,.F.);
#1386=ORIENTED_EDGE('',*,*,#2106,.T.);
#1387=ORIENTED_EDGE('',*,*,#2484,.F.);
#1388=ORIENTED_EDGE('',*,*,#2489,.F.);
#1389=ORIENTED_EDGE('',*,*,#2487,.T.);
#1390=ORIENTED_EDGE('',*,*,#2483,.F.);
#1391=ORIENTED_EDGE('',*,*,#2488,.T.);
#1392=ORIENTED_EDGE('',*,*,#2489,.T.);
#1393=ORIENTED_EDGE('',*,*,#1835,.T.);
#1394=ORIENTED_EDGE('',*,*,#2490,.T.);
#1395=ORIENTED_EDGE('',*,*,#1774,.F.);
#1396=ORIENTED_EDGE('',*,*,#2491,.F.);
#1397=ORIENTED_EDGE('',*,*,#2491,.T.);
#1398=ORIENTED_EDGE('',*,*,#1773,.T.);
#1399=ORIENTED_EDGE('',*,*,#2492,.F.);
#1400=ORIENTED_EDGE('',*,*,#1836,.F.);
#1401=ORIENTED_EDGE('',*,*,#1834,.T.);
#1402=ORIENTED_EDGE('',*,*,#2493,.T.);
#1403=ORIENTED_EDGE('',*,*,#1775,.F.);
#1404=ORIENTED_EDGE('',*,*,#2490,.F.);
#1405=ORIENTED_EDGE('',*,*,#2038,.T.);
#1406=ORIENTED_EDGE('',*,*,#2045,.T.);
#1407=ORIENTED_EDGE('',*,*,#2048,.T.);
#1408=ORIENTED_EDGE('',*,*,#2494,.T.);
#1409=ORIENTED_EDGE('',*,*,#2495,.T.);
#1410=ORIENTED_EDGE('',*,*,#1783,.F.);
#1411=ORIENTED_EDGE('',*,*,#2496,.F.);
#1412=ORIENTED_EDGE('',*,*,#2497,.T.);
#1413=ORIENTED_EDGE('',*,*,#2498,.T.);
#1414=ORIENTED_EDGE('',*,*,#2031,.F.);
#1415=ORIENTED_EDGE('',*,*,#1860,.F.);
#1416=ORIENTED_EDGE('',*,*,#2499,.F.);
#1417=ORIENTED_EDGE('',*,*,#2052,.F.);
#1418=ORIENTED_EDGE('',*,*,#2329,.F.);
#1419=ORIENTED_EDGE('',*,*,#2040,.F.);
#1420=ORIENTED_EDGE('',*,*,#2500,.F.);
#1421=ORIENTED_EDGE('',*,*,#2496,.T.);
#1422=ORIENTED_EDGE('',*,*,#1782,.T.);
#1423=ORIENTED_EDGE('',*,*,#2501,.F.);
#1424=ORIENTED_EDGE('',*,*,#1814,.F.);
#1425=ORIENTED_EDGE('',*,*,#2039,.T.);
#1426=ORIENTED_EDGE('',*,*,#2497,.F.);
#1427=ORIENTED_EDGE('',*,*,#2500,.T.);
#1428=ORIENTED_EDGE('',*,*,#2053,.T.);
#1429=ORIENTED_EDGE('',*,*,#2499,.T.);
#1430=ORIENTED_EDGE('',*,*,#1859,.T.);
#1431=ORIENTED_EDGE('',*,*,#2067,.T.);
#1432=ORIENTED_EDGE('',*,*,#2502,.F.);
#1433=ORIENTED_EDGE('',*,*,#2494,.F.);
#1434=ORIENTED_EDGE('',*,*,#2503,.F.);
#1435=ORIENTED_EDGE('',*,*,#2066,.T.);
#1436=ORIENTED_EDGE('',*,*,#2071,.T.);
#1437=ORIENTED_EDGE('',*,*,#2504,.T.);
#1438=ORIENTED_EDGE('',*,*,#1780,.F.);
#1439=ORIENTED_EDGE('',*,*,#2495,.F.);
#1440=ORIENTED_EDGE('',*,*,#2502,.T.);
#1441=ORIENTED_EDGE('',*,*,#1815,.T.);
#1442=ORIENTED_EDGE('',*,*,#2501,.T.);
#1443=ORIENTED_EDGE('',*,*,#1781,.F.);
#1444=ORIENTED_EDGE('',*,*,#2504,.F.);
#1445=ORIENTED_EDGE('',*,*,#2074,.T.);
#1446=ORIENTED_EDGE('',*,*,#1855,.T.);
#1447=ORIENTED_EDGE('',*,*,#2032,.T.);
#1448=ORIENTED_EDGE('',*,*,#2505,.T.);
#1449=ORIENTED_EDGE('',*,*,#1798,.T.);
#1450=ORIENTED_EDGE('',*,*,#2506,.F.);
#1451=ORIENTED_EDGE('',*,*,#1811,.F.);
#1452=ORIENTED_EDGE('',*,*,#2507,.F.);
#1453=ORIENTED_EDGE('',*,*,#1812,.T.);
#1454=ORIENTED_EDGE('',*,*,#2506,.T.);
#1455=ORIENTED_EDGE('',*,*,#1797,.F.);
#1456=ORIENTED_EDGE('',*,*,#2508,.F.);
#1457=ORIENTED_EDGE('',*,*,#2509,.T.);
#1458=ORIENTED_EDGE('',*,*,#1862,.T.);
#1459=ORIENTED_EDGE('',*,*,#2030,.T.);
#1460=ORIENTED_EDGE('',*,*,#2309,.F.);
#1461=ORIENTED_EDGE('',*,*,#1841,.F.);
#1462=ORIENTED_EDGE('',*,*,#2510,.F.);
#1463=ORIENTED_EDGE('',*,*,#2061,.T.);
#1464=ORIENTED_EDGE('',*,*,#2511,.T.);
#1465=ORIENTED_EDGE('',*,*,#1799,.T.);
#1466=ORIENTED_EDGE('',*,*,#2505,.F.);
#1467=ORIENTED_EDGE('',*,*,#1810,.F.);
#1468=ORIENTED_EDGE('',*,*,#1840,.T.);
#1469=ORIENTED_EDGE('',*,*,#2509,.F.);
#1470=ORIENTED_EDGE('',*,*,#2512,.T.);
#1471=ORIENTED_EDGE('',*,*,#2062,.F.);
#1472=ORIENTED_EDGE('',*,*,#2510,.T.);
#1473=ORIENTED_EDGE('',*,*,#2513,.F.);
#1474=ORIENTED_EDGE('',*,*,#2514,.T.);
#1475=ORIENTED_EDGE('',*,*,#1795,.F.);
#1476=ORIENTED_EDGE('',*,*,#2511,.F.);
#1477=ORIENTED_EDGE('',*,*,#2060,.F.);
#1478=ORIENTED_EDGE('',*,*,#2055,.F.);
#1479=ORIENTED_EDGE('',*,*,#2054,.T.);
#1480=ORIENTED_EDGE('',*,*,#2063,.T.);
#1481=ORIENTED_EDGE('',*,*,#2512,.F.);
#1482=ORIENTED_EDGE('',*,*,#2508,.T.);
#1483=ORIENTED_EDGE('',*,*,#1796,.T.);
#1484=ORIENTED_EDGE('',*,*,#2514,.F.);
#1485=ORIENTED_EDGE('',*,*,#1958,.T.);
#1486=ORIENTED_EDGE('',*,*,#2515,.T.);
#1487=ORIENTED_EDGE('',*,*,#1743,.T.);
#1488=ORIENTED_EDGE('',*,*,#2516,.T.);
#1489=ORIENTED_EDGE('',*,*,#2517,.F.);
#1490=ORIENTED_EDGE('',*,*,#2518,.T.);
#1491=ORIENTED_EDGE('',*,*,#1740,.F.);
#1492=ORIENTED_EDGE('',*,*,#2515,.F.);
#1493=ORIENTED_EDGE('',*,*,#1957,.F.);
#1494=ORIENTED_EDGE('',*,*,#2035,.F.);
#1495=ORIENTED_EDGE('',*,*,#1989,.T.);
#1496=ORIENTED_EDGE('',*,*,#2519,.T.);
#1497=ORIENTED_EDGE('',*,*,#1784,.T.);
#1498=ORIENTED_EDGE('',*,*,#1742,.T.);
#1499=ORIENTED_EDGE('',*,*,#2520,.T.);
#1500=ORIENTED_EDGE('',*,*,#2521,.T.);
#1501=ORIENTED_EDGE('',*,*,#1786,.T.);
#1502=ORIENTED_EDGE('',*,*,#2522,.F.);
#1503=ORIENTED_EDGE('',*,*,#2314,.F.);
#1504=ORIENTED_EDGE('',*,*,#1959,.F.);
#1505=ORIENTED_EDGE('',*,*,#2516,.F.);
#1506=ORIENTED_EDGE('',*,*,#1988,.T.);
#1507=ORIENTED_EDGE('',*,*,#2315,.F.);
#1508=ORIENTED_EDGE('',*,*,#2522,.T.);
#1509=ORIENTED_EDGE('',*,*,#1785,.T.);
#1510=ORIENTED_EDGE('',*,*,#2519,.F.);
#1511=ORIENTED_EDGE('',*,*,#2521,.F.);
#1512=ORIENTED_EDGE('',*,*,#2523,.T.);
#1513=ORIENTED_EDGE('',*,*,#2517,.T.);
#1514=ORIENTED_EDGE('',*,*,#1787,.T.);
#1515=ORIENTED_EDGE('',*,*,#1981,.T.);
#1516=ORIENTED_EDGE('',*,*,#2524,.T.);
#1517=ORIENTED_EDGE('',*,*,#2525,.F.);
#1518=ORIENTED_EDGE('',*,*,#2526,.F.);
#1519=ORIENTED_EDGE('',*,*,#2527,.F.);
#1520=ORIENTED_EDGE('',*,*,#1747,.T.);
#1521=ORIENTED_EDGE('',*,*,#1758,.F.);
#1522=ORIENTED_EDGE('',*,*,#2528,.F.);
#1523=ORIENTED_EDGE('',*,*,#1983,.F.);
#1524=ORIENTED_EDGE('',*,*,#2034,.T.);
#1525=ORIENTED_EDGE('',*,*,#1955,.T.);
#1526=ORIENTED_EDGE('',*,*,#2526,.T.);
#1527=ORIENTED_EDGE('',*,*,#2529,.T.);
#1528=ORIENTED_EDGE('',*,*,#1745,.F.);
#1529=ORIENTED_EDGE('',*,*,#2530,.T.);
#1530=ORIENTED_EDGE('',*,*,#2531,.F.);
#1531=ORIENTED_EDGE('',*,*,#2524,.F.);
#1532=ORIENTED_EDGE('',*,*,#1980,.F.);
#1533=ORIENTED_EDGE('',*,*,#2036,.F.);
#1534=ORIENTED_EDGE('',*,*,#1990,.T.);
#1535=ORIENTED_EDGE('',*,*,#2004,.F.);
#1536=ORIENTED_EDGE('',*,*,#2011,.F.);
#1537=ORIENTED_EDGE('',*,*,#2532,.T.);
#1538=ORIENTED_EDGE('',*,*,#1756,.T.);
#1539=ORIENTED_EDGE('',*,*,#2533,.F.);
#1540=ORIENTED_EDGE('',*,*,#2529,.F.);
#1541=ORIENTED_EDGE('',*,*,#2525,.T.);
#1542=ORIENTED_EDGE('',*,*,#2531,.T.);
#1543=ORIENTED_EDGE('',*,*,#2528,.T.);
#1544=ORIENTED_EDGE('',*,*,#1757,.F.);
#1545=ORIENTED_EDGE('',*,*,#2532,.F.);
#1546=ORIENTED_EDGE('',*,*,#2010,.T.);
#1547=ORIENTED_EDGE('',*,*,#1997,.T.);
#1548=ORIENTED_EDGE('',*,*,#1984,.F.);
#1549=ORIENTED_EDGE('',*,*,#1807,.T.);
#1550=ORIENTED_EDGE('',*,*,#2534,.T.);
#1551=ORIENTED_EDGE('',*,*,#1759,.F.);
#1552=ORIENTED_EDGE('',*,*,#2535,.F.);
#1553=ORIENTED_EDGE('',*,*,#1826,.T.);
#1554=ORIENTED_EDGE('',*,*,#2536,.T.);
#1555=ORIENTED_EDGE('',*,*,#1761,.F.);
#1556=ORIENTED_EDGE('',*,*,#2537,.F.);
#1557=ORIENTED_EDGE('',*,*,#1827,.T.);
#1558=ORIENTED_EDGE('',*,*,#2537,.T.);
#1559=ORIENTED_EDGE('',*,*,#1760,.F.);
#1560=ORIENTED_EDGE('',*,*,#2534,.F.);
#1561=ORIENTED_EDGE('',*,*,#2535,.T.);
#1562=ORIENTED_EDGE('',*,*,#1763,.T.);
#1563=ORIENTED_EDGE('',*,*,#2538,.F.);
#1564=ORIENTED_EDGE('',*,*,#2306,.F.);
#1565=ORIENTED_EDGE('',*,*,#1808,.F.);
#1566=ORIENTED_EDGE('',*,*,#1825,.T.);
#1567=ORIENTED_EDGE('',*,*,#2307,.T.);
#1568=ORIENTED_EDGE('',*,*,#2538,.T.);
#1569=ORIENTED_EDGE('',*,*,#1762,.F.);
#1570=ORIENTED_EDGE('',*,*,#2536,.F.);
#1571=ORIENTED_EDGE('',*,*,#1820,.T.);
#1572=ORIENTED_EDGE('',*,*,#2539,.T.);
#1573=ORIENTED_EDGE('',*,*,#1767,.F.);
#1574=ORIENTED_EDGE('',*,*,#2540,.F.);
#1575=ORIENTED_EDGE('',*,*,#2018,.T.);
#1576=ORIENTED_EDGE('',*,*,#2541,.T.);
#1577=ORIENTED_EDGE('',*,*,#1765,.F.);
#1578=ORIENTED_EDGE('',*,*,#2542,.F.);
#1579=ORIENTED_EDGE('',*,*,#1819,.T.);
#1580=ORIENTED_EDGE('',*,*,#2026,.F.);
#1581=ORIENTED_EDGE('',*,*,#2019,.T.);
#1582=ORIENTED_EDGE('',*,*,#2542,.T.);
#1583=ORIENTED_EDGE('',*,*,#1764,.F.);
#1584=ORIENTED_EDGE('',*,*,#2539,.F.);
#1585=ORIENTED_EDGE('',*,*,#1821,.T.);
#1586=ORIENTED_EDGE('',*,*,#2540,.T.);
#1587=ORIENTED_EDGE('',*,*,#1766,.F.);
#1588=ORIENTED_EDGE('',*,*,#2541,.F.);
#1589=ORIENTED_EDGE('',*,*,#2017,.T.);
#1590=ORIENTED_EDGE('',*,*,#2028,.F.);
#1591=ORIENTED_EDGE('',*,*,#2013,.T.);
#1592=ORIENTED_EDGE('',*,*,#2543,.T.);
#1593=ORIENTED_EDGE('',*,*,#1800,.F.);
#1594=ORIENTED_EDGE('',*,*,#2544,.F.);
#1595=ORIENTED_EDGE('',*,*,#2000,.T.);
#1596=ORIENTED_EDGE('',*,*,#2014,.T.);
#1597=ORIENTED_EDGE('',*,*,#2544,.T.);
#1598=ORIENTED_EDGE('',*,*,#1802,.F.);
#1599=ORIENTED_EDGE('',*,*,#2545,.F.);
#1600=ORIENTED_EDGE('',*,*,#1994,.F.);
#1601=ORIENTED_EDGE('',*,*,#2545,.T.);
#1602=ORIENTED_EDGE('',*,*,#1801,.F.);
#1603=ORIENTED_EDGE('',*,*,#2543,.F.);
#1604=ORIENTED_EDGE('',*,*,#2012,.T.);
#1605=ORIENTED_EDGE('',*,*,#2005,.T.);
#1606=ORIENTED_EDGE('',*,*,#1995,.F.);
#1607=ORIENTED_EDGE('',*,*,#2022,.T.);
#1608=ORIENTED_EDGE('',*,*,#2546,.T.);
#1609=ORIENTED_EDGE('',*,*,#1803,.F.);
#1610=ORIENTED_EDGE('',*,*,#2547,.F.);
#1611=ORIENTED_EDGE('',*,*,#2023,.T.);
#1612=ORIENTED_EDGE('',*,*,#2547,.T.);
#1613=ORIENTED_EDGE('',*,*,#1806,.F.);
#1614=ORIENTED_EDGE('',*,*,#2548,.F.);
#1615=ORIENTED_EDGE('',*,*,#2024,.T.);
#1616=ORIENTED_EDGE('',*,*,#2548,.T.);
#1617=ORIENTED_EDGE('',*,*,#1805,.F.);
#1618=ORIENTED_EDGE('',*,*,#2549,.F.);
#1619=ORIENTED_EDGE('',*,*,#2025,.T.);
#1620=ORIENTED_EDGE('',*,*,#2549,.T.);
#1621=ORIENTED_EDGE('',*,*,#1804,.F.);
#1622=ORIENTED_EDGE('',*,*,#2546,.F.);
#1623=ORIENTED_EDGE('',*,*,#2550,.T.);
#1624=ORIENTED_EDGE('',*,*,#1753,.T.);
#1625=ORIENTED_EDGE('',*,*,#2551,.F.);
#1626=ORIENTED_EDGE('',*,*,#2007,.F.);
#1627=ORIENTED_EDGE('',*,*,#2551,.T.);
#1628=ORIENTED_EDGE('',*,*,#1752,.T.);
#1629=ORIENTED_EDGE('',*,*,#2552,.F.);
#1630=ORIENTED_EDGE('',*,*,#2008,.F.);
#1631=ORIENTED_EDGE('',*,*,#2552,.T.);
#1632=ORIENTED_EDGE('',*,*,#1755,.T.);
#1633=ORIENTED_EDGE('',*,*,#2553,.F.);
#1634=ORIENTED_EDGE('',*,*,#2009,.F.);
#1635=ORIENTED_EDGE('',*,*,#2553,.T.);
#1636=ORIENTED_EDGE('',*,*,#1754,.T.);
#1637=ORIENTED_EDGE('',*,*,#2550,.F.);
#1638=ORIENTED_EDGE('',*,*,#2006,.F.);
#1639=ORIENTED_EDGE('',*,*,#2554,.T.);
#1640=ORIENTED_EDGE('',*,*,#1771,.T.);
#1641=ORIENTED_EDGE('',*,*,#2555,.F.);
#1642=ORIENTED_EDGE('',*,*,#1838,.F.);
#1643=ORIENTED_EDGE('',*,*,#2555,.T.);
#1644=ORIENTED_EDGE('',*,*,#1770,.T.);
#1645=ORIENTED_EDGE('',*,*,#2556,.F.);
#1646=ORIENTED_EDGE('',*,*,#1839,.F.);
#1647=ORIENTED_EDGE('',*,*,#1832,.T.);
#1648=ORIENTED_EDGE('',*,*,#2556,.T.);
#1649=ORIENTED_EDGE('',*,*,#1769,.F.);
#1650=ORIENTED_EDGE('',*,*,#2557,.F.);
#1651=ORIENTED_EDGE('',*,*,#2557,.T.);
#1652=ORIENTED_EDGE('',*,*,#1768,.T.);
#1653=ORIENTED_EDGE('',*,*,#2493,.F.);
#1654=ORIENTED_EDGE('',*,*,#1833,.F.);
#1655=ORIENTED_EDGE('',*,*,#2492,.T.);
#1656=ORIENTED_EDGE('',*,*,#1772,.T.);
#1657=ORIENTED_EDGE('',*,*,#2554,.F.);
#1658=ORIENTED_EDGE('',*,*,#1837,.F.);
#1659=ORIENTED_EDGE('',*,*,#2558,.T.);
#1660=ORIENTED_EDGE('',*,*,#1792,.T.);
#1661=ORIENTED_EDGE('',*,*,#2559,.F.);
#1662=ORIENTED_EDGE('',*,*,#1829,.F.);
#1663=ORIENTED_EDGE('',*,*,#2559,.T.);
#1664=ORIENTED_EDGE('',*,*,#1791,.T.);
#1665=ORIENTED_EDGE('',*,*,#2560,.F.);
#1666=ORIENTED_EDGE('',*,*,#1830,.F.);
#1667=ORIENTED_EDGE('',*,*,#2560,.T.);
#1668=ORIENTED_EDGE('',*,*,#1794,.T.);
#1669=ORIENTED_EDGE('',*,*,#2561,.F.);
#1670=ORIENTED_EDGE('',*,*,#1831,.F.);
#1671=ORIENTED_EDGE('',*,*,#2561,.T.);
#1672=ORIENTED_EDGE('',*,*,#1793,.T.);
#1673=ORIENTED_EDGE('',*,*,#2558,.F.);
#1674=ORIENTED_EDGE('',*,*,#1828,.F.);
#1675=ORIENTED_EDGE('',*,*,#2562,.F.);
#1676=ORIENTED_EDGE('',*,*,#2563,.T.);
#1677=ORIENTED_EDGE('',*,*,#1788,.F.);
#1678=ORIENTED_EDGE('',*,*,#2564,.F.);
#1679=ORIENTED_EDGE('',*,*,#2565,.T.);
#1680=ORIENTED_EDGE('',*,*,#1750,.T.);
#1681=ORIENTED_EDGE('',*,*,#2566,.F.);
#1682=ORIENTED_EDGE('',*,*,#2567,.T.);
#1683=ORIENTED_EDGE('',*,*,#1748,.F.);
#1684=ORIENTED_EDGE('',*,*,#2568,.F.);
#1685=ORIENTED_EDGE('',*,*,#2564,.T.);
#1686=ORIENTED_EDGE('',*,*,#1790,.T.);
#1687=ORIENTED_EDGE('',*,*,#2563,.F.);
#1688=ORIENTED_EDGE('',*,*,#2569,.T.);
#1689=ORIENTED_EDGE('',*,*,#2566,.T.);
#1690=ORIENTED_EDGE('',*,*,#1789,.T.);
#1691=ORIENTED_EDGE('',*,*,#2565,.F.);
#1692=ORIENTED_EDGE('',*,*,#2568,.T.);
#1693=ORIENTED_EDGE('',*,*,#1751,.T.);
#1694=ORIENTED_EDGE('',*,*,#2318,.T.);
#1695=ORIENTED_EDGE('',*,*,#2518,.F.);
#1696=ORIENTED_EDGE('',*,*,#2523,.F.);
#1697=ORIENTED_EDGE('',*,*,#2520,.F.);
#1698=ORIENTED_EDGE('',*,*,#1741,.F.);
#1699=ORIENTED_EDGE('',*,*,#2567,.F.);
#1700=ORIENTED_EDGE('',*,*,#2569,.F.);
#1701=ORIENTED_EDGE('',*,*,#2562,.T.);
#1702=ORIENTED_EDGE('',*,*,#1749,.F.);
#1703=ORIENTED_EDGE('',*,*,#1744,.T.);
#1704=ORIENTED_EDGE('',*,*,#2527,.T.);
#1705=ORIENTED_EDGE('',*,*,#2533,.T.);
#1706=ORIENTED_EDGE('',*,*,#2530,.F.);
#1707=ORIENTED_EDGE('',*,*,#2322,.F.);
#1708=ORIENTED_EDGE('',*,*,#2513,.T.);
#1709=ORIENTED_EDGE('',*,*,#2321,.F.);
#1710=ORIENTED_EDGE('',*,*,#2507,.T.);
#1711=ORIENTED_EDGE('',*,*,#2498,.F.);
#1712=ORIENTED_EDGE('',*,*,#2317,.T.);
#1713=ORIENTED_EDGE('',*,*,#2503,.T.);
#1714=ORIENTED_EDGE('',*,*,#2320,.T.);
#1715=ORIENTED_EDGE('',*,*,#2481,.T.);
#1716=ORIENTED_EDGE('',*,*,#2486,.F.);
#1717=ORIENTED_EDGE('',*,*,#2457,.F.);
#1718=ORIENTED_EDGE('',*,*,#2439,.T.);
#1719=ORIENTED_EDGE('',*,*,#2454,.F.);
#1720=ORIENTED_EDGE('',*,*,#2443,.F.);
#1721=ORIENTED_EDGE('',*,*,#2324,.F.);
#1722=ORIENTED_EDGE('',*,*,#2319,.T.);
#1723=ORIENTED_EDGE('',*,*,#2428,.T.);
#1724=ORIENTED_EDGE('',*,*,#2430,.F.);
#1725=ORIENTED_EDGE('',*,*,#2422,.T.);
#1726=ORIENTED_EDGE('',*,*,#1737,.F.);
#1727=ORIENTED_EDGE('',*,*,#1732,.T.);
#1728=ORIENTED_EDGE('',*,*,#2415,.F.);
#1729=ORIENTED_EDGE('',*,*,#2417,.T.);
#1730=ORIENTED_EDGE('',*,*,#2409,.T.);
#1731=ORIENTED_EDGE('',*,*,#2323,.F.);
#1732=EDGE_CURVE('',#2570,#2571,#3134,.T.);
#1733=EDGE_CURVE('',#2570,#2572,#3135,.T.);
#1734=EDGE_CURVE('',#2573,#2572,#3136,.T.);
#1735=EDGE_CURVE('',#2571,#2573,#3137,.T.);
#1736=EDGE_CURVE('',#2574,#2575,#3138,.T.);
#1737=EDGE_CURVE('',#2574,#2576,#30,.T.);
#1738=EDGE_CURVE('',#2576,#2577,#3139,.T.);
#1739=EDGE_CURVE('',#2577,#2575,#3140,.T.);
#1740=EDGE_CURVE('',#2578,#2579,#3141,.T.);
#1741=EDGE_CURVE('',#2579,#2580,#31,.T.);
#1742=EDGE_CURVE('',#2581,#2580,#3142,.T.);
#1743=EDGE_CURVE('',#2578,#2581,#3143,.T.);
#1744=EDGE_CURVE('',#2582,#2583,#32,.T.);
#1745=EDGE_CURVE('',#2582,#2584,#3144,.T.);
#1746=EDGE_CURVE('',#2585,#2584,#3145,.T.);
#1747=EDGE_CURVE('',#2583,#2585,#3146,.T.);
#1748=EDGE_CURVE('',#2586,#2587,#3147,.T.);
#1749=EDGE_CURVE('',#2587,#2588,#33,.T.);
#1750=EDGE_CURVE('',#2589,#2588,#3148,.T.);
#1751=EDGE_CURVE('',#2586,#2589,#3149,.T.);
#1752=EDGE_CURVE('',#2590,#2591,#3150,.T.);
#1753=EDGE_CURVE('',#2592,#2590,#3151,.T.);
#1754=EDGE_CURVE('',#2593,#2592,#3152,.T.);
#1755=EDGE_CURVE('',#2591,#2593,#3153,.T.);
#1756=EDGE_CURVE('',#2594,#2584,#3154,.T.);
#1757=EDGE_CURVE('',#2594,#2595,#3155,.T.);
#1758=EDGE_CURVE('',#2595,#2585,#3156,.T.);
#1759=EDGE_CURVE('',#2596,#2597,#3157,.T.);
#1760=EDGE_CURVE('',#2597,#2598,#3158,.T.);
#1761=EDGE_CURVE('',#2598,#2599,#3159,.T.);
#1762=EDGE_CURVE('',#2599,#2600,#3160,.T.);
#1763=EDGE_CURVE('',#2596,#2600,#3161,.T.);
#1764=EDGE_CURVE('',#2601,#2602,#3162,.T.);
#1765=EDGE_CURVE('',#2602,#2603,#3163,.T.);
#1766=EDGE_CURVE('',#2603,#2604,#3164,.T.);
#1767=EDGE_CURVE('',#2604,#2601,#3165,.T.);
#1768=EDGE_CURVE('',#2605,#2606,#3166,.T.);
#1769=EDGE_CURVE('',#2605,#2607,#3167,.T.);
#1770=EDGE_CURVE('',#2608,#2607,#3168,.T.);
#1771=EDGE_CURVE('',#2609,#2608,#3169,.T.);
#1772=EDGE_CURVE('',#2610,#2609,#3170,.T.);
#1773=EDGE_CURVE('',#2611,#2610,#3171,.T.);
#1774=EDGE_CURVE('',#2611,#2612,#3172,.T.);
#1775=EDGE_CURVE('',#2612,#2606,#3173,.T.);
#1776=EDGE_CURVE('',#2613,#2614,#3174,.T.);
#1777=EDGE_CURVE('',#2615,#2614,#3175,.T.);
#1778=EDGE_CURVE('',#2616,#2615,#3176,.T.);
#1779=EDGE_CURVE('',#2616,#2613,#3177,.T.);
#1780=EDGE_CURVE('',#2617,#2618,#3178,.T.);
#1781=EDGE_CURVE('',#2618,#2619,#3179,.T.);
#1782=EDGE_CURVE('',#2620,#2619,#3180,.T.);
#1783=EDGE_CURVE('',#2620,#2617,#3181,.T.);
#1784=EDGE_CURVE('',#2621,#2622,#3182,.T.);
#1785=EDGE_CURVE('',#2623,#2621,#3183,.T.);
#1786=EDGE_CURVE('',#2624,#2623,#3184,.T.);
#1787=EDGE_CURVE('',#2622,#2624,#3185,.T.);
#1788=EDGE_CURVE('',#2625,#2626,#3186,.T.);
#1789=EDGE_CURVE('',#2627,#2626,#3187,.T.);
#1790=EDGE_CURVE('',#2625,#2627,#3188,.T.);
#1791=EDGE_CURVE('',#2628,#2629,#3189,.T.);
#1792=EDGE_CURVE('',#2630,#2628,#3190,.T.);
#1793=EDGE_CURVE('',#2631,#2630,#3191,.T.);
#1794=EDGE_CURVE('',#2629,#2631,#3192,.T.);
#1795=EDGE_CURVE('',#2632,#2633,#3193,.T.);
#1796=EDGE_CURVE('',#2634,#2633,#3194,.T.);
#1797=EDGE_CURVE('',#2634,#2635,#3195,.T.);
#1798=EDGE_CURVE('',#2636,#2635,#3196,.T.);
#1799=EDGE_CURVE('',#2632,#2636,#3197,.T.);
#1800=EDGE_CURVE('',#2637,#2638,#3198,.T.);
#1801=EDGE_CURVE('',#2638,#2639,#3199,.T.);
#1802=EDGE_CURVE('',#2639,#2637,#3200,.T.);
#1803=EDGE_CURVE('',#2640,#2641,#3201,.T.);
#1804=EDGE_CURVE('',#2641,#2642,#3202,.T.);
#1805=EDGE_CURVE('',#2642,#2643,#3203,.T.);
#1806=EDGE_CURVE('',#2643,#2640,#3204,.T.);
#1807=EDGE_CURVE('',#2644,#2645,#3205,.T.);
#1808=EDGE_CURVE('',#2644,#2646,#3206,.T.);
#1809=EDGE_CURVE('',#2647,#2646,#3207,.T.);
#1810=EDGE_CURVE('',#2647,#2648,#3208,.T.);
#1811=EDGE_CURVE('',#2648,#2649,#3209,.T.);
#1812=EDGE_CURVE('',#2650,#2649,#3210,.T.);
#1813=EDGE_CURVE('',#2651,#2650,#3211,.T.);
#1814=EDGE_CURVE('',#2651,#2652,#3212,.T.);
#1815=EDGE_CURVE('',#2653,#2652,#3213,.T.);
#1816=EDGE_CURVE('',#2654,#2653,#3214,.T.);
#1817=EDGE_CURVE('',#2655,#2654,#3215,.T.);
#1818=EDGE_CURVE('',#2655,#2656,#3216,.T.);
#1819=EDGE_CURVE('',#2657,#2656,#3217,.T.);
#1820=EDGE_CURVE('',#2658,#2657,#3218,.T.);
#1821=EDGE_CURVE('',#2659,#2658,#3219,.T.);
#1822=EDGE_CURVE('',#2659,#2660,#3220,.T.);
#1823=EDGE_CURVE('',#2660,#2661,#3221,.T.);
#1824=EDGE_CURVE('',#2662,#2661,#3222,.T.);
#1825=EDGE_CURVE('',#2663,#2662,#3223,.T.);
#1826=EDGE_CURVE('',#2664,#2663,#3224,.T.);
#1827=EDGE_CURVE('',#2645,#2664,#3225,.T.);
#1828=EDGE_CURVE('',#2665,#2666,#3226,.T.);
#1829=EDGE_CURVE('',#2666,#2667,#3227,.T.);
#1830=EDGE_CURVE('',#2667,#2668,#3228,.T.);
#1831=EDGE_CURVE('',#2668,#2665,#3229,.T.);
#1832=EDGE_CURVE('',#2669,#2670,#3230,.T.);
#1833=EDGE_CURVE('',#2669,#2671,#3231,.T.);
#1834=EDGE_CURVE('',#2672,#2671,#3232,.T.);
#1835=EDGE_CURVE('',#2673,#2672,#3233,.T.);
#1836=EDGE_CURVE('',#2673,#2674,#3234,.T.);
#1837=EDGE_CURVE('',#2674,#2675,#3235,.T.);
#1838=EDGE_CURVE('',#2675,#2676,#3236,.T.);
#1839=EDGE_CURVE('',#2676,#2670,#3237,.T.);
#1840=EDGE_CURVE('',#2677,#2678,#3238,.T.);
#1841=EDGE_CURVE('',#2677,#2679,#3239,.T.);
#1842=EDGE_CURVE('',#2679,#2680,#3240,.T.);
#1843=EDGE_CURVE('',#2680,#2681,#3241,.T.);
#1844=EDGE_CURVE('',#2682,#2681,#3242,.T.);
#1845=EDGE_CURVE('',#2682,#2683,#3243,.T.);
#1846=EDGE_CURVE('',#2684,#2683,#3244,.T.);
#1847=EDGE_CURVE('',#2685,#2684,#3245,.T.);
#1848=EDGE_CURVE('',#2686,#2685,#3246,.T.);
#1849=EDGE_CURVE('',#2686,#2687,#3247,.T.);
#1850=EDGE_CURVE('',#2688,#2687,#3248,.T.);
#1851=EDGE_CURVE('',#2688,#2689,#3249,.T.);
#1852=EDGE_CURVE('',#2690,#2689,#3250,.T.);
#1853=EDGE_CURVE('',#2691,#2690,#3251,.T.);
#1854=EDGE_CURVE('',#2691,#2692,#3252,.T.);
#1855=EDGE_CURVE('',#2693,#2692,#3253,.T.);
#1856=EDGE_CURVE('',#2693,#2694,#3254,.T.);
#1857=EDGE_CURVE('',#2695,#2694,#3255,.T.);
#1858=EDGE_CURVE('',#2695,#2696,#3256,.T.);
#1859=EDGE_CURVE('',#2697,#2696,#3257,.T.);
#1860=EDGE_CURVE('',#2697,#2698,#3258,.T.);
#1861=EDGE_CURVE('',#2698,#2699,#3259,.T.);
#1862=EDGE_CURVE('',#2678,#2699,#3260,.T.);
#1863=EDGE_CURVE('',#2700,#2701,#3261,.T.);
#1864=EDGE_CURVE('',#2702,#2700,#3262,.T.);
#1865=EDGE_CURVE('',#2703,#2702,#3263,.T.);
#1866=EDGE_CURVE('',#2701,#2703,#3264,.T.);
#1867=EDGE_CURVE('',#2704,#2705,#3265,.T.);
#1868=EDGE_CURVE('',#2704,#2706,#3266,.T.);
#1869=EDGE_CURVE('',#2706,#2707,#3267,.T.);
#1870=EDGE_CURVE('',#2708,#2707,#3268,.T.);
#1871=EDGE_CURVE('',#2708,#2705,#3269,.T.);
#1872=EDGE_CURVE('',#2709,#2710,#3270,.T.);
#1873=EDGE_CURVE('',#2710,#2711,#3271,.T.);
#1874=EDGE_CURVE('',#2711,#2712,#3272,.T.);
#1875=EDGE_CURVE('',#2712,#2709,#3273,.T.);
#1876=EDGE_CURVE('',#2713,#2714,#3274,.T.);
#1877=EDGE_CURVE('',#2714,#2715,#3275,.T.);
#1878=EDGE_CURVE('',#2715,#2713,#3276,.T.);
#1879=EDGE_CURVE('',#2716,#2717,#3277,.T.);
#1880=EDGE_CURVE('',#2716,#2718,#3278,.T.);
#1881=EDGE_CURVE('',#2719,#2718,#3279,.T.);
#1882=EDGE_CURVE('',#2720,#2719,#3280,.T.);
#1883=EDGE_CURVE('',#2717,#2720,#3281,.T.);
#1884=EDGE_CURVE('',#2721,#2722,#3282,.T.);
#1885=EDGE_CURVE('',#2723,#2721,#3283,.T.);
#1886=EDGE_CURVE('',#2724,#2723,#3284,.T.);
#1887=EDGE_CURVE('',#2724,#2722,#3285,.T.);
#1888=EDGE_CURVE('',#2725,#2726,#3286,.T.);
#1889=EDGE_CURVE('',#2726,#2727,#3287,.T.);
#1890=EDGE_CURVE('',#2727,#2728,#3288,.T.);
#1891=EDGE_CURVE('',#2728,#2725,#3289,.T.);
#1892=EDGE_CURVE('',#2729,#2730,#3290,.T.);
#1893=EDGE_CURVE('',#2731,#2729,#3291,.T.);
#1894=EDGE_CURVE('',#2731,#2732,#3292,.T.);
#1895=EDGE_CURVE('',#2730,#2732,#3293,.T.);
#1896=EDGE_CURVE('',#2733,#2734,#3294,.T.);
#1897=EDGE_CURVE('',#2733,#2735,#3295,.T.);
#1898=EDGE_CURVE('',#2735,#2736,#3296,.T.);
#1899=EDGE_CURVE('',#2734,#2736,#3297,.T.);
#1900=EDGE_CURVE('',#2737,#2738,#3298,.T.);
#1901=EDGE_CURVE('',#2738,#2739,#3299,.T.);
#1902=EDGE_CURVE('',#2739,#2740,#3300,.T.);
#1903=EDGE_CURVE('',#2740,#2737,#3301,.T.);
#1904=EDGE_CURVE('',#2741,#2742,#3302,.T.);
#1905=EDGE_CURVE('',#2743,#2741,#3303,.T.);
#1906=EDGE_CURVE('',#2742,#2743,#3304,.T.);
#1907=EDGE_CURVE('',#2744,#2745,#3305,.T.);
#1908=EDGE_CURVE('',#2746,#2744,#3306,.T.);
#1909=EDGE_CURVE('',#2747,#2746,#3307,.T.);
#1910=EDGE_CURVE('',#2745,#2747,#3308,.T.);
#1911=EDGE_CURVE('',#2748,#2749,#3309,.T.);
#1912=EDGE_CURVE('',#2750,#2748,#3310,.T.);
#1913=EDGE_CURVE('',#2751,#2750,#3311,.T.);
#1914=EDGE_CURVE('',#2749,#2751,#3312,.T.);
#1915=EDGE_CURVE('',#2752,#2753,#3313,.T.);
#1916=EDGE_CURVE('',#2753,#2754,#3314,.T.);
#1917=EDGE_CURVE('',#2754,#2752,#3315,.T.);
#1918=EDGE_CURVE('',#2755,#2756,#3316,.T.);
#1919=EDGE_CURVE('',#2756,#2757,#3317,.T.);
#1920=EDGE_CURVE('',#2757,#2758,#3318,.T.);
#1921=EDGE_CURVE('',#2758,#2755,#3319,.T.);
#1922=EDGE_CURVE('',#2759,#2760,#3320,.T.);
#1923=EDGE_CURVE('',#2759,#2761,#3321,.T.);
#1924=EDGE_CURVE('',#2762,#2761,#3322,.T.);
#1925=EDGE_CURVE('',#2763,#2762,#3323,.T.);
#1926=EDGE_CURVE('',#2760,#2763,#3324,.T.);
#1927=EDGE_CURVE('',#2764,#2765,#3325,.T.);
#1928=EDGE_CURVE('',#2764,#2766,#3326,.T.);
#1929=EDGE_CURVE('',#2766,#2767,#3327,.T.);
#1930=EDGE_CURVE('',#2765,#2767,#3328,.T.);
#1931=EDGE_CURVE('',#2768,#2769,#3329,.T.);
#1932=EDGE_CURVE('',#2769,#2770,#3330,.T.);
#1933=EDGE_CURVE('',#2770,#2771,#3331,.T.);
#1934=EDGE_CURVE('',#2771,#2768,#3332,.T.);
#1935=EDGE_CURVE('',#2772,#2773,#3333,.T.);
#1936=EDGE_CURVE('',#2774,#2772,#3334,.T.);
#1937=EDGE_CURVE('',#2773,#2774,#3335,.T.);
#1938=EDGE_CURVE('',#2775,#2776,#3336,.T.);
#1939=EDGE_CURVE('',#2777,#2775,#3337,.T.);
#1940=EDGE_CURVE('',#2777,#2778,#3338,.T.);
#1941=EDGE_CURVE('',#2776,#2778,#3339,.T.);
#1942=EDGE_CURVE('',#2779,#2780,#3340,.T.);
#1943=EDGE_CURVE('',#2781,#2779,#3341,.T.);
#1944=EDGE_CURVE('',#2782,#2781,#3342,.T.);
#1945=EDGE_CURVE('',#2782,#2780,#3343,.T.);
#1946=EDGE_CURVE('',#2783,#2784,#3344,.T.);
#1947=EDGE_CURVE('',#2783,#2785,#3345,.T.);
#1948=EDGE_CURVE('',#2785,#2786,#3346,.T.);
#1949=EDGE_CURVE('',#2787,#2786,#3347,.T.);
#1950=EDGE_CURVE('',#2787,#2784,#3348,.T.);
#1951=EDGE_CURVE('',#2788,#2789,#3349,.T.);
#1952=EDGE_CURVE('',#2790,#2788,#3350,.T.);
#1953=EDGE_CURVE('',#2791,#2790,#3351,.T.);
#1954=EDGE_CURVE('',#2789,#2791,#3352,.T.);
#1955=EDGE_CURVE('',#2792,#2793,#3353,.T.);
#1956=EDGE_CURVE('',#2794,#2792,#3354,.T.);
#1957=EDGE_CURVE('',#2794,#2795,#3355,.T.);
#1958=EDGE_CURVE('',#2796,#2795,#3356,.T.);
#1959=EDGE_CURVE('',#2796,#2797,#3357,.T.);
#1960=EDGE_CURVE('',#2798,#2797,#3358,.T.);
#1961=EDGE_CURVE('',#2799,#2798,#3359,.T.);
#1962=EDGE_CURVE('',#2799,#2800,#3360,.T.);
#1963=EDGE_CURVE('',#2801,#2800,#3361,.T.);
#1964=EDGE_CURVE('',#2801,#2802,#3362,.T.);
#1965=EDGE_CURVE('',#2803,#2802,#3363,.T.);
#1966=EDGE_CURVE('',#2803,#2804,#3364,.T.);
#1967=EDGE_CURVE('',#2805,#2804,#3365,.T.);
#1968=EDGE_CURVE('',#2805,#2806,#3366,.T.);
#1969=EDGE_CURVE('',#2806,#2807,#3367,.T.);
#1970=EDGE_CURVE('',#2807,#2808,#3368,.T.);
#1971=EDGE_CURVE('',#2808,#2809,#3369,.T.);
#1972=EDGE_CURVE('',#2809,#2810,#3370,.T.);
#1973=EDGE_CURVE('',#2810,#2811,#3371,.T.);
#1974=EDGE_CURVE('',#2812,#2811,#3372,.T.);
#1975=EDGE_CURVE('',#2813,#2812,#3373,.T.);
#1976=EDGE_CURVE('',#2813,#2814,#3374,.T.);
#1977=EDGE_CURVE('',#2814,#2815,#3375,.T.);
#1978=EDGE_CURVE('',#2815,#2816,#3376,.T.);
#1979=EDGE_CURVE('',#2817,#2816,#3377,.T.);
#1980=EDGE_CURVE('',#2817,#2818,#3378,.T.);
#1981=EDGE_CURVE('',#2793,#2818,#3379,.T.);
#1982=EDGE_CURVE('',#2819,#2820,#3380,.T.);
#1983=EDGE_CURVE('',#2820,#2821,#3381,.T.);
#1984=EDGE_CURVE('',#2821,#2822,#3382,.T.);
#1985=EDGE_CURVE('',#2823,#2822,#3383,.T.);
#1986=EDGE_CURVE('',#2823,#2824,#3384,.T.);
#1987=EDGE_CURVE('',#2824,#2825,#3385,.T.);
#1988=EDGE_CURVE('',#2826,#2825,#3386,.T.);
#1989=EDGE_CURVE('',#2819,#2826,#3387,.T.);
#1990=EDGE_CURVE('',#2827,#2828,#3388,.T.);
#1991=EDGE_CURVE('',#2827,#2829,#3389,.T.);
#1992=EDGE_CURVE('',#2830,#2829,#3390,.T.);
#1993=EDGE_CURVE('',#2831,#2830,#3391,.T.);
#1994=EDGE_CURVE('',#2831,#2832,#3392,.T.);
#1995=EDGE_CURVE('',#2832,#2833,#3393,.T.);
#1996=EDGE_CURVE('',#2828,#2833,#3394,.T.);
#1997=EDGE_CURVE('',#2834,#2822,#3395,.T.);
#1998=EDGE_CURVE('',#2835,#2834,#3396,.T.);
#1999=EDGE_CURVE('',#2823,#2835,#3397,.T.);
#2000=EDGE_CURVE('',#2831,#2836,#3398,.T.);
#2001=EDGE_CURVE('',#2830,#2837,#3399,.T.);
#2002=EDGE_CURVE('',#2836,#2837,#3400,.T.);
#2003=EDGE_CURVE('',#2838,#2839,#3401,.T.);
#2004=EDGE_CURVE('',#2838,#2828,#3402,.T.);
#2005=EDGE_CURVE('',#2839,#2833,#3403,.T.);
#2006=EDGE_CURVE('',#2840,#2841,#3404,.T.);
#2007=EDGE_CURVE('',#2841,#2842,#3405,.T.);
#2008=EDGE_CURVE('',#2842,#2843,#3406,.T.);
#2009=EDGE_CURVE('',#2843,#2840,#3407,.T.);
#2010=EDGE_CURVE('',#2844,#2834,#3408,.T.);
#2011=EDGE_CURVE('',#2844,#2838,#3409,.T.);
#2012=EDGE_CURVE('',#2845,#2839,#3410,.T.);
#2013=EDGE_CURVE('',#2846,#2845,#3411,.T.);
#2014=EDGE_CURVE('',#2836,#2846,#3412,.T.);
#2015=EDGE_CURVE('',#2837,#2847,#3413,.T.);
#2016=EDGE_CURVE('',#2848,#2847,#3414,.T.);
#2017=EDGE_CURVE('',#2849,#2848,#3415,.T.);
#2018=EDGE_CURVE('',#2850,#2849,#3416,.T.);
#2019=EDGE_CURVE('',#2851,#2850,#3417,.T.);
#2020=EDGE_CURVE('',#2852,#2851,#3418,.T.);
#2021=EDGE_CURVE('',#2835,#2852,#3419,.T.);
#2022=EDGE_CURVE('',#2853,#2854,#3420,.T.);
#2023=EDGE_CURVE('',#2855,#2853,#3421,.T.);
#2024=EDGE_CURVE('',#2856,#2855,#3422,.T.);
#2025=EDGE_CURVE('',#2854,#2856,#3423,.T.);
#2026=EDGE_CURVE('',#2851,#2656,#3424,.T.);
#2027=EDGE_CURVE('',#2655,#2852,#3425,.T.);
#2028=EDGE_CURVE('',#2659,#2848,#3426,.T.);
#2029=EDGE_CURVE('',#2660,#2847,#3427,.T.);
#2030=EDGE_CURVE('',#2699,#2650,#3428,.T.);
#2031=EDGE_CURVE('',#2698,#2651,#3429,.T.);
#2032=EDGE_CURVE('',#2692,#2653,#3430,.T.);
#2033=EDGE_CURVE('',#2654,#2691,#3431,.T.);
#2034=EDGE_CURVE('',#2820,#2792,#3432,.T.);
#2035=EDGE_CURVE('',#2819,#2794,#3433,.T.);
#2036=EDGE_CURVE('',#2827,#2817,#3434,.T.);
#2037=EDGE_CURVE('',#2816,#2829,#3435,.T.);
#2038=EDGE_CURVE('',#2857,#2858,#3436,.T.);
#2039=EDGE_CURVE('',#2859,#2857,#3437,.T.);
#2040=EDGE_CURVE('',#2859,#2860,#3438,.T.);
#2041=EDGE_CURVE('',#2728,#2860,#3439,.T.);
#2042=EDGE_CURVE('',#2727,#2861,#3440,.T.);
#2043=EDGE_CURVE('',#2861,#2862,#3441,.T.);
#2044=EDGE_CURVE('',#2858,#2862,#3442,.T.);
#2045=EDGE_CURVE('',#2858,#2863,#3443,.T.);
#2046=EDGE_CURVE('',#2862,#2864,#3444,.T.);
#2047=EDGE_CURVE('',#2863,#2864,#3445,.T.);
#2048=EDGE_CURVE('',#2863,#2865,#3446,.T.);
#2049=EDGE_CURVE('',#2864,#2866,#3447,.T.);
#2050=EDGE_CURVE('',#2726,#2866,#3448,.T.);
#2051=EDGE_CURVE('',#2725,#2867,#3449,.T.);
#2052=EDGE_CURVE('',#2867,#2868,#3450,.T.);
#2053=EDGE_CURVE('',#2865,#2868,#3451,.T.);
#2054=EDGE_CURVE('',#2869,#2870,#3452,.T.);
#2055=EDGE_CURVE('',#2869,#2871,#3453,.T.);
#2056=EDGE_CURVE('',#2721,#2871,#3454,.T.);
#2057=EDGE_CURVE('',#2722,#2872,#3455,.T.);
#2058=EDGE_CURVE('',#2873,#2872,#3456,.T.);
#2059=EDGE_CURVE('',#2870,#2873,#3457,.T.);
#2060=EDGE_CURVE('',#2871,#2874,#3458,.T.);
#2061=EDGE_CURVE('',#2875,#2874,#3459,.T.);
#2062=EDGE_CURVE('',#2875,#2876,#3460,.T.);
#2063=EDGE_CURVE('',#2870,#2876,#3461,.T.);
#2064=EDGE_CURVE('',#2877,#2873,#3462,.T.);
#2065=EDGE_CURVE('',#2723,#2877,#3463,.T.);
#2066=EDGE_CURVE('',#2878,#2879,#3464,.T.);
#2067=EDGE_CURVE('',#2696,#2878,#3465,.T.);
#2068=EDGE_CURVE('',#2695,#2880,#3466,.T.);
#2069=EDGE_CURVE('',#2880,#2881,#3467,.T.);
#2070=EDGE_CURVE('',#2879,#2881,#3468,.T.);
#2071=EDGE_CURVE('',#2879,#2882,#3469,.T.);
#2072=EDGE_CURVE('',#2881,#2883,#3470,.T.);
#2073=EDGE_CURVE('',#2694,#2883,#3471,.T.);
#2074=EDGE_CURVE('',#2882,#2693,#3472,.T.);
#2075=EDGE_CURVE('',#2884,#2885,#3473,.T.);
#2076=EDGE_CURVE('',#2886,#2884,#3474,.T.);
#2077=EDGE_CURVE('',#2885,#2886,#3475,.T.);
#2078=EDGE_CURVE('',#2887,#2888,#3476,.T.);
#2079=EDGE_CURVE('',#2889,#2887,#3477,.T.);
#2080=EDGE_CURVE('',#2890,#2889,#3478,.T.);
#2081=EDGE_CURVE('',#2888,#2890,#3479,.T.);
#2082=EDGE_CURVE('',#2891,#2892,#3480,.T.);
#2083=EDGE_CURVE('',#2893,#2891,#3481,.T.);
#2084=EDGE_CURVE('',#2894,#2893,#3482,.T.);
#2085=EDGE_CURVE('',#2892,#2894,#3483,.T.);
#2086=EDGE_CURVE('',#2895,#2896,#3484,.T.);
#2087=EDGE_CURVE('',#2897,#2895,#3485,.T.);
#2088=EDGE_CURVE('',#2898,#2897,#3486,.T.);
#2089=EDGE_CURVE('',#2896,#2898,#3487,.T.);
#2090=EDGE_CURVE('',#2899,#2900,#3488,.T.);
#2091=EDGE_CURVE('',#2901,#2899,#3489,.T.);
#2092=EDGE_CURVE('',#2901,#2902,#3490,.T.);
#2093=EDGE_CURVE('',#2902,#2900,#3491,.T.);
#2094=EDGE_CURVE('',#2572,#2903,#3492,.T.);
#2095=EDGE_CURVE('',#2903,#2904,#3493,.T.);
#2096=EDGE_CURVE('',#2573,#2904,#3494,.T.);
#2097=EDGE_CURVE('',#2905,#2906,#3495,.T.);
#2098=EDGE_CURVE('',#2906,#2907,#3496,.T.);
#2099=EDGE_CURVE('',#2908,#2907,#3497,.T.);
#2100=EDGE_CURVE('',#2908,#2905,#3498,.T.);
#2101=EDGE_CURVE('',#2909,#2910,#3499,.T.);
#2102=EDGE_CURVE('',#2910,#2911,#3500,.T.);
#2103=EDGE_CURVE('',#2911,#2909,#3501,.T.);
#2104=EDGE_CURVE('',#2912,#2913,#3502,.T.);
#2105=EDGE_CURVE('',#2912,#2914,#3503,.T.);
#2106=EDGE_CURVE('',#2913,#2914,#3504,.T.);
#2107=EDGE_CURVE('',#2915,#2916,#3505,.T.);
#2108=EDGE_CURVE('',#2915,#2917,#3506,.T.);
#2109=EDGE_CURVE('',#2917,#2918,#3507,.T.);
#2110=EDGE_CURVE('',#2916,#2918,#3508,.T.);
#2111=EDGE_CURVE('',#2919,#2920,#3509,.T.);
#2112=EDGE_CURVE('',#2919,#2575,#3510,.T.);
#2113=EDGE_CURVE('',#2577,#2921,#3511,.T.);
#2114=EDGE_CURVE('',#2920,#2921,#3512,.T.);
#2115=EDGE_CURVE('',#2922,#2923,#3513,.T.);
#2116=EDGE_CURVE('',#2922,#2924,#3514,.T.);
#2117=EDGE_CURVE('',#2924,#2925,#3515,.T.);
#2118=EDGE_CURVE('',#2925,#2926,#3516,.T.);
#2119=EDGE_CURVE('',#2926,#2923,#3517,.T.);
#2120=EDGE_CURVE('',#2927,#2928,#3518,.T.);
#2121=EDGE_CURVE('',#2928,#2929,#3519,.T.);
#2122=EDGE_CURVE('',#2929,#2930,#3520,.T.);
#2123=EDGE_CURVE('',#2930,#2927,#3521,.T.);
#2124=EDGE_CURVE('',#2931,#2932,#3522,.T.);
#2125=EDGE_CURVE('',#2932,#2933,#3523,.T.);
#2126=EDGE_CURVE('',#2933,#2934,#3524,.T.);
#2127=EDGE_CURVE('',#2934,#2931,#3525,.T.);
#2128=EDGE_CURVE('',#2935,#2936,#3526,.T.);
#2129=EDGE_CURVE('',#2937,#2935,#3527,.T.);
#2130=EDGE_CURVE('',#2938,#2937,#3528,.T.);
#2131=EDGE_CURVE('',#2936,#2938,#3529,.T.);
#2132=EDGE_CURVE('',#2939,#2940,#3530,.T.);
#2133=EDGE_CURVE('',#2939,#2941,#3531,.T.);
#2134=EDGE_CURVE('',#2942,#2941,#3532,.T.);
#2135=EDGE_CURVE('',#2942,#2943,#3533,.T.);
#2136=EDGE_CURVE('',#2943,#2944,#3534,.T.);
#2137=EDGE_CURVE('',#2945,#2944,#3535,.T.);
#2138=EDGE_CURVE('',#2946,#2945,#3536,.T.);
#2139=EDGE_CURVE('',#2946,#2947,#3537,.T.);
#2140=EDGE_CURVE('',#2948,#2947,#3538,.T.);
#2141=EDGE_CURVE('',#2949,#2948,#3539,.T.);
#2142=EDGE_CURVE('',#2690,#2949,#3540,.T.);
#2143=EDGE_CURVE('',#2689,#2950,#3541,.T.);
#2144=EDGE_CURVE('',#2950,#2686,#3542,.T.);
#2145=EDGE_CURVE('',#2951,#2685,#3543,.T.);
#2146=EDGE_CURVE('',#2952,#2951,#3544,.T.);
#2147=EDGE_CURVE('',#2952,#2682,#3545,.T.);
#2148=EDGE_CURVE('',#2681,#2953,#3546,.T.);
#2149=EDGE_CURVE('',#2954,#2953,#3547,.T.);
#2150=EDGE_CURVE('',#2955,#2954,#3548,.T.);
#2151=EDGE_CURVE('',#2956,#2955,#3549,.T.);
#2152=EDGE_CURVE('',#2940,#2956,#3550,.T.);
#2153=EDGE_CURVE('',#2957,#2958,#3551,.T.);
#2154=EDGE_CURVE('',#2959,#2957,#3552,.T.);
#2155=EDGE_CURVE('',#2958,#2959,#3553,.T.);
#2156=EDGE_CURVE('',#2960,#2961,#3554,.T.);
#2157=EDGE_CURVE('',#2961,#2962,#3555,.T.);
#2158=EDGE_CURVE('',#2962,#2963,#3556,.T.);
#2159=EDGE_CURVE('',#2963,#2960,#3557,.T.);
#2160=EDGE_CURVE('',#2964,#2965,#3558,.T.);
#2161=EDGE_CURVE('',#2964,#2966,#3559,.T.);
#2162=EDGE_CURVE('',#2966,#2967,#3560,.T.);
#2163=EDGE_CURVE('',#2965,#2967,#3561,.T.);
#2164=EDGE_CURVE('',#2968,#2969,#3562,.T.);
#2165=EDGE_CURVE('',#2969,#2970,#3563,.T.);
#2166=EDGE_CURVE('',#2970,#2971,#3564,.T.);
#2167=EDGE_CURVE('',#2971,#2968,#3565,.T.);
#2168=EDGE_CURVE('',#2972,#2973,#3566,.T.);
#2169=EDGE_CURVE('',#2973,#2974,#3567,.T.);
#2170=EDGE_CURVE('',#2974,#2972,#3568,.T.);
#2171=EDGE_CURVE('',#2975,#2976,#3569,.T.);
#2172=EDGE_CURVE('',#2977,#2975,#3570,.T.);
#2173=EDGE_CURVE('',#2978,#2977,#3571,.T.);
#2174=EDGE_CURVE('',#2976,#2978,#3572,.T.);
#2175=EDGE_CURVE('',#2811,#2945,#3573,.T.);
#2176=EDGE_CURVE('',#2810,#2946,#3574,.T.);
#2177=EDGE_CURVE('',#2800,#2948,#3575,.T.);
#2178=EDGE_CURVE('',#2949,#2799,#3576,.T.);
#2179=EDGE_CURVE('',#2979,#2980,#3577,.T.);
#2180=EDGE_CURVE('',#2979,#2981,#3578,.T.);
#2181=EDGE_CURVE('',#2779,#2981,#3579,.T.);
#2182=EDGE_CURVE('',#2780,#2982,#3580,.T.);
#2183=EDGE_CURVE('',#2983,#2982,#3581,.T.);
#2184=EDGE_CURVE('',#2980,#2983,#3582,.T.);
#2185=EDGE_CURVE('',#2981,#2984,#3583,.T.);
#2186=EDGE_CURVE('',#2985,#2984,#3584,.T.);
#2187=EDGE_CURVE('',#2985,#2986,#3585,.T.);
#2188=EDGE_CURVE('',#2980,#2986,#3586,.T.);
#2189=EDGE_CURVE('',#2987,#2983,#3587,.T.);
#2190=EDGE_CURVE('',#2781,#2987,#3588,.T.);
#2191=EDGE_CURVE('',#2988,#2989,#3589,.T.);
#2192=EDGE_CURVE('',#2804,#2988,#3590,.T.);
#2193=EDGE_CURVE('',#2803,#2990,#3591,.T.);
#2194=EDGE_CURVE('',#2990,#2991,#3592,.T.);
#2195=EDGE_CURVE('',#2989,#2991,#3593,.T.);
#2196=EDGE_CURVE('',#2989,#2992,#3594,.T.);
#2197=EDGE_CURVE('',#2991,#2993,#3595,.T.);
#2198=EDGE_CURVE('',#2802,#2993,#3596,.T.);
#2199=EDGE_CURVE('',#2992,#2801,#3597,.T.);
#2200=EDGE_CURVE('',#2994,#2995,#3598,.T.);
#2201=EDGE_CURVE('',#2996,#2994,#3599,.T.);
#2202=EDGE_CURVE('',#2996,#2997,#3600,.T.);
#2203=EDGE_CURVE('',#2808,#2997,#3601,.T.);
#2204=EDGE_CURVE('',#2807,#2998,#3602,.T.);
#2205=EDGE_CURVE('',#2998,#2999,#3603,.T.);
#2206=EDGE_CURVE('',#2995,#2999,#3604,.T.);
#2207=EDGE_CURVE('',#2995,#3000,#3605,.T.);
#2208=EDGE_CURVE('',#2999,#3001,#3606,.T.);
#2209=EDGE_CURVE('',#3000,#3001,#3607,.T.);
#2210=EDGE_CURVE('',#3000,#3002,#3608,.T.);
#2211=EDGE_CURVE('',#3001,#3003,#3609,.T.);
#2212=EDGE_CURVE('',#2806,#3003,#3610,.T.);
#2213=EDGE_CURVE('',#3002,#2805,#3611,.T.);
#2214=EDGE_CURVE('',#3004,#3005,#3612,.T.);
#2215=EDGE_CURVE('',#3006,#3004,#3613,.T.);
#2216=EDGE_CURVE('',#3005,#3006,#3614,.T.);
#2217=EDGE_CURVE('',#3007,#3008,#3615,.T.);
#2218=EDGE_CURVE('',#3009,#3007,#3616,.T.);
#2219=EDGE_CURVE('',#3010,#3009,#3617,.T.);
#2220=EDGE_CURVE('',#3008,#3010,#3618,.T.);
#2221=EDGE_CURVE('',#3011,#3012,#3619,.T.);
#2222=EDGE_CURVE('',#3013,#3011,#3620,.T.);
#2223=EDGE_CURVE('',#3014,#3013,#3621,.T.);
#2224=EDGE_CURVE('',#3012,#3014,#3622,.T.);
#2225=EDGE_CURVE('',#3003,#2998,#3623,.T.);
#2226=EDGE_CURVE('',#2900,#2614,#3624,.T.);
#2227=EDGE_CURVE('',#2902,#2615,#3625,.T.);
#2228=EDGE_CURVE('',#3015,#3016,#3626,.T.);
#2229=EDGE_CURVE('',#3016,#3017,#3627,.T.);
#2230=EDGE_CURVE('',#3017,#3018,#3628,.T.);
#2231=EDGE_CURVE('',#3015,#3018,#3629,.T.);
#2232=EDGE_CURVE('',#3019,#2982,#3630,.T.);
#2233=EDGE_CURVE('',#3019,#2987,#3631,.T.);
#2234=EDGE_CURVE('',#3020,#3021,#3632,.T.);
#2235=EDGE_CURVE('',#3021,#3022,#3633,.T.);
#2236=EDGE_CURVE('',#3022,#3020,#3634,.T.);
#2237=EDGE_CURVE('',#2990,#2993,#3635,.T.);
#2238=EDGE_CURVE('',#3023,#3024,#3636,.T.);
#2239=EDGE_CURVE('',#3023,#3025,#3637,.T.);
#2240=EDGE_CURVE('',#3025,#3026,#3638,.T.);
#2241=EDGE_CURVE('',#3024,#3026,#3639,.T.);
#2242=EDGE_CURVE('',#3027,#3028,#3640,.T.);
#2243=EDGE_CURVE('',#3027,#3029,#3641,.T.);
#2244=EDGE_CURVE('',#3030,#3029,#3642,.T.);
#2245=EDGE_CURVE('',#3030,#3031,#3643,.T.);
#2246=EDGE_CURVE('',#3028,#3031,#3644,.T.);
#2247=EDGE_CURVE('',#3032,#3033,#3645,.T.);
#2248=EDGE_CURVE('',#3032,#3034,#3646,.T.);
#2249=EDGE_CURVE('',#3034,#3035,#3647,.T.);
#2250=EDGE_CURVE('',#3035,#3036,#3648,.T.);
#2251=EDGE_CURVE('',#3036,#3033,#3649,.T.);
#2252=EDGE_CURVE('',#3037,#3038,#3650,.T.);
#2253=EDGE_CURVE('',#3038,#3039,#3651,.T.);
#2254=EDGE_CURVE('',#3039,#3040,#3652,.T.);
#2255=EDGE_CURVE('',#3040,#3037,#3653,.T.);
#2256=EDGE_CURVE('',#3041,#3042,#3654,.T.);
#2257=EDGE_CURVE('',#3042,#3043,#3655,.T.);
#2258=EDGE_CURVE('',#3043,#3044,#3656,.T.);
#2259=EDGE_CURVE('',#3044,#3041,#3657,.T.);
#2260=EDGE_CURVE('',#3045,#3046,#3658,.T.);
#2261=EDGE_CURVE('',#3046,#3047,#3659,.T.);
#2262=EDGE_CURVE('',#3047,#3048,#3660,.T.);
#2263=EDGE_CURVE('',#3048,#3045,#3661,.T.);
#2264=EDGE_CURVE('',#3049,#3050,#3662,.T.);
#2265=EDGE_CURVE('',#3051,#3050,#3663,.T.);
#2266=EDGE_CURVE('',#3051,#3052,#3664,.T.);
#2267=EDGE_CURVE('',#3053,#3052,#3665,.T.);
#2268=EDGE_CURVE('',#3049,#3053,#3666,.T.);
#2269=EDGE_CURVE('',#3054,#3055,#3667,.T.);
#2270=EDGE_CURVE('',#3056,#3054,#3668,.T.);
#2271=EDGE_CURVE('',#3057,#3056,#3669,.T.);
#2272=EDGE_CURVE('',#3055,#3057,#3670,.T.);
#2273=EDGE_CURVE('',#3058,#3059,#3671,.T.);
#2274=EDGE_CURVE('',#3060,#3058,#3672,.T.);
#2275=EDGE_CURVE('',#3059,#3060,#3673,.T.);
#2276=EDGE_CURVE('',#3061,#3062,#3674,.T.);
#2277=EDGE_CURVE('',#3062,#3063,#3675,.T.);
#2278=EDGE_CURVE('',#3063,#3064,#3676,.T.);
#2279=EDGE_CURVE('',#3064,#3065,#3677,.T.);
#2280=EDGE_CURVE('',#3061,#3065,#3678,.T.);
#2281=EDGE_CURVE('',#3066,#2872,#3679,.T.);
#2282=EDGE_CURVE('',#3066,#2877,#3680,.T.);
#2283=EDGE_CURVE('',#2866,#2861,#3681,.T.);
#2284=EDGE_CURVE('',#2899,#2613,#3682,.T.);
#2285=EDGE_CURVE('',#2901,#2616,#3683,.T.);
#2286=EDGE_CURVE('',#3067,#3068,#3684,.T.);
#2287=EDGE_CURVE('',#3068,#3069,#3685,.T.);
#2288=EDGE_CURVE('',#3070,#3069,#3686,.T.);
#2289=EDGE_CURVE('',#3070,#3067,#3687,.T.);
#2290=EDGE_CURVE('',#2880,#2883,#3688,.T.);
#2291=EDGE_CURVE('',#3071,#3072,#3689,.T.);
#2292=EDGE_CURVE('',#3072,#3073,#3690,.T.);
#2293=EDGE_CURVE('',#3074,#3073,#3691,.T.);
#2294=EDGE_CURVE('',#3071,#3074,#3692,.T.);
#2295=EDGE_CURVE('',#3075,#3076,#3693,.T.);
#2296=EDGE_CURVE('',#3077,#3075,#3694,.T.);
#2297=EDGE_CURVE('',#3078,#3077,#3695,.T.);
#2298=EDGE_CURVE('',#3076,#3078,#3696,.T.);
#2299=EDGE_CURVE('',#3079,#3080,#3697,.T.);
#2300=EDGE_CURVE('',#3080,#3081,#3698,.T.);
#2301=EDGE_CURVE('',#3081,#3079,#3699,.T.);
#2302=EDGE_CURVE('',#3082,#3083,#3700,.T.);
#2303=EDGE_CURVE('',#3083,#3084,#3701,.T.);
#2304=EDGE_CURVE('',#3084,#3085,#3702,.T.);
#2305=EDGE_CURVE('',#3085,#3082,#3703,.T.);
#2306=EDGE_CURVE('',#2646,#3086,#3704,.T.);
#2307=EDGE_CURVE('',#2662,#3086,#3705,.T.);
#2308=EDGE_CURVE('',#2661,#2680,#3706,.T.);
#2309=EDGE_CURVE('',#2679,#2647,#3707,.T.);
#2310=EDGE_CURVE('',#2941,#3087,#3708,.T.);
#2311=EDGE_CURVE('',#2954,#3087,#3709,.T.);
#2312=EDGE_CURVE('',#2953,#2815,#3710,.T.);
#2313=EDGE_CURVE('',#2814,#2942,#3711,.T.);
#2314=EDGE_CURVE('',#2797,#3088,#3712,.T.);
#2315=EDGE_CURVE('',#3088,#2825,#3713,.T.);
#2316=EDGE_CURVE('',#2798,#2824,#3714,.T.);
#2317=EDGE_CURVE('',#3089,#3089,#20,.T.);
#2318=EDGE_CURVE('',#3090,#3090,#21,.T.);
#2319=EDGE_CURVE('',#3091,#3091,#22,.T.);
#2320=EDGE_CURVE('',#3092,#3092,#23,.T.);
#2321=EDGE_CURVE('',#3093,#3093,#24,.T.);
#2322=EDGE_CURVE('',#3094,#3094,#25,.T.);
#2323=EDGE_CURVE('',#3095,#3095,#26,.T.);
#2324=EDGE_CURVE('',#3096,#3096,#27,.T.);
#2325=EDGE_CURVE('',#2730,#3068,#3715,.T.);
#2326=EDGE_CURVE('',#2729,#3067,#3716,.T.);
#2327=EDGE_CURVE('',#2731,#3070,#3717,.T.);
#2328=EDGE_CURVE('',#2732,#3069,#3718,.T.);
#2329=EDGE_CURVE('',#2860,#2867,#3719,.T.);
#2330=EDGE_CURVE('',#2724,#3066,#3720,.T.);
#2331=EDGE_CURVE('',#2717,#3062,#3721,.T.);
#2332=EDGE_CURVE('',#2716,#3061,#3722,.T.);
#2333=EDGE_CURVE('',#2718,#3065,#3723,.T.);
#2334=EDGE_CURVE('',#2719,#3064,#3724,.T.);
#2335=EDGE_CURVE('',#2720,#3063,#3725,.T.);
#2336=EDGE_CURVE('',#2734,#3072,#3726,.T.);
#2337=EDGE_CURVE('',#2733,#3071,#3727,.T.);
#2338=EDGE_CURVE('',#2735,#3074,#3728,.T.);
#2339=EDGE_CURVE('',#2736,#3073,#3729,.T.);
#2340=EDGE_CURVE('',#2714,#3060,#3730,.T.);
#2341=EDGE_CURVE('',#2715,#3058,#3731,.T.);
#2342=EDGE_CURVE('',#2713,#3059,#3732,.T.);
#2343=EDGE_CURVE('',#2710,#3056,#3733,.T.);
#2344=EDGE_CURVE('',#2711,#3054,#3734,.T.);
#2345=EDGE_CURVE('',#2712,#3055,#3735,.T.);
#2346=EDGE_CURVE('',#2709,#3057,#3736,.T.);
#2347=EDGE_CURVE('',#2705,#3050,#3737,.T.);
#2348=EDGE_CURVE('',#2704,#3049,#3738,.T.);
#2349=EDGE_CURVE('',#2706,#3053,#3739,.T.);
#2350=EDGE_CURVE('',#2707,#3052,#3740,.T.);
#2351=EDGE_CURVE('',#2708,#3051,#3741,.T.);
#2352=EDGE_CURVE('',#2738,#3077,#3742,.T.);
#2353=EDGE_CURVE('',#2739,#3075,#3743,.T.);
#2354=EDGE_CURVE('',#2740,#3076,#3744,.T.);
#2355=EDGE_CURVE('',#2737,#3078,#3745,.T.);
#2356=EDGE_CURVE('',#2742,#3080,#3746,.T.);
#2357=EDGE_CURVE('',#2741,#3079,#3747,.T.);
#2358=EDGE_CURVE('',#2743,#3081,#3748,.T.);
#2359=EDGE_CURVE('',#2701,#3046,#3749,.T.);
#2360=EDGE_CURVE('',#2700,#3045,#3750,.T.);
#2361=EDGE_CURVE('',#2702,#3048,#3751,.T.);
#2362=EDGE_CURVE('',#2703,#3047,#3752,.T.);
#2363=EDGE_CURVE('',#2745,#3083,#3753,.T.);
#2364=EDGE_CURVE('',#2744,#3082,#3754,.T.);
#2365=EDGE_CURVE('',#2746,#3085,#3755,.T.);
#2366=EDGE_CURVE('',#2747,#3084,#3756,.T.);
#2367=EDGE_CURVE('',#2776,#3017,#3757,.T.);
#2368=EDGE_CURVE('',#2775,#3016,#3758,.T.);
#2369=EDGE_CURVE('',#2777,#3015,#3759,.T.);
#2370=EDGE_CURVE('',#2778,#3018,#3760,.T.);
#2371=EDGE_CURVE('',#2782,#3019,#3761,.T.);
#2372=EDGE_CURVE('',#2773,#3022,#3762,.T.);
#2373=EDGE_CURVE('',#2772,#3021,#3763,.T.);
#2374=EDGE_CURVE('',#2774,#3020,#3764,.T.);
#2375=EDGE_CURVE('',#2997,#2809,#3765,.T.);
#2376=EDGE_CURVE('',#2769,#3011,#3766,.T.);
#2377=EDGE_CURVE('',#2770,#3012,#3767,.T.);
#2378=EDGE_CURVE('',#2771,#3014,#3768,.T.);
#2379=EDGE_CURVE('',#2768,#3013,#3769,.T.);
#2380=EDGE_CURVE('',#2765,#3025,#3770,.T.);
#2381=EDGE_CURVE('',#2764,#3023,#3771,.T.);
#2382=EDGE_CURVE('',#2766,#3024,#3772,.T.);
#2383=EDGE_CURVE('',#2767,#3026,#3773,.T.);
#2384=EDGE_CURVE('',#2784,#3029,#3774,.T.);
#2385=EDGE_CURVE('',#2783,#3027,#3775,.T.);
#2386=EDGE_CURVE('',#2785,#3028,#3776,.T.);
#2387=EDGE_CURVE('',#2786,#3031,#3777,.T.);
#2388=EDGE_CURVE('',#2787,#3030,#3778,.T.);
#2389=EDGE_CURVE('',#2760,#3034,#3779,.T.);
#2390=EDGE_CURVE('',#2759,#3032,#3780,.T.);
#2391=EDGE_CURVE('',#2761,#3033,#3781,.T.);
#2392=EDGE_CURVE('',#2762,#3036,#3782,.T.);
#2393=EDGE_CURVE('',#2763,#3035,#3783,.T.);
#2394=EDGE_CURVE('',#2789,#3039,#3784,.T.);
#2395=EDGE_CURVE('',#2788,#3038,#3785,.T.);
#2396=EDGE_CURVE('',#2790,#3037,#3786,.T.);
#2397=EDGE_CURVE('',#2791,#3040,#3787,.T.);
#2398=EDGE_CURVE('',#2756,#3007,#3788,.T.);
#2399=EDGE_CURVE('',#2757,#3008,#3789,.T.);
#2400=EDGE_CURVE('',#2758,#3010,#3790,.T.);
#2401=EDGE_CURVE('',#2755,#3009,#3791,.T.);
#2402=EDGE_CURVE('',#2753,#3004,#3792,.T.);
#2403=EDGE_CURVE('',#2754,#3005,#3793,.T.);
#2404=EDGE_CURVE('',#2752,#3006,#3794,.T.);
#2405=EDGE_CURVE('',#2749,#3043,#3795,.T.);
#2406=EDGE_CURVE('',#2748,#3042,#3796,.T.);
#2407=EDGE_CURVE('',#2750,#3041,#3797,.T.);
#2408=EDGE_CURVE('',#2751,#3044,#3798,.T.);
#2409=EDGE_CURVE('',#3097,#2570,#34,.T.);
#2410=EDGE_CURVE('',#3098,#3097,#3799,.T.);
#2411=EDGE_CURVE('',#3098,#2988,#3800,.T.);
#2412=EDGE_CURVE('',#2992,#2903,#3801,.T.);
#2413=EDGE_CURVE('',#2947,#2904,#3802,.T.);
#2414=EDGE_CURVE('',#3099,#3100,#3803,.T.);
#2415=EDGE_CURVE('',#3100,#2571,#35,.T.);
#2416=EDGE_CURVE('',#3099,#2996,#3804,.T.);
#2417=EDGE_CURVE('',#3100,#3097,#3805,.F.);
#2418=EDGE_CURVE('',#3099,#2994,#3806,.T.);
#2419=EDGE_CURVE('',#3002,#3098,#3807,.T.);
#2420=EDGE_CURVE('',#2943,#2920,#3808,.T.);
#2421=EDGE_CURVE('',#2944,#2921,#3809,.T.);
#2422=EDGE_CURVE('',#3101,#2576,#36,.T.);
#2423=EDGE_CURVE('',#3102,#3101,#3810,.T.);
#2424=EDGE_CURVE('',#3102,#2812,#3811,.T.);
#2425=EDGE_CURVE('',#2985,#2813,#3812,.T.);
#2426=EDGE_CURVE('',#2984,#2919,#3813,.T.);
#2427=EDGE_CURVE('',#3102,#2986,#3814,.T.);
#2428=EDGE_CURVE('',#2574,#3103,#37,.T.);
#2429=EDGE_CURVE('',#2979,#3103,#3815,.T.);
#2430=EDGE_CURVE('',#3101,#3103,#38,.T.);
#2431=EDGE_CURVE('',#2940,#2924,#3816,.T.);
#2432=EDGE_CURVE('',#2939,#2922,#3817,.T.);
#2433=EDGE_CURVE('',#2955,#2926,#3818,.T.);
#2434=EDGE_CURVE('',#2956,#2925,#3819,.T.);
#2435=EDGE_CURVE('',#3087,#2923,#3820,.T.);
#2436=EDGE_CURVE('',#2683,#3104,#3821,.T.);
#2437=EDGE_CURVE('',#3105,#3104,#3822,.T.);
#2438=EDGE_CURVE('',#2684,#3105,#3823,.T.);
#2439=EDGE_CURVE('',#3106,#3106,#39,.T.);
#2440=EDGE_CURVE('',#3105,#2906,#3824,.T.);
#2441=EDGE_CURVE('',#2951,#2905,#3825,.T.);
#2442=EDGE_CURVE('',#2952,#2908,#3826,.T.);
#2443=EDGE_CURVE('',#3107,#3107,#40,.T.);
#2444=EDGE_CURVE('',#3104,#2907,#3827,.T.);
#2445=EDGE_CURVE('',#2958,#2911,#3828,.T.);
#2446=EDGE_CURVE('',#2957,#2910,#3829,.T.);
#2447=EDGE_CURVE('',#2959,#2909,#3830,.T.);
#2448=EDGE_CURVE('',#2687,#3108,#3831,.T.);
#2449=EDGE_CURVE('',#3108,#3109,#3832,.T.);
#2450=EDGE_CURVE('',#3109,#3110,#3833,.T.);
#2451=EDGE_CURVE('',#3110,#2688,#3834,.T.);
#2452=EDGE_CURVE('',#3110,#2895,#3835,.T.);
#2453=EDGE_CURVE('',#2950,#2896,#3836,.T.);
#2454=EDGE_CURVE('',#3111,#3111,#41,.T.);
#2455=EDGE_CURVE('',#3108,#2898,#3837,.T.);
#2456=EDGE_CURVE('',#3109,#2897,#3838,.T.);
#2457=EDGE_CURVE('',#3112,#3112,#42,.T.);
#2458=EDGE_CURVE('',#2961,#2891,#3839,.T.);
#2459=EDGE_CURVE('',#2962,#2892,#3840,.T.);
#2460=EDGE_CURVE('',#2963,#2894,#3841,.T.);
#2461=EDGE_CURVE('',#2960,#2893,#3842,.T.);
#2462=EDGE_CURVE('',#2965,#2917,#3843,.T.);
#2463=EDGE_CURVE('',#2964,#2915,#3844,.T.);
#2464=EDGE_CURVE('',#2966,#2916,#3845,.T.);
#2465=EDGE_CURVE('',#2967,#2918,#3846,.T.);
#2466=EDGE_CURVE('',#2936,#2929,#3847,.T.);
#2467=EDGE_CURVE('',#2935,#2928,#3848,.T.);
#2468=EDGE_CURVE('',#2937,#2927,#3849,.T.);
#2469=EDGE_CURVE('',#2938,#2930,#3850,.T.);
#2470=EDGE_CURVE('',#2969,#2887,#3851,.T.);
#2471=EDGE_CURVE('',#2970,#2888,#3852,.T.);
#2472=EDGE_CURVE('',#2971,#2890,#3853,.T.);
#2473=EDGE_CURVE('',#2968,#2889,#3854,.T.);
#2474=EDGE_CURVE('',#2973,#2884,#3855,.T.);
#2475=EDGE_CURVE('',#2974,#2885,#3856,.T.);
#2476=EDGE_CURVE('',#2972,#2886,#3857,.T.);
#2477=EDGE_CURVE('',#2976,#2933,#3858,.T.);
#2478=EDGE_CURVE('',#2975,#2932,#3859,.T.);
#2479=EDGE_CURVE('',#2977,#2931,#3860,.T.);
#2480=EDGE_CURVE('',#2978,#2934,#3861,.T.);
#2481=EDGE_CURVE('',#3113,#3114,#28,.T.);
#2482=EDGE_CURVE('',#3115,#3113,#3862,.T.);
#2483=EDGE_CURVE('',#3115,#3116,#3863,.T.);
#2484=EDGE_CURVE('',#3116,#2914,#3864,.T.);
#2485=EDGE_CURVE('',#3114,#2912,#3865,.T.);
#2486=EDGE_CURVE('',#3113,#3114,#43,.T.);
#2487=EDGE_CURVE('',#3117,#2913,#3866,.T.);
#2488=EDGE_CURVE('',#3115,#3117,#3867,.T.);
#2489=EDGE_CURVE('',#3117,#3116,#3868,.T.);
#2490=EDGE_CURVE('',#2672,#2612,#3869,.T.);
#2491=EDGE_CURVE('',#2673,#2611,#3870,.T.);
#2492=EDGE_CURVE('',#2674,#2610,#3871,.T.);
#2493=EDGE_CURVE('',#2671,#2606,#3872,.T.);
#2494=EDGE_CURVE('',#2865,#3118,#3873,.T.);
#2495=EDGE_CURVE('',#3118,#2617,#3874,.T.);
#2496=EDGE_CURVE('',#3119,#2620,#3875,.T.);
#2497=EDGE_CURVE('',#3119,#2857,#3876,.T.);
#2498=EDGE_CURVE('',#3120,#3120,#44,.T.);
#2499=EDGE_CURVE('',#2868,#2697,#3877,.T.);
#2500=EDGE_CURVE('',#3119,#2859,#3878,.T.);
#2501=EDGE_CURVE('',#2652,#2619,#3879,.T.);
#2502=EDGE_CURVE('',#3118,#2878,#3880,.T.);
#2503=EDGE_CURVE('',#3121,#3121,#45,.T.);
#2504=EDGE_CURVE('',#2882,#2618,#3881,.T.);
#2505=EDGE_CURVE('',#2648,#2636,#3882,.T.);
#2506=EDGE_CURVE('',#2649,#2635,#3883,.T.);
#2507=EDGE_CURVE('',#3122,#3122,#46,.T.);
#2508=EDGE_CURVE('',#3123,#2634,#3884,.T.);
#2509=EDGE_CURVE('',#3123,#2678,#3885,.T.);
#2510=EDGE_CURVE('',#2875,#2677,#3886,.T.);
#2511=EDGE_CURVE('',#2874,#2632,#3887,.T.);
#2512=EDGE_CURVE('',#3123,#2876,#3888,.T.);
#2513=EDGE_CURVE('',#3124,#3124,#47,.T.);
#2514=EDGE_CURVE('',#2869,#2633,#3889,.T.);
#2515=EDGE_CURVE('',#2795,#2578,#3890,.T.);
#2516=EDGE_CURVE('',#2581,#2796,#3891,.T.);
#2517=EDGE_CURVE('',#3125,#2622,#3892,.T.);
#2518=EDGE_CURVE('',#3125,#2579,#48,.T.);
#2519=EDGE_CURVE('',#2826,#2621,#3893,.T.);
#2520=EDGE_CURVE('',#2580,#3126,#49,.T.);
#2521=EDGE_CURVE('',#3126,#2624,#3894,.T.);
#2522=EDGE_CURVE('',#3088,#2623,#3895,.T.);
#2523=EDGE_CURVE('',#3126,#3125,#50,.T.);
#2524=EDGE_CURVE('',#2818,#3127,#3896,.T.);
#2525=EDGE_CURVE('',#3128,#3127,#3897,.T.);
#2526=EDGE_CURVE('',#2793,#3128,#3898,.T.);
#2527=EDGE_CURVE('',#2583,#3129,#51,.T.);
#2528=EDGE_CURVE('',#2821,#2595,#3899,.T.);
#2529=EDGE_CURVE('',#3128,#3129,#3900,.T.);
#2530=EDGE_CURVE('',#2582,#3130,#52,.T.);
#2531=EDGE_CURVE('',#3127,#3130,#3901,.T.);
#2532=EDGE_CURVE('',#2844,#2594,#3902,.T.);
#2533=EDGE_CURVE('',#3129,#3130,#53,.T.);
#2534=EDGE_CURVE('',#2645,#2597,#3903,.T.);
#2535=EDGE_CURVE('',#2644,#2596,#3904,.T.);
#2536=EDGE_CURVE('',#2663,#2599,#3905,.T.);
#2537=EDGE_CURVE('',#2664,#2598,#3906,.T.);
#2538=EDGE_CURVE('',#3086,#2600,#3907,.T.);
#2539=EDGE_CURVE('',#2657,#2601,#3908,.T.);
#2540=EDGE_CURVE('',#2658,#2604,#3909,.T.);
#2541=EDGE_CURVE('',#2849,#2603,#3910,.T.);
#2542=EDGE_CURVE('',#2850,#2602,#3911,.T.);
#2543=EDGE_CURVE('',#2845,#2638,#3912,.T.);
#2544=EDGE_CURVE('',#2846,#2637,#3913,.T.);
#2545=EDGE_CURVE('',#2832,#2639,#3914,.T.);
#2546=EDGE_CURVE('',#2854,#2641,#3915,.T.);
#2547=EDGE_CURVE('',#2853,#2640,#3916,.T.);
#2548=EDGE_CURVE('',#2855,#2643,#3917,.T.);
#2549=EDGE_CURVE('',#2856,#2642,#3918,.T.);
#2550=EDGE_CURVE('',#2841,#2592,#3919,.T.);
#2551=EDGE_CURVE('',#2842,#2590,#3920,.T.);
#2552=EDGE_CURVE('',#2843,#2591,#3921,.T.);
#2553=EDGE_CURVE('',#2840,#2593,#3922,.T.);
#2554=EDGE_CURVE('',#2675,#2609,#3923,.T.);
#2555=EDGE_CURVE('',#2676,#2608,#3924,.T.);
#2556=EDGE_CURVE('',#2670,#2607,#3925,.T.);
#2557=EDGE_CURVE('',#2669,#2605,#3926,.T.);
#2558=EDGE_CURVE('',#2666,#2630,#3927,.T.);
#2559=EDGE_CURVE('',#2667,#2628,#3928,.T.);
#2560=EDGE_CURVE('',#2668,#2629,#3929,.T.);
#2561=EDGE_CURVE('',#2665,#2631,#3930,.T.);
#2562=EDGE_CURVE('',#3131,#2588,#29,.T.);
#2563=EDGE_CURVE('',#3131,#2626,#3931,.T.);
#2564=EDGE_CURVE('',#3132,#2625,#3932,.T.);
#2565=EDGE_CURVE('',#3132,#2589,#3933,.T.);
#2566=EDGE_CURVE('',#3133,#2627,#3934,.T.);
#2567=EDGE_CURVE('',#3133,#2587,#54,.T.);
#2568=EDGE_CURVE('',#3132,#2586,#3935,.T.);
#2569=EDGE_CURVE('',#3131,#3133,#55,.T.);
#2570=VERTEX_POINT('',#7705);
#2571=VERTEX_POINT('',#7706);
#2572=VERTEX_POINT('',#7708);
#2573=VERTEX_POINT('',#7710);
#2574=VERTEX_POINT('',#7714);
#2575=VERTEX_POINT('',#7715);
#2576=VERTEX_POINT('',#7717);
#2577=VERTEX_POINT('',#7719);
#2578=VERTEX_POINT('',#7723);
#2579=VERTEX_POINT('',#7724);
#2580=VERTEX_POINT('',#7726);
#2581=VERTEX_POINT('',#7728);
#2582=VERTEX_POINT('',#7732);
#2583=VERTEX_POINT('',#7733);
#2584=VERTEX_POINT('',#7735);
#2585=VERTEX_POINT('',#7737);
#2586=VERTEX_POINT('',#7741);
#2587=VERTEX_POINT('',#7742);
#2588=VERTEX_POINT('',#7744);
#2589=VERTEX_POINT('',#7746);
#2590=VERTEX_POINT('',#7750);
#2591=VERTEX_POINT('',#7751);
#2592=VERTEX_POINT('',#7753);
#2593=VERTEX_POINT('',#7755);
#2594=VERTEX_POINT('',#7758);
#2595=VERTEX_POINT('',#7760);
#2596=VERTEX_POINT('',#7763);
#2597=VERTEX_POINT('',#7764);
#2598=VERTEX_POINT('',#7766);
#2599=VERTEX_POINT('',#7768);
#2600=VERTEX_POINT('',#7770);
#2601=VERTEX_POINT('',#7773);
#2602=VERTEX_POINT('',#7774);
#2603=VERTEX_POINT('',#7776);
#2604=VERTEX_POINT('',#7778);
#2605=VERTEX_POINT('',#7781);
#2606=VERTEX_POINT('',#7782);
#2607=VERTEX_POINT('',#7784);
#2608=VERTEX_POINT('',#7786);
#2609=VERTEX_POINT('',#7788);
#2610=VERTEX_POINT('',#7790);
#2611=VERTEX_POINT('',#7792);
#2612=VERTEX_POINT('',#7794);
#2613=VERTEX_POINT('',#7797);
#2614=VERTEX_POINT('',#7798);
#2615=VERTEX_POINT('',#7800);
#2616=VERTEX_POINT('',#7802);
#2617=VERTEX_POINT('',#7805);
#2618=VERTEX_POINT('',#7806);
#2619=VERTEX_POINT('',#7808);
#2620=VERTEX_POINT('',#7810);
#2621=VERTEX_POINT('',#7813);
#2622=VERTEX_POINT('',#7814);
#2623=VERTEX_POINT('',#7816);
#2624=VERTEX_POINT('',#7818);
#2625=VERTEX_POINT('',#7821);
#2626=VERTEX_POINT('',#7822);
#2627=VERTEX_POINT('',#7824);
#2628=VERTEX_POINT('',#7827);
#2629=VERTEX_POINT('',#7828);
#2630=VERTEX_POINT('',#7830);
#2631=VERTEX_POINT('',#7832);
#2632=VERTEX_POINT('',#7835);
#2633=VERTEX_POINT('',#7836);
#2634=VERTEX_POINT('',#7838);
#2635=VERTEX_POINT('',#7840);
#2636=VERTEX_POINT('',#7842);
#2637=VERTEX_POINT('',#7845);
#2638=VERTEX_POINT('',#7846);
#2639=VERTEX_POINT('',#7848);
#2640=VERTEX_POINT('',#7851);
#2641=VERTEX_POINT('',#7852);
#2642=VERTEX_POINT('',#7854);
#2643=VERTEX_POINT('',#7856);
#2644=VERTEX_POINT('',#7860);
#2645=VERTEX_POINT('',#7861);
#2646=VERTEX_POINT('',#7863);
#2647=VERTEX_POINT('',#7865);
#2648=VERTEX_POINT('',#7867);
#2649=VERTEX_POINT('',#7869);
#2650=VERTEX_POINT('',#7871);
#2651=VERTEX_POINT('',#7873);
#2652=VERTEX_POINT('',#7875);
#2653=VERTEX_POINT('',#7877);
#2654=VERTEX_POINT('',#7879);
#2655=VERTEX_POINT('',#7881);
#2656=VERTEX_POINT('',#7883);
#2657=VERTEX_POINT('',#7885);
#2658=VERTEX_POINT('',#7887);
#2659=VERTEX_POINT('',#7889);
#2660=VERTEX_POINT('',#7891);
#2661=VERTEX_POINT('',#7893);
#2662=VERTEX_POINT('',#7895);
#2663=VERTEX_POINT('',#7897);
#2664=VERTEX_POINT('',#7899);
#2665=VERTEX_POINT('',#7902);
#2666=VERTEX_POINT('',#7903);
#2667=VERTEX_POINT('',#7905);
#2668=VERTEX_POINT('',#7907);
#2669=VERTEX_POINT('',#7910);
#2670=VERTEX_POINT('',#7911);
#2671=VERTEX_POINT('',#7913);
#2672=VERTEX_POINT('',#7915);
#2673=VERTEX_POINT('',#7917);
#2674=VERTEX_POINT('',#7919);
#2675=VERTEX_POINT('',#7921);
#2676=VERTEX_POINT('',#7923);
#2677=VERTEX_POINT('',#7927);
#2678=VERTEX_POINT('',#7928);
#2679=VERTEX_POINT('',#7930);
#2680=VERTEX_POINT('',#7932);
#2681=VERTEX_POINT('',#7934);
#2682=VERTEX_POINT('',#7936);
#2683=VERTEX_POINT('',#7938);
#2684=VERTEX_POINT('',#7940);
#2685=VERTEX_POINT('',#7942);
#2686=VERTEX_POINT('',#7944);
#2687=VERTEX_POINT('',#7946);
#2688=VERTEX_POINT('',#7948);
#2689=VERTEX_POINT('',#7950);
#2690=VERTEX_POINT('',#7952);
#2691=VERTEX_POINT('',#7954);
#2692=VERTEX_POINT('',#7956);
#2693=VERTEX_POINT('',#7958);
#2694=VERTEX_POINT('',#7960);
#2695=VERTEX_POINT('',#7962);
#2696=VERTEX_POINT('',#7964);
#2697=VERTEX_POINT('',#7966);
#2698=VERTEX_POINT('',#7968);
#2699=VERTEX_POINT('',#7970);
#2700=VERTEX_POINT('',#7973);
#2701=VERTEX_POINT('',#7974);
#2702=VERTEX_POINT('',#7976);
#2703=VERTEX_POINT('',#7978);
#2704=VERTEX_POINT('',#7981);
#2705=VERTEX_POINT('',#7982);
#2706=VERTEX_POINT('',#7984);
#2707=VERTEX_POINT('',#7986);
#2708=VERTEX_POINT('',#7988);
#2709=VERTEX_POINT('',#7991);
#2710=VERTEX_POINT('',#7992);
#2711=VERTEX_POINT('',#7994);
#2712=VERTEX_POINT('',#7996);
#2713=VERTEX_POINT('',#7999);
#2714=VERTEX_POINT('',#8000);
#2715=VERTEX_POINT('',#8002);
#2716=VERTEX_POINT('',#8005);
#2717=VERTEX_POINT('',#8006);
#2718=VERTEX_POINT('',#8008);
#2719=VERTEX_POINT('',#8010);
#2720=VERTEX_POINT('',#8012);
#2721=VERTEX_POINT('',#8015);
#2722=VERTEX_POINT('',#8016);
#2723=VERTEX_POINT('',#8018);
#2724=VERTEX_POINT('',#8020);
#2725=VERTEX_POINT('',#8023);
#2726=VERTEX_POINT('',#8024);
#2727=VERTEX_POINT('',#8026);
#2728=VERTEX_POINT('',#8028);
#2729=VERTEX_POINT('',#8031);
#2730=VERTEX_POINT('',#8032);
#2731=VERTEX_POINT('',#8034);
#2732=VERTEX_POINT('',#8036);
#2733=VERTEX_POINT('',#8039);
#2734=VERTEX_POINT('',#8040);
#2735=VERTEX_POINT('',#8042);
#2736=VERTEX_POINT('',#8044);
#2737=VERTEX_POINT('',#8047);
#2738=VERTEX_POINT('',#8048);
#2739=VERTEX_POINT('',#8050);
#2740=VERTEX_POINT('',#8052);
#2741=VERTEX_POINT('',#8055);
#2742=VERTEX_POINT('',#8056);
#2743=VERTEX_POINT('',#8058);
#2744=VERTEX_POINT('',#8061);
#2745=VERTEX_POINT('',#8062);
#2746=VERTEX_POINT('',#8064);
#2747=VERTEX_POINT('',#8066);
#2748=VERTEX_POINT('',#8070);
#2749=VERTEX_POINT('',#8071);
#2750=VERTEX_POINT('',#8073);
#2751=VERTEX_POINT('',#8075);
#2752=VERTEX_POINT('',#8078);
#2753=VERTEX_POINT('',#8079);
#2754=VERTEX_POINT('',#8081);
#2755=VERTEX_POINT('',#8084);
#2756=VERTEX_POINT('',#8085);
#2757=VERTEX_POINT('',#8087);
#2758=VERTEX_POINT('',#8089);
#2759=VERTEX_POINT('',#8092);
#2760=VERTEX_POINT('',#8093);
#2761=VERTEX_POINT('',#8095);
#2762=VERTEX_POINT('',#8097);
#2763=VERTEX_POINT('',#8099);
#2764=VERTEX_POINT('',#8102);
#2765=VERTEX_POINT('',#8103);
#2766=VERTEX_POINT('',#8105);
#2767=VERTEX_POINT('',#8107);
#2768=VERTEX_POINT('',#8110);
#2769=VERTEX_POINT('',#8111);
#2770=VERTEX_POINT('',#8113);
#2771=VERTEX_POINT('',#8115);
#2772=VERTEX_POINT('',#8118);
#2773=VERTEX_POINT('',#8119);
#2774=VERTEX_POINT('',#8121);
#2775=VERTEX_POINT('',#8124);
#2776=VERTEX_POINT('',#8125);
#2777=VERTEX_POINT('',#8127);
#2778=VERTEX_POINT('',#8129);
#2779=VERTEX_POINT('',#8132);
#2780=VERTEX_POINT('',#8133);
#2781=VERTEX_POINT('',#8135);
#2782=VERTEX_POINT('',#8137);
#2783=VERTEX_POINT('',#8140);
#2784=VERTEX_POINT('',#8141);
#2785=VERTEX_POINT('',#8143);
#2786=VERTEX_POINT('',#8145);
#2787=VERTEX_POINT('',#8147);
#2788=VERTEX_POINT('',#8150);
#2789=VERTEX_POINT('',#8151);
#2790=VERTEX_POINT('',#8153);
#2791=VERTEX_POINT('',#8155);
#2792=VERTEX_POINT('',#8158);
#2793=VERTEX_POINT('',#8159);
#2794=VERTEX_POINT('',#8161);
#2795=VERTEX_POINT('',#8163);
#2796=VERTEX_POINT('',#8165);
#2797=VERTEX_POINT('',#8167);
#2798=VERTEX_POINT('',#8169);
#2799=VERTEX_POINT('',#8171);
#2800=VERTEX_POINT('',#8173);
#2801=VERTEX_POINT('',#8175);
#2802=VERTEX_POINT('',#8177);
#2803=VERTEX_POINT('',#8179);
#2804=VERTEX_POINT('',#8181);
#2805=VERTEX_POINT('',#8183);
#2806=VERTEX_POINT('',#8185);
#2807=VERTEX_POINT('',#8187);
#2808=VERTEX_POINT('',#8189);
#2809=VERTEX_POINT('',#8191);
#2810=VERTEX_POINT('',#8193);
#2811=VERTEX_POINT('',#8195);
#2812=VERTEX_POINT('',#8197);
#2813=VERTEX_POINT('',#8199);
#2814=VERTEX_POINT('',#8201);
#2815=VERTEX_POINT('',#8203);
#2816=VERTEX_POINT('',#8205);
#2817=VERTEX_POINT('',#8207);
#2818=VERTEX_POINT('',#8209);
#2819=VERTEX_POINT('',#8213);
#2820=VERTEX_POINT('',#8214);
#2821=VERTEX_POINT('',#8216);
#2822=VERTEX_POINT('',#8218);
#2823=VERTEX_POINT('',#8220);
#2824=VERTEX_POINT('',#8222);
#2825=VERTEX_POINT('',#8224);
#2826=VERTEX_POINT('',#8226);
#2827=VERTEX_POINT('',#8230);
#2828=VERTEX_POINT('',#8231);
#2829=VERTEX_POINT('',#8233);
#2830=VERTEX_POINT('',#8235);
#2831=VERTEX_POINT('',#8237);
#2832=VERTEX_POINT('',#8239);
#2833=VERTEX_POINT('',#8241);
#2834=VERTEX_POINT('',#8245);
#2835=VERTEX_POINT('',#8247);
#2836=VERTEX_POINT('',#8251);
#2837=VERTEX_POINT('',#8253);
#2838=VERTEX_POINT('',#8257);
#2839=VERTEX_POINT('',#8258);
#2840=VERTEX_POINT('',#8263);
#2841=VERTEX_POINT('',#8264);
#2842=VERTEX_POINT('',#8266);
#2843=VERTEX_POINT('',#8268);
#2844=VERTEX_POINT('',#8271);
#2845=VERTEX_POINT('',#8274);
#2846=VERTEX_POINT('',#8276);
#2847=VERTEX_POINT('',#8279);
#2848=VERTEX_POINT('',#8281);
#2849=VERTEX_POINT('',#8283);
#2850=VERTEX_POINT('',#8285);
#2851=VERTEX_POINT('',#8287);
#2852=VERTEX_POINT('',#8289);
#2853=VERTEX_POINT('',#8292);
#2854=VERTEX_POINT('',#8293);
#2855=VERTEX_POINT('',#8295);
#2856=VERTEX_POINT('',#8297);
#2857=VERTEX_POINT('',#8319);
#2858=VERTEX_POINT('',#8320);
#2859=VERTEX_POINT('',#8322);
#2860=VERTEX_POINT('',#8324);
#2861=VERTEX_POINT('',#8327);
#2862=VERTEX_POINT('',#8329);
#2863=VERTEX_POINT('',#8333);
#2864=VERTEX_POINT('',#8335);
#2865=VERTEX_POINT('',#8339);
#2866=VERTEX_POINT('',#8341);
#2867=VERTEX_POINT('',#8344);
#2868=VERTEX_POINT('',#8346);
#2869=VERTEX_POINT('',#8350);
#2870=VERTEX_POINT('',#8351);
#2871=VERTEX_POINT('',#8353);
#2872=VERTEX_POINT('',#8356);
#2873=VERTEX_POINT('',#8358);
#2874=VERTEX_POINT('',#8362);
#2875=VERTEX_POINT('',#8364);
#2876=VERTEX_POINT('',#8366);
#2877=VERTEX_POINT('',#8369);
#2878=VERTEX_POINT('',#8373);
#2879=VERTEX_POINT('',#8374);
#2880=VERTEX_POINT('',#8377);
#2881=VERTEX_POINT('',#8379);
#2882=VERTEX_POINT('',#8383);
#2883=VERTEX_POINT('',#8385);
#2884=VERTEX_POINT('',#8390);
#2885=VERTEX_POINT('',#8391);
#2886=VERTEX_POINT('',#8393);
#2887=VERTEX_POINT('',#8396);
#2888=VERTEX_POINT('',#8397);
#2889=VERTEX_POINT('',#8399);
#2890=VERTEX_POINT('',#8401);
#2891=VERTEX_POINT('',#8404);
#2892=VERTEX_POINT('',#8405);
#2893=VERTEX_POINT('',#8407);
#2894=VERTEX_POINT('',#8409);
#2895=VERTEX_POINT('',#8412);
#2896=VERTEX_POINT('',#8413);
#2897=VERTEX_POINT('',#8415);
#2898=VERTEX_POINT('',#8417);
#2899=VERTEX_POINT('',#8420);
#2900=VERTEX_POINT('',#8421);
#2901=VERTEX_POINT('',#8423);
#2902=VERTEX_POINT('',#8425);
#2903=VERTEX_POINT('',#8428);
#2904=VERTEX_POINT('',#8430);
#2905=VERTEX_POINT('',#8433);
#2906=VERTEX_POINT('',#8434);
#2907=VERTEX_POINT('',#8436);
#2908=VERTEX_POINT('',#8438);
#2909=VERTEX_POINT('',#8441);
#2910=VERTEX_POINT('',#8442);
#2911=VERTEX_POINT('',#8444);
#2912=VERTEX_POINT('',#8447);
#2913=VERTEX_POINT('',#8448);
#2914=VERTEX_POINT('',#8450);
#2915=VERTEX_POINT('',#8453);
#2916=VERTEX_POINT('',#8454);
#2917=VERTEX_POINT('',#8456);
#2918=VERTEX_POINT('',#8458);
#2919=VERTEX_POINT('',#8461);
#2920=VERTEX_POINT('',#8462);
#2921=VERTEX_POINT('',#8465);
#2922=VERTEX_POINT('',#8468);
#2923=VERTEX_POINT('',#8469);
#2924=VERTEX_POINT('',#8471);
#2925=VERTEX_POINT('',#8473);
#2926=VERTEX_POINT('',#8475);
#2927=VERTEX_POINT('',#8478);
#2928=VERTEX_POINT('',#8479);
#2929=VERTEX_POINT('',#8481);
#2930=VERTEX_POINT('',#8483);
#2931=VERTEX_POINT('',#8486);
#2932=VERTEX_POINT('',#8487);
#2933=VERTEX_POINT('',#8489);
#2934=VERTEX_POINT('',#8491);
#2935=VERTEX_POINT('',#8495);
#2936=VERTEX_POINT('',#8496);
#2937=VERTEX_POINT('',#8498);
#2938=VERTEX_POINT('',#8500);
#2939=VERTEX_POINT('',#8503);
#2940=VERTEX_POINT('',#8504);
#2941=VERTEX_POINT('',#8506);
#2942=VERTEX_POINT('',#8508);
#2943=VERTEX_POINT('',#8510);
#2944=VERTEX_POINT('',#8512);
#2945=VERTEX_POINT('',#8514);
#2946=VERTEX_POINT('',#8516);
#2947=VERTEX_POINT('',#8518);
#2948=VERTEX_POINT('',#8520);
#2949=VERTEX_POINT('',#8522);
#2950=VERTEX_POINT('',#8525);
#2951=VERTEX_POINT('',#8528);
#2952=VERTEX_POINT('',#8530);
#2953=VERTEX_POINT('',#8533);
#2954=VERTEX_POINT('',#8535);
#2955=VERTEX_POINT('',#8537);
#2956=VERTEX_POINT('',#8539);
#2957=VERTEX_POINT('',#8542);
#2958=VERTEX_POINT('',#8543);
#2959=VERTEX_POINT('',#8545);
#2960=VERTEX_POINT('',#8548);
#2961=VERTEX_POINT('',#8549);
#2962=VERTEX_POINT('',#8551);
#2963=VERTEX_POINT('',#8553);
#2964=VERTEX_POINT('',#8556);
#2965=VERTEX_POINT('',#8557);
#2966=VERTEX_POINT('',#8559);
#2967=VERTEX_POINT('',#8561);
#2968=VERTEX_POINT('',#8564);
#2969=VERTEX_POINT('',#8565);
#2970=VERTEX_POINT('',#8567);
#2971=VERTEX_POINT('',#8569);
#2972=VERTEX_POINT('',#8572);
#2973=VERTEX_POINT('',#8573);
#2974=VERTEX_POINT('',#8575);
#2975=VERTEX_POINT('',#8578);
#2976=VERTEX_POINT('',#8579);
#2977=VERTEX_POINT('',#8581);
#2978=VERTEX_POINT('',#8583);
#2979=VERTEX_POINT('',#8593);
#2980=VERTEX_POINT('',#8594);
#2981=VERTEX_POINT('',#8596);
#2982=VERTEX_POINT('',#8599);
#2983=VERTEX_POINT('',#8601);
#2984=VERTEX_POINT('',#8605);
#2985=VERTEX_POINT('',#8607);
#2986=VERTEX_POINT('',#8609);
#2987=VERTEX_POINT('',#8612);
#2988=VERTEX_POINT('',#8616);
#2989=VERTEX_POINT('',#8617);
#2990=VERTEX_POINT('',#8620);
#2991=VERTEX_POINT('',#8622);
#2992=VERTEX_POINT('',#8626);
#2993=VERTEX_POINT('',#8628);
#2994=VERTEX_POINT('',#8633);
#2995=VERTEX_POINT('',#8634);
#2996=VERTEX_POINT('',#8636);
#2997=VERTEX_POINT('',#8638);
#2998=VERTEX_POINT('',#8641);
#2999=VERTEX_POINT('',#8643);
#3000=VERTEX_POINT('',#8647);
#3001=VERTEX_POINT('',#8649);
#3002=VERTEX_POINT('',#8653);
#3003=VERTEX_POINT('',#8655);
#3004=VERTEX_POINT('',#8660);
#3005=VERTEX_POINT('',#8661);
#3006=VERTEX_POINT('',#8663);
#3007=VERTEX_POINT('',#8666);
#3008=VERTEX_POINT('',#8667);
#3009=VERTEX_POINT('',#8669);
#3010=VERTEX_POINT('',#8671);
#3011=VERTEX_POINT('',#8674);
#3012=VERTEX_POINT('',#8675);
#3013=VERTEX_POINT('',#8677);
#3014=VERTEX_POINT('',#8679);
#3015=VERTEX_POINT('',#8685);
#3016=VERTEX_POINT('',#8686);
#3017=VERTEX_POINT('',#8688);
#3018=VERTEX_POINT('',#8690);
#3019=VERTEX_POINT('',#8693);
#3020=VERTEX_POINT('',#8696);
#3021=VERTEX_POINT('',#8697);
#3022=VERTEX_POINT('',#8699);
#3023=VERTEX_POINT('',#8703);
#3024=VERTEX_POINT('',#8704);
#3025=VERTEX_POINT('',#8706);
#3026=VERTEX_POINT('',#8708);
#3027=VERTEX_POINT('',#8711);
#3028=VERTEX_POINT('',#8712);
#3029=VERTEX_POINT('',#8714);
#3030=VERTEX_POINT('',#8716);
#3031=VERTEX_POINT('',#8718);
#3032=VERTEX_POINT('',#8721);
#3033=VERTEX_POINT('',#8722);
#3034=VERTEX_POINT('',#8724);
#3035=VERTEX_POINT('',#8726);
#3036=VERTEX_POINT('',#8728);
#3037=VERTEX_POINT('',#8731);
#3038=VERTEX_POINT('',#8732);
#3039=VERTEX_POINT('',#8734);
#3040=VERTEX_POINT('',#8736);
#3041=VERTEX_POINT('',#8739);
#3042=VERTEX_POINT('',#8740);
#3043=VERTEX_POINT('',#8742);
#3044=VERTEX_POINT('',#8744);
#3045=VERTEX_POINT('',#8748);
#3046=VERTEX_POINT('',#8749);
#3047=VERTEX_POINT('',#8751);
#3048=VERTEX_POINT('',#8753);
#3049=VERTEX_POINT('',#8756);
#3050=VERTEX_POINT('',#8757);
#3051=VERTEX_POINT('',#8759);
#3052=VERTEX_POINT('',#8761);
#3053=VERTEX_POINT('',#8763);
#3054=VERTEX_POINT('',#8766);
#3055=VERTEX_POINT('',#8767);
#3056=VERTEX_POINT('',#8769);
#3057=VERTEX_POINT('',#8771);
#3058=VERTEX_POINT('',#8774);
#3059=VERTEX_POINT('',#8775);
#3060=VERTEX_POINT('',#8777);
#3061=VERTEX_POINT('',#8780);
#3062=VERTEX_POINT('',#8781);
#3063=VERTEX_POINT('',#8783);
#3064=VERTEX_POINT('',#8785);
#3065=VERTEX_POINT('',#8787);
#3066=VERTEX_POINT('',#8790);
#3067=VERTEX_POINT('',#8796);
#3068=VERTEX_POINT('',#8797);
#3069=VERTEX_POINT('',#8799);
#3070=VERTEX_POINT('',#8801);
#3071=VERTEX_POINT('',#8805);
#3072=VERTEX_POINT('',#8806);
#3073=VERTEX_POINT('',#8808);
#3074=VERTEX_POINT('',#8810);
#3075=VERTEX_POINT('',#8813);
#3076=VERTEX_POINT('',#8814);
#3077=VERTEX_POINT('',#8816);
#3078=VERTEX_POINT('',#8818);
#3079=VERTEX_POINT('',#8821);
#3080=VERTEX_POINT('',#8822);
#3081=VERTEX_POINT('',#8824);
#3082=VERTEX_POINT('',#8827);
#3083=VERTEX_POINT('',#8828);
#3084=VERTEX_POINT('',#8830);
#3085=VERTEX_POINT('',#8832);
#3086=VERTEX_POINT('',#8836);
#3087=VERTEX_POINT('',#8842);
#3088=VERTEX_POINT('',#8848);
#3089=VERTEX_POINT('',#8853);
#3090=VERTEX_POINT('',#8855);
#3091=VERTEX_POINT('',#8857);
#3092=VERTEX_POINT('',#8859);
#3093=VERTEX_POINT('',#8862);
#3094=VERTEX_POINT('',#8864);
#3095=VERTEX_POINT('',#8866);
#3096=VERTEX_POINT('',#8868);
#3097=VERTEX_POINT('',#9045);
#3098=VERTEX_POINT('',#9047);
#3099=VERTEX_POINT('',#9054);
#3100=VERTEX_POINT('',#9055);
#3101=VERTEX_POINT('',#9069);
#3102=VERTEX_POINT('',#9071);
#3103=VERTEX_POINT('',#9080);
#3104=VERTEX_POINT('',#9096);
#3105=VERTEX_POINT('',#9098);
#3106=VERTEX_POINT('',#9102);
#3107=VERTEX_POINT('',#9109);
#3108=VERTEX_POINT('',#9120);
#3109=VERTEX_POINT('',#9122);
#3110=VERTEX_POINT('',#9124);
#3111=VERTEX_POINT('',#9131);
#3112=VERTEX_POINT('',#9137);
#3113=VERTEX_POINT('',#9186);
#3114=VERTEX_POINT('',#9187);
#3115=VERTEX_POINT('',#9189);
#3116=VERTEX_POINT('',#9191);
#3117=VERTEX_POINT('',#9197);
#3118=VERTEX_POINT('',#9211);
#3119=VERTEX_POINT('',#9214);
#3120=VERTEX_POINT('',#9218);
#3121=VERTEX_POINT('',#9227);
#3122=VERTEX_POINT('',#9235);
#3123=VERTEX_POINT('',#9237);
#3124=VERTEX_POINT('',#9246);
#3125=VERTEX_POINT('',#9254);
#3126=VERTEX_POINT('',#9259);
#3127=VERTEX_POINT('',#9267);
#3128=VERTEX_POINT('',#9269);
#3129=VERTEX_POINT('',#9273);
#3130=VERTEX_POINT('',#9278);
#3131=VERTEX_POINT('',#9343);
#3132=VERTEX_POINT('',#9346);
#3133=VERTEX_POINT('',#9350);
#3134=LINE('',#7704,#3936);
#3135=LINE('',#7707,#3937);
#3136=LINE('',#7709,#3938);
#3137=LINE('',#7711,#3939);
#3138=LINE('',#7713,#3940);
#3139=LINE('',#7718,#3941);
#3140=LINE('',#7720,#3942);
#3141=LINE('',#7722,#3943);
#3142=LINE('',#7727,#3944);
#3143=LINE('',#7729,#3945);
#3144=LINE('',#7734,#3946);
#3145=LINE('',#7736,#3947);
#3146=LINE('',#7738,#3948);
#3147=LINE('',#7740,#3949);
#3148=LINE('',#7745,#3950);
#3149=LINE('',#7747,#3951);
#3150=LINE('',#7749,#3952);
#3151=LINE('',#7752,#3953);
#3152=LINE('',#7754,#3954);
#3153=LINE('',#7756,#3955);
#3154=LINE('',#7757,#3956);
#3155=LINE('',#7759,#3957);
#3156=LINE('',#7761,#3958);
#3157=LINE('',#7762,#3959);
#3158=LINE('',#7765,#3960);
#3159=LINE('',#7767,#3961);
#3160=LINE('',#7769,#3962);
#3161=LINE('',#7771,#3963);
#3162=LINE('',#7772,#3964);
#3163=LINE('',#7775,#3965);
#3164=LINE('',#7777,#3966);
#3165=LINE('',#7779,#3967);
#3166=LINE('',#7780,#3968);
#3167=LINE('',#7783,#3969);
#3168=LINE('',#7785,#3970);
#3169=LINE('',#7787,#3971);
#3170=LINE('',#7789,#3972);
#3171=LINE('',#7791,#3973);
#3172=LINE('',#7793,#3974);
#3173=LINE('',#7795,#3975);
#3174=LINE('',#7796,#3976);
#3175=LINE('',#7799,#3977);
#3176=LINE('',#7801,#3978);
#3177=LINE('',#7803,#3979);
#3178=LINE('',#7804,#3980);
#3179=LINE('',#7807,#3981);
#3180=LINE('',#7809,#3982);
#3181=LINE('',#7811,#3983);
#3182=LINE('',#7812,#3984);
#3183=LINE('',#7815,#3985);
#3184=LINE('',#7817,#3986);
#3185=LINE('',#7819,#3987);
#3186=LINE('',#7820,#3988);
#3187=LINE('',#7823,#3989);
#3188=LINE('',#7825,#3990);
#3189=LINE('',#7826,#3991);
#3190=LINE('',#7829,#3992);
#3191=LINE('',#7831,#3993);
#3192=LINE('',#7833,#3994);
#3193=LINE('',#7834,#3995);
#3194=LINE('',#7837,#3996);
#3195=LINE('',#7839,#3997);
#3196=LINE('',#7841,#3998);
#3197=LINE('',#7843,#3999);
#3198=LINE('',#7844,#4000);
#3199=LINE('',#7847,#4001);
#3200=LINE('',#7849,#4002);
#3201=LINE('',#7850,#4003);
#3202=LINE('',#7853,#4004);
#3203=LINE('',#7855,#4005);
#3204=LINE('',#7857,#4006);
#3205=LINE('',#7859,#4007);
#3206=LINE('',#7862,#4008);
#3207=LINE('',#7864,#4009);
#3208=LINE('',#7866,#4010);
#3209=LINE('',#7868,#4011);
#3210=LINE('',#7870,#4012);
#3211=LINE('',#7872,#4013);
#3212=LINE('',#7874,#4014);
#3213=LINE('',#7876,#4015);
#3214=LINE('',#7878,#4016);
#3215=LINE('',#7880,#4017);
#3216=LINE('',#7882,#4018);
#3217=LINE('',#7884,#4019);
#3218=LINE('',#7886,#4020);
#3219=LINE('',#7888,#4021);
#3220=LINE('',#7890,#4022);
#3221=LINE('',#7892,#4023);
#3222=LINE('',#7894,#4024);
#3223=LINE('',#7896,#4025);
#3224=LINE('',#7898,#4026);
#3225=LINE('',#7900,#4027);
#3226=LINE('',#7901,#4028);
#3227=LINE('',#7904,#4029);
#3228=LINE('',#7906,#4030);
#3229=LINE('',#7908,#4031);
#3230=LINE('',#7909,#4032);
#3231=LINE('',#7912,#4033);
#3232=LINE('',#7914,#4034);
#3233=LINE('',#7916,#4035);
#3234=LINE('',#7918,#4036);
#3235=LINE('',#7920,#4037);
#3236=LINE('',#7922,#4038);
#3237=LINE('',#7924,#4039);
#3238=LINE('',#7926,#4040);
#3239=LINE('',#7929,#4041);
#3240=LINE('',#7931,#4042);
#3241=LINE('',#7933,#4043);
#3242=LINE('',#7935,#4044);
#3243=LINE('',#7937,#4045);
#3244=LINE('',#7939,#4046);
#3245=LINE('',#7941,#4047);
#3246=LINE('',#7943,#4048);
#3247=LINE('',#7945,#4049);
#3248=LINE('',#7947,#4050);
#3249=LINE('',#7949,#4051);
#3250=LINE('',#7951,#4052);
#3251=LINE('',#7953,#4053);
#3252=LINE('',#7955,#4054);
#3253=LINE('',#7957,#4055);
#3254=LINE('',#7959,#4056);
#3255=LINE('',#7961,#4057);
#3256=LINE('',#7963,#4058);
#3257=LINE('',#7965,#4059);
#3258=LINE('',#7967,#4060);
#3259=LINE('',#7969,#4061);
#3260=LINE('',#7971,#4062);
#3261=LINE('',#7972,#4063);
#3262=LINE('',#7975,#4064);
#3263=LINE('',#7977,#4065);
#3264=LINE('',#7979,#4066);
#3265=LINE('',#7980,#4067);
#3266=LINE('',#7983,#4068);
#3267=LINE('',#7985,#4069);
#3268=LINE('',#7987,#4070);
#3269=LINE('',#7989,#4071);
#3270=LINE('',#7990,#4072);
#3271=LINE('',#7993,#4073);
#3272=LINE('',#7995,#4074);
#3273=LINE('',#7997,#4075);
#3274=LINE('',#7998,#4076);
#3275=LINE('',#8001,#4077);
#3276=LINE('',#8003,#4078);
#3277=LINE('',#8004,#4079);
#3278=LINE('',#8007,#4080);
#3279=LINE('',#8009,#4081);
#3280=LINE('',#8011,#4082);
#3281=LINE('',#8013,#4083);
#3282=LINE('',#8014,#4084);
#3283=LINE('',#8017,#4085);
#3284=LINE('',#8019,#4086);
#3285=LINE('',#8021,#4087);
#3286=LINE('',#8022,#4088);
#3287=LINE('',#8025,#4089);
#3288=LINE('',#8027,#4090);
#3289=LINE('',#8029,#4091);
#3290=LINE('',#8030,#4092);
#3291=LINE('',#8033,#4093);
#3292=LINE('',#8035,#4094);
#3293=LINE('',#8037,#4095);
#3294=LINE('',#8038,#4096);
#3295=LINE('',#8041,#4097);
#3296=LINE('',#8043,#4098);
#3297=LINE('',#8045,#4099);
#3298=LINE('',#8046,#4100);
#3299=LINE('',#8049,#4101);
#3300=LINE('',#8051,#4102);
#3301=LINE('',#8053,#4103);
#3302=LINE('',#8054,#4104);
#3303=LINE('',#8057,#4105);
#3304=LINE('',#8059,#4106);
#3305=LINE('',#8060,#4107);
#3306=LINE('',#8063,#4108);
#3307=LINE('',#8065,#4109);
#3308=LINE('',#8067,#4110);
#3309=LINE('',#8069,#4111);
#3310=LINE('',#8072,#4112);
#3311=LINE('',#8074,#4113);
#3312=LINE('',#8076,#4114);
#3313=LINE('',#8077,#4115);
#3314=LINE('',#8080,#4116);
#3315=LINE('',#8082,#4117);
#3316=LINE('',#8083,#4118);
#3317=LINE('',#8086,#4119);
#3318=LINE('',#8088,#4120);
#3319=LINE('',#8090,#4121);
#3320=LINE('',#8091,#4122);
#3321=LINE('',#8094,#4123);
#3322=LINE('',#8096,#4124);
#3323=LINE('',#8098,#4125);
#3324=LINE('',#8100,#4126);
#3325=LINE('',#8101,#4127);
#3326=LINE('',#8104,#4128);
#3327=LINE('',#8106,#4129);
#3328=LINE('',#8108,#4130);
#3329=LINE('',#8109,#4131);
#3330=LINE('',#8112,#4132);
#3331=LINE('',#8114,#4133);
#3332=LINE('',#8116,#4134);
#3333=LINE('',#8117,#4135);
#3334=LINE('',#8120,#4136);
#3335=LINE('',#8122,#4137);
#3336=LINE('',#8123,#4138);
#3337=LINE('',#8126,#4139);
#3338=LINE('',#8128,#4140);
#3339=LINE('',#8130,#4141);
#3340=LINE('',#8131,#4142);
#3341=LINE('',#8134,#4143);
#3342=LINE('',#8136,#4144);
#3343=LINE('',#8138,#4145);
#3344=LINE('',#8139,#4146);
#3345=LINE('',#8142,#4147);
#3346=LINE('',#8144,#4148);
#3347=LINE('',#8146,#4149);
#3348=LINE('',#8148,#4150);
#3349=LINE('',#8149,#4151);
#3350=LINE('',#8152,#4152);
#3351=LINE('',#8154,#4153);
#3352=LINE('',#8156,#4154);
#3353=LINE('',#8157,#4155);
#3354=LINE('',#8160,#4156);
#3355=LINE('',#8162,#4157);
#3356=LINE('',#8164,#4158);
#3357=LINE('',#8166,#4159);
#3358=LINE('',#8168,#4160);
#3359=LINE('',#8170,#4161);
#3360=LINE('',#8172,#4162);
#3361=LINE('',#8174,#4163);
#3362=LINE('',#8176,#4164);
#3363=LINE('',#8178,#4165);
#3364=LINE('',#8180,#4166);
#3365=LINE('',#8182,#4167);
#3366=LINE('',#8184,#4168);
#3367=LINE('',#8186,#4169);
#3368=LINE('',#8188,#4170);
#3369=LINE('',#8190,#4171);
#3370=LINE('',#8192,#4172);
#3371=LINE('',#8194,#4173);
#3372=LINE('',#8196,#4174);
#3373=LINE('',#8198,#4175);
#3374=LINE('',#8200,#4176);
#3375=LINE('',#8202,#4177);
#3376=LINE('',#8204,#4178);
#3377=LINE('',#8206,#4179);
#3378=LINE('',#8208,#4180);
#3379=LINE('',#8210,#4181);
#3380=LINE('',#8212,#4182);
#3381=LINE('',#8215,#4183);
#3382=LINE('',#8217,#4184);
#3383=LINE('',#8219,#4185);
#3384=LINE('',#8221,#4186);
#3385=LINE('',#8223,#4187);
#3386=LINE('',#8225,#4188);
#3387=LINE('',#8227,#4189);
#3388=LINE('',#8229,#4190);
#3389=LINE('',#8232,#4191);
#3390=LINE('',#8234,#4192);
#3391=LINE('',#8236,#4193);
#3392=LINE('',#8238,#4194);
#3393=LINE('',#8240,#4195);
#3394=LINE('',#8242,#4196);
#3395=LINE('',#8244,#4197);
#3396=LINE('',#8246,#4198);
#3397=LINE('',#8248,#4199);
#3398=LINE('',#8250,#4200);
#3399=LINE('',#8252,#4201);
#3400=LINE('',#8254,#4202);
#3401=LINE('',#8256,#4203);
#3402=LINE('',#8259,#4204);
#3403=LINE('',#8260,#4205);
#3404=LINE('',#8262,#4206);
#3405=LINE('',#8265,#4207);
#3406=LINE('',#8267,#4208);
#3407=LINE('',#8269,#4209);
#3408=LINE('',#8270,#4210);
#3409=LINE('',#8272,#4211);
#3410=LINE('',#8273,#4212);
#3411=LINE('',#8275,#4213);
#3412=LINE('',#8277,#4214);
#3413=LINE('',#8278,#4215);
#3414=LINE('',#8280,#4216);
#3415=LINE('',#8282,#4217);
#3416=LINE('',#8284,#4218);
#3417=LINE('',#8286,#4219);
#3418=LINE('',#8288,#4220);
#3419=LINE('',#8290,#4221);
#3420=LINE('',#8291,#4222);
#3421=LINE('',#8294,#4223);
#3422=LINE('',#8296,#4224);
#3423=LINE('',#8298,#4225);
#3424=LINE('',#8300,#4226);
#3425=LINE('',#8301,#4227);
#3426=LINE('',#8303,#4228);
#3427=LINE('',#8304,#4229);
#3428=LINE('',#8306,#4230);
#3429=LINE('',#8307,#4231);
#3430=LINE('',#8309,#4232);
#3431=LINE('',#8310,#4233);
#3432=LINE('',#8312,#4234);
#3433=LINE('',#8313,#4235);
#3434=LINE('',#8315,#4236);
#3435=LINE('',#8316,#4237);
#3436=LINE('',#8318,#4238);
#3437=LINE('',#8321,#4239);
#3438=LINE('',#8323,#4240);
#3439=LINE('',#8325,#4241);
#3440=LINE('',#8326,#4242);
#3441=LINE('',#8328,#4243);
#3442=LINE('',#8330,#4244);
#3443=LINE('',#8332,#4245);
#3444=LINE('',#8334,#4246);
#3445=LINE('',#8336,#4247);
#3446=LINE('',#8338,#4248);
#3447=LINE('',#8340,#4249);
#3448=LINE('',#8342,#4250);
#3449=LINE('',#8343,#4251);
#3450=LINE('',#8345,#4252);
#3451=LINE('',#8347,#4253);
#3452=LINE('',#8349,#4254);
#3453=LINE('',#8352,#4255);
#3454=LINE('',#8354,#4256);
#3455=LINE('',#8355,#4257);
#3456=LINE('',#8357,#4258);
#3457=LINE('',#8359,#4259);
#3458=LINE('',#8361,#4260);
#3459=LINE('',#8363,#4261);
#3460=LINE('',#8365,#4262);
#3461=LINE('',#8367,#4263);
#3462=LINE('',#8368,#4264);
#3463=LINE('',#8370,#4265);
#3464=LINE('',#8372,#4266);
#3465=LINE('',#8375,#4267);
#3466=LINE('',#8376,#4268);
#3467=LINE('',#8378,#4269);
#3468=LINE('',#8380,#4270);
#3469=LINE('',#8382,#4271);
#3470=LINE('',#8384,#4272);
#3471=LINE('',#8386,#4273);
#3472=LINE('',#8387,#4274);
#3473=LINE('',#8389,#4275);
#3474=LINE('',#8392,#4276);
#3475=LINE('',#8394,#4277);
#3476=LINE('',#8395,#4278);
#3477=LINE('',#8398,#4279);
#3478=LINE('',#8400,#4280);
#3479=LINE('',#8402,#4281);
#3480=LINE('',#8403,#4282);
#3481=LINE('',#8406,#4283);
#3482=LINE('',#8408,#4284);
#3483=LINE('',#8410,#4285);
#3484=LINE('',#8411,#4286);
#3485=LINE('',#8414,#4287);
#3486=LINE('',#8416,#4288);
#3487=LINE('',#8418,#4289);
#3488=LINE('',#8419,#4290);
#3489=LINE('',#8422,#4291);
#3490=LINE('',#8424,#4292);
#3491=LINE('',#8426,#4293);
#3492=LINE('',#8427,#4294);
#3493=LINE('',#8429,#4295);
#3494=LINE('',#8431,#4296);
#3495=LINE('',#8432,#4297);
#3496=LINE('',#8435,#4298);
#3497=LINE('',#8437,#4299);
#3498=LINE('',#8439,#4300);
#3499=LINE('',#8440,#4301);
#3500=LINE('',#8443,#4302);
#3501=LINE('',#8445,#4303);
#3502=LINE('',#8446,#4304);
#3503=LINE('',#8449,#4305);
#3504=LINE('',#8451,#4306);
#3505=LINE('',#8452,#4307);
#3506=LINE('',#8455,#4308);
#3507=LINE('',#8457,#4309);
#3508=LINE('',#8459,#4310);
#3509=LINE('',#8460,#4311);
#3510=LINE('',#8463,#4312);
#3511=LINE('',#8464,#4313);
#3512=LINE('',#8466,#4314);
#3513=LINE('',#8467,#4315);
#3514=LINE('',#8470,#4316);
#3515=LINE('',#8472,#4317);
#3516=LINE('',#8474,#4318);
#3517=LINE('',#8476,#4319);
#3518=LINE('',#8477,#4320);
#3519=LINE('',#8480,#4321);
#3520=LINE('',#8482,#4322);
#3521=LINE('',#8484,#4323);
#3522=LINE('',#8485,#4324);
#3523=LINE('',#8488,#4325);
#3524=LINE('',#8490,#4326);
#3525=LINE('',#8492,#4327);
#3526=LINE('',#8494,#4328);
#3527=LINE('',#8497,#4329);
#3528=LINE('',#8499,#4330);
#3529=LINE('',#8501,#4331);
#3530=LINE('',#8502,#4332);
#3531=LINE('',#8505,#4333);
#3532=LINE('',#8507,#4334);
#3533=LINE('',#8509,#4335);
#3534=LINE('',#8511,#4336);
#3535=LINE('',#8513,#4337);
#3536=LINE('',#8515,#4338);
#3537=LINE('',#8517,#4339);
#3538=LINE('',#8519,#4340);
#3539=LINE('',#8521,#4341);
#3540=LINE('',#8523,#4342);
#3541=LINE('',#8524,#4343);
#3542=LINE('',#8526,#4344);
#3543=LINE('',#8527,#4345);
#3544=LINE('',#8529,#4346);
#3545=LINE('',#8531,#4347);
#3546=LINE('',#8532,#4348);
#3547=LINE('',#8534,#4349);
#3548=LINE('',#8536,#4350);
#3549=LINE('',#8538,#4351);
#3550=LINE('',#8540,#4352);
#3551=LINE('',#8541,#4353);
#3552=LINE('',#8544,#4354);
#3553=LINE('',#8546,#4355);
#3554=LINE('',#8547,#4356);
#3555=LINE('',#8550,#4357);
#3556=LINE('',#8552,#4358);
#3557=LINE('',#8554,#4359);
#3558=LINE('',#8555,#4360);
#3559=LINE('',#8558,#4361);
#3560=LINE('',#8560,#4362);
#3561=LINE('',#8562,#4363);
#3562=LINE('',#8563,#4364);
#3563=LINE('',#8566,#4365);
#3564=LINE('',#8568,#4366);
#3565=LINE('',#8570,#4367);
#3566=LINE('',#8571,#4368);
#3567=LINE('',#8574,#4369);
#3568=LINE('',#8576,#4370);
#3569=LINE('',#8577,#4371);
#3570=LINE('',#8580,#4372);
#3571=LINE('',#8582,#4373);
#3572=LINE('',#8584,#4374);
#3573=LINE('',#8586,#4375);
#3574=LINE('',#8587,#4376);
#3575=LINE('',#8589,#4377);
#3576=LINE('',#8590,#4378);
#3577=LINE('',#8592,#4379);
#3578=LINE('',#8595,#4380);
#3579=LINE('',#8597,#4381);
#3580=LINE('',#8598,#4382);
#3581=LINE('',#8600,#4383);
#3582=LINE('',#8602,#4384);
#3583=LINE('',#8604,#4385);
#3584=LINE('',#8606,#4386);
#3585=LINE('',#8608,#4387);
#3586=LINE('',#8610,#4388);
#3587=LINE('',#8611,#4389);
#3588=LINE('',#8613,#4390);
#3589=LINE('',#8615,#4391);
#3590=LINE('',#8618,#4392);
#3591=LINE('',#8619,#4393);
#3592=LINE('',#8621,#4394);
#3593=LINE('',#8623,#4395);
#3594=LINE('',#8625,#4396);
#3595=LINE('',#8627,#4397);
#3596=LINE('',#8629,#4398);
#3597=LINE('',#8630,#4399);
#3598=LINE('',#8632,#4400);
#3599=LINE('',#8635,#4401);
#3600=LINE('',#8637,#4402);
#3601=LINE('',#8639,#4403);
#3602=LINE('',#8640,#4404);
#3603=LINE('',#8642,#4405);
#3604=LINE('',#8644,#4406);
#3605=LINE('',#8646,#4407);
#3606=LINE('',#8648,#4408);
#3607=LINE('',#8650,#4409);
#3608=LINE('',#8652,#4410);
#3609=LINE('',#8654,#4411);
#3610=LINE('',#8656,#4412);
#3611=LINE('',#8657,#4413);
#3612=LINE('',#8659,#4414);
#3613=LINE('',#8662,#4415);
#3614=LINE('',#8664,#4416);
#3615=LINE('',#8665,#4417);
#3616=LINE('',#8668,#4418);
#3617=LINE('',#8670,#4419);
#3618=LINE('',#8672,#4420);
#3619=LINE('',#8673,#4421);
#3620=LINE('',#8676,#4422);
#3621=LINE('',#8678,#4423);
#3622=LINE('',#8680,#4424);
#3623=LINE('',#8681,#4425);
#3624=LINE('',#8682,#4426);
#3625=LINE('',#8683,#4427);
#3626=LINE('',#8684,#4428);
#3627=LINE('',#8687,#4429);
#3628=LINE('',#8689,#4430);
#3629=LINE('',#8691,#4431);
#3630=LINE('',#8692,#4432);
#3631=LINE('',#8694,#4433);
#3632=LINE('',#8695,#4434);
#3633=LINE('',#8698,#4435);
#3634=LINE('',#8700,#4436);
#3635=LINE('',#8701,#4437);
#3636=LINE('',#8702,#4438);
#3637=LINE('',#8705,#4439);
#3638=LINE('',#8707,#4440);
#3639=LINE('',#8709,#4441);
#3640=LINE('',#8710,#4442);
#3641=LINE('',#8713,#4443);
#3642=LINE('',#8715,#4444);
#3643=LINE('',#8717,#4445);
#3644=LINE('',#8719,#4446);
#3645=LINE('',#8720,#4447);
#3646=LINE('',#8723,#4448);
#3647=LINE('',#8725,#4449);
#3648=LINE('',#8727,#4450);
#3649=LINE('',#8729,#4451);
#3650=LINE('',#8730,#4452);
#3651=LINE('',#8733,#4453);
#3652=LINE('',#8735,#4454);
#3653=LINE('',#8737,#4455);
#3654=LINE('',#8738,#4456);
#3655=LINE('',#8741,#4457);
#3656=LINE('',#8743,#4458);
#3657=LINE('',#8745,#4459);
#3658=LINE('',#8747,#4460);
#3659=LINE('',#8750,#4461);
#3660=LINE('',#8752,#4462);
#3661=LINE('',#8754,#4463);
#3662=LINE('',#8755,#4464);
#3663=LINE('',#8758,#4465);
#3664=LINE('',#8760,#4466);
#3665=LINE('',#8762,#4467);
#3666=LINE('',#8764,#4468);
#3667=LINE('',#8765,#4469);
#3668=LINE('',#8768,#4470);
#3669=LINE('',#8770,#4471);
#3670=LINE('',#8772,#4472);
#3671=LINE('',#8773,#4473);
#3672=LINE('',#8776,#4474);
#3673=LINE('',#8778,#4475);
#3674=LINE('',#8779,#4476);
#3675=LINE('',#8782,#4477);
#3676=LINE('',#8784,#4478);
#3677=LINE('',#8786,#4479);
#3678=LINE('',#8788,#4480);
#3679=LINE('',#8789,#4481);
#3680=LINE('',#8791,#4482);
#3681=LINE('',#8792,#4483);
#3682=LINE('',#8793,#4484);
#3683=LINE('',#8794,#4485);
#3684=LINE('',#8795,#4486);
#3685=LINE('',#8798,#4487);
#3686=LINE('',#8800,#4488);
#3687=LINE('',#8802,#4489);
#3688=LINE('',#8803,#4490);
#3689=LINE('',#8804,#4491);
#3690=LINE('',#8807,#4492);
#3691=LINE('',#8809,#4493);
#3692=LINE('',#8811,#4494);
#3693=LINE('',#8812,#4495);
#3694=LINE('',#8815,#4496);
#3695=LINE('',#8817,#4497);
#3696=LINE('',#8819,#4498);
#3697=LINE('',#8820,#4499);
#3698=LINE('',#8823,#4500);
#3699=LINE('',#8825,#4501);
#3700=LINE('',#8826,#4502);
#3701=LINE('',#8829,#4503);
#3702=LINE('',#8831,#4504);
#3703=LINE('',#8833,#4505);
#3704=LINE('',#8835,#4506);
#3705=LINE('',#8837,#4507);
#3706=LINE('',#8838,#4508);
#3707=LINE('',#8839,#4509);
#3708=LINE('',#8841,#4510);
#3709=LINE('',#8843,#4511);
#3710=LINE('',#8844,#4512);
#3711=LINE('',#8845,#4513);
#3712=LINE('',#8847,#4514);
#3713=LINE('',#8849,#4515);
#3714=LINE('',#8850,#4516);
#3715=LINE('',#8870,#4517);
#3716=LINE('',#8871,#4518);
#3717=LINE('',#8873,#4519);
#3718=LINE('',#8875,#4520);
#3719=LINE('',#8879,#4521);
#3720=LINE('',#8881,#4522);
#3721=LINE('',#8885,#4523);
#3722=LINE('',#8886,#4524);
#3723=LINE('',#8888,#4525);
#3724=LINE('',#8890,#4526);
#3725=LINE('',#8892,#4527);
#3726=LINE('',#8895,#4528);
#3727=LINE('',#8896,#4529);
#3728=LINE('',#8898,#4530);
#3729=LINE('',#8900,#4531);
#3730=LINE('',#8903,#4532);
#3731=LINE('',#8904,#4533);
#3732=LINE('',#8906,#4534);
#3733=LINE('',#8909,#4535);
#3734=LINE('',#8910,#4536);
#3735=LINE('',#8912,#4537);
#3736=LINE('',#8914,#4538);
#3737=LINE('',#8917,#4539);
#3738=LINE('',#8918,#4540);
#3739=LINE('',#8920,#4541);
#3740=LINE('',#8922,#4542);
#3741=LINE('',#8924,#4543);
#3742=LINE('',#8927,#4544);
#3743=LINE('',#8928,#4545);
#3744=LINE('',#8930,#4546);
#3745=LINE('',#8932,#4547);
#3746=LINE('',#8935,#4548);
#3747=LINE('',#8936,#4549);
#3748=LINE('',#8938,#4550);
#3749=LINE('',#8941,#4551);
#3750=LINE('',#8942,#4552);
#3751=LINE('',#8944,#4553);
#3752=LINE('',#8946,#4554);
#3753=LINE('',#8949,#4555);
#3754=LINE('',#8950,#4556);
#3755=LINE('',#8952,#4557);
#3756=LINE('',#8954,#4558);
#3757=LINE('',#8957,#4559);
#3758=LINE('',#8958,#4560);
#3759=LINE('',#8960,#4561);
#3760=LINE('',#8962,#4562);
#3761=LINE('',#8965,#4563);
#3762=LINE('',#8968,#4564);
#3763=LINE('',#8969,#4565);
#3764=LINE('',#8971,#4566);
#3765=LINE('',#8976,#4567);
#3766=LINE('',#8978,#4568);
#3767=LINE('',#8979,#4569);
#3768=LINE('',#8981,#4570);
#3769=LINE('',#8983,#4571);
#3770=LINE('',#8986,#4572);
#3771=LINE('',#8987,#4573);
#3772=LINE('',#8989,#4574);
#3773=LINE('',#8991,#4575);
#3774=LINE('',#8994,#4576);
#3775=LINE('',#8995,#4577);
#3776=LINE('',#8997,#4578);
#3777=LINE('',#8999,#4579);
#3778=LINE('',#9001,#4580);
#3779=LINE('',#9004,#4581);
#3780=LINE('',#9005,#4582);
#3781=LINE('',#9007,#4583);
#3782=LINE('',#9009,#4584);
#3783=LINE('',#9011,#4585);
#3784=LINE('',#9014,#4586);
#3785=LINE('',#9015,#4587);
#3786=LINE('',#9017,#4588);
#3787=LINE('',#9019,#4589);
#3788=LINE('',#9022,#4590);
#3789=LINE('',#9023,#4591);
#3790=LINE('',#9025,#4592);
#3791=LINE('',#9027,#4593);
#3792=LINE('',#9030,#4594);
#3793=LINE('',#9031,#4595);
#3794=LINE('',#9033,#4596);
#3795=LINE('',#9036,#4597);
#3796=LINE('',#9037,#4598);
#3797=LINE('',#9039,#4599);
#3798=LINE('',#9041,#4600);
#3799=LINE('',#9046,#4601);
#3800=LINE('',#9048,#4602);
#3801=LINE('',#9049,#4603);
#3802=LINE('',#9051,#4604);
#3803=LINE('',#9053,#4605);
#3804=LINE('',#9057,#4606);
#3805=LINE('',#9059,#4607);
#3806=LINE('',#9060,#4608);
#3807=LINE('',#9061,#4609);
#3808=LINE('',#9065,#4610);
#3809=LINE('',#9066,#4611);
#3810=LINE('',#9070,#4612);
#3811=LINE('',#9072,#4613);
#3812=LINE('',#9074,#4614);
#3813=LINE('',#9075,#4615);
#3814=LINE('',#9077,#4616);
#3815=LINE('',#9081,#4617);
#3816=LINE('',#9085,#4618);
#3817=LINE('',#9086,#4619);
#3818=LINE('',#9088,#4620);
#3819=LINE('',#9089,#4621);
#3820=LINE('',#9092,#4622);
#3821=LINE('',#9095,#4623);
#3822=LINE('',#9097,#4624);
#3823=LINE('',#9099,#4625);
#3824=LINE('',#9103,#4626);
#3825=LINE('',#9104,#4627);
#3826=LINE('',#9106,#4628);
#3827=LINE('',#9110,#4629);
#3828=LINE('',#9113,#4630);
#3829=LINE('',#9114,#4631);
#3830=LINE('',#9116,#4632);
#3831=LINE('',#9119,#4633);
#3832=LINE('',#9121,#4634);
#3833=LINE('',#9123,#4635);
#3834=LINE('',#9125,#4636);
#3835=LINE('',#9127,#4637);
#3836=LINE('',#9128,#4638);
#3837=LINE('',#9132,#4639);
#3838=LINE('',#9134,#4640);
#3839=LINE('',#9139,#4641);
#3840=LINE('',#9140,#4642);
#3841=LINE('',#9142,#4643);
#3842=LINE('',#9144,#4644);
#3843=LINE('',#9147,#4645);
#3844=LINE('',#9148,#4646);
#3845=LINE('',#9150,#4647);
#3846=LINE('',#9152,#4648);
#3847=LINE('',#9155,#4649);
#3848=LINE('',#9156,#4650);
#3849=LINE('',#9158,#4651);
#3850=LINE('',#9160,#4652);
#3851=LINE('',#9163,#4653);
#3852=LINE('',#9164,#4654);
#3853=LINE('',#9166,#4655);
#3854=LINE('',#9168,#4656);
#3855=LINE('',#9171,#4657);
#3856=LINE('',#9172,#4658);
#3857=LINE('',#9174,#4659);
#3858=LINE('',#9177,#4660);
#3859=LINE('',#9178,#4661);
#3860=LINE('',#9180,#4662);
#3861=LINE('',#9182,#4663);
#3862=LINE('',#9188,#4664);
#3863=LINE('',#9190,#4665);
#3864=LINE('',#9192,#4666);
#3865=LINE('',#9193,#4667);
#3866=LINE('',#9196,#4668);
#3867=LINE('',#9198,#4669);
#3868=LINE('',#9200,#4670);
#3869=LINE('',#9203,#4671);
#3870=LINE('',#9204,#4672);
#3871=LINE('',#9206,#4673);
#3872=LINE('',#9208,#4674);
#3873=LINE('',#9210,#4675);
#3874=LINE('',#9212,#4676);
#3875=LINE('',#9213,#4677);
#3876=LINE('',#9215,#4678);
#3877=LINE('',#9219,#4679);
#3878=LINE('',#9220,#4680);
#3879=LINE('',#9221,#4681);
#3880=LINE('',#9224,#4682);
#3881=LINE('',#9228,#4683);
#3882=LINE('',#9231,#4684);
#3883=LINE('',#9232,#4685);
#3884=LINE('',#9236,#4686);
#3885=LINE('',#9238,#4687);
#3886=LINE('',#9240,#4688);
#3887=LINE('',#9241,#4689);
#3888=LINE('',#9243,#4690);
#3889=LINE('',#9247,#4691);
#3890=LINE('',#9250,#4692);
#3891=LINE('',#9251,#4693);
#3892=LINE('',#9253,#4694);
#3893=LINE('',#9256,#4695);
#3894=LINE('',#9260,#4696);
#3895=LINE('',#9261,#4697);
#3896=LINE('',#9266,#4698);
#3897=LINE('',#9268,#4699);
#3898=LINE('',#9270,#4700);
#3899=LINE('',#9274,#4701);
#3900=LINE('',#9275,#4702);
#3901=LINE('',#9279,#4703);
#3902=LINE('',#9280,#4704);
#3903=LINE('',#9285,#4705);
#3904=LINE('',#9286,#4706);
#3905=LINE('',#9288,#4707);
#3906=LINE('',#9289,#4708);
#3907=LINE('',#9292,#4709);
#3908=LINE('',#9295,#4710);
#3909=LINE('',#9296,#4711);
#3910=LINE('',#9298,#4712);
#3911=LINE('',#9299,#4713);
#3912=LINE('',#9303,#4714);
#3913=LINE('',#9304,#4715);
#3914=LINE('',#9306,#4716);
#3915=LINE('',#9309,#4717);
#3916=LINE('',#9310,#4718);
#3917=LINE('',#9312,#4719);
#3918=LINE('',#9314,#4720);
#3919=LINE('',#9317,#4721);
#3920=LINE('',#9318,#4722);
#3921=LINE('',#9320,#4723);
#3922=LINE('',#9322,#4724);
#3923=LINE('',#9325,#4725);
#3924=LINE('',#9326,#4726);
#3925=LINE('',#9328,#4727);
#3926=LINE('',#9330,#4728);
#3927=LINE('',#9334,#4729);
#3928=LINE('',#9335,#4730);
#3929=LINE('',#9337,#4731);
#3930=LINE('',#9339,#4732);
#3931=LINE('',#9344,#4733);
#3932=LINE('',#9345,#4734);
#3933=LINE('',#9347,#4735);
#3934=LINE('',#9349,#4736);
#3935=LINE('',#9352,#4737);
#3936=VECTOR('',#6312,1.);
#3937=VECTOR('',#6313,1.);
#3938=VECTOR('',#6314,1.);
#3939=VECTOR('',#6315,1.);
#3940=VECTOR('',#6318,1.);
#3941=VECTOR('',#6321,1.);
#3942=VECTOR('',#6322,1.);
#3943=VECTOR('',#6325,1.);
#3944=VECTOR('',#6328,1.);
#3945=VECTOR('',#6329,1.);
#3946=VECTOR('',#6334,1.);
#3947=VECTOR('',#6335,1.);
#3948=VECTOR('',#6336,1.);
#3949=VECTOR('',#6339,1.);
#3950=VECTOR('',#6342,1.);
#3951=VECTOR('',#6343,1.);
#3952=VECTOR('',#6346,1.);
#3953=VECTOR('',#6347,1.);
#3954=VECTOR('',#6348,1.);
#3955=VECTOR('',#6349,1.);
#3956=VECTOR('',#6350,1.);
#3957=VECTOR('',#6351,1.);
#3958=VECTOR('',#6352,1.);
#3959=VECTOR('',#6353,1.);
#3960=VECTOR('',#6354,1.);
#3961=VECTOR('',#6355,1.);
#3962=VECTOR('',#6356,1.);
#3963=VECTOR('',#6357,1.);
#3964=VECTOR('',#6358,1.);
#3965=VECTOR('',#6359,1.);
#3966=VECTOR('',#6360,1.);
#3967=VECTOR('',#6361,1.);
#3968=VECTOR('',#6362,1.);
#3969=VECTOR('',#6363,1.);
#3970=VECTOR('',#6364,1.);
#3971=VECTOR('',#6365,1.);
#3972=VECTOR('',#6366,1.);
#3973=VECTOR('',#6367,1.);
#3974=VECTOR('',#6368,1.);
#3975=VECTOR('',#6369,1.);
#3976=VECTOR('',#6370,1.);
#3977=VECTOR('',#6371,1.);
#3978=VECTOR('',#6372,1.);
#3979=VECTOR('',#6373,1.);
#3980=VECTOR('',#6374,1.);
#3981=VECTOR('',#6375,1.);
#3982=VECTOR('',#6376,1.);
#3983=VECTOR('',#6377,1.);
#3984=VECTOR('',#6378,1.);
#3985=VECTOR('',#6379,1.);
#3986=VECTOR('',#6380,1.);
#3987=VECTOR('',#6381,1.);
#3988=VECTOR('',#6382,1.);
#3989=VECTOR('',#6383,1.);
#3990=VECTOR('',#6384,1.);
#3991=VECTOR('',#6385,1.);
#3992=VECTOR('',#6386,1.);
#3993=VECTOR('',#6387,1.);
#3994=VECTOR('',#6388,1.);
#3995=VECTOR('',#6389,1.);
#3996=VECTOR('',#6390,1.);
#3997=VECTOR('',#6391,1.);
#3998=VECTOR('',#6392,1.);
#3999=VECTOR('',#6393,1.);
#4000=VECTOR('',#6394,1.);
#4001=VECTOR('',#6395,1.);
#4002=VECTOR('',#6396,1.);
#4003=VECTOR('',#6397,1.);
#4004=VECTOR('',#6398,1.);
#4005=VECTOR('',#6399,1.);
#4006=VECTOR('',#6400,1.);
#4007=VECTOR('',#6403,1.);
#4008=VECTOR('',#6404,1.);
#4009=VECTOR('',#6405,1.);
#4010=VECTOR('',#6406,1.);
#4011=VECTOR('',#6407,1.);
#4012=VECTOR('',#6408,1.);
#4013=VECTOR('',#6409,1.);
#4014=VECTOR('',#6410,1.);
#4015=VECTOR('',#6411,1.);
#4016=VECTOR('',#6412,1.);
#4017=VECTOR('',#6413,1.);
#4018=VECTOR('',#6414,1.);
#4019=VECTOR('',#6415,1.);
#4020=VECTOR('',#6416,1.);
#4021=VECTOR('',#6417,1.);
#4022=VECTOR('',#6418,1.);
#4023=VECTOR('',#6419,1.);
#4024=VECTOR('',#6420,1.);
#4025=VECTOR('',#6421,1.);
#4026=VECTOR('',#6422,1.);
#4027=VECTOR('',#6423,1.);
#4028=VECTOR('',#6424,1.);
#4029=VECTOR('',#6425,1.);
#4030=VECTOR('',#6426,1.);
#4031=VECTOR('',#6427,1.);
#4032=VECTOR('',#6428,1.);
#4033=VECTOR('',#6429,1.);
#4034=VECTOR('',#6430,1.);
#4035=VECTOR('',#6431,1.);
#4036=VECTOR('',#6432,1.);
#4037=VECTOR('',#6433,1.);
#4038=VECTOR('',#6434,1.);
#4039=VECTOR('',#6435,1.);
#4040=VECTOR('',#6438,1.);
#4041=VECTOR('',#6439,1.);
#4042=VECTOR('',#6440,1.);
#4043=VECTOR('',#6441,1.);
#4044=VECTOR('',#6442,1.);
#4045=VECTOR('',#6443,1.);
#4046=VECTOR('',#6444,1.);
#4047=VECTOR('',#6445,1.);
#4048=VECTOR('',#6446,1.);
#4049=VECTOR('',#6447,1.);
#4050=VECTOR('',#6448,1.);
#4051=VECTOR('',#6449,1.);
#4052=VECTOR('',#6450,1.);
#4053=VECTOR('',#6451,1.);
#4054=VECTOR('',#6452,1.);
#4055=VECTOR('',#6453,1.);
#4056=VECTOR('',#6454,1.);
#4057=VECTOR('',#6455,1.);
#4058=VECTOR('',#6456,1.);
#4059=VECTOR('',#6457,1.);
#4060=VECTOR('',#6458,1.);
#4061=VECTOR('',#6459,1.);
#4062=VECTOR('',#6460,1.);
#4063=VECTOR('',#6461,1.);
#4064=VECTOR('',#6462,1.);
#4065=VECTOR('',#6463,1.);
#4066=VECTOR('',#6464,1.);
#4067=VECTOR('',#6465,1.);
#4068=VECTOR('',#6466,1.);
#4069=VECTOR('',#6467,1.);
#4070=VECTOR('',#6468,1.);
#4071=VECTOR('',#6469,1.);
#4072=VECTOR('',#6470,1.);
#4073=VECTOR('',#6471,1.);
#4074=VECTOR('',#6472,1.);
#4075=VECTOR('',#6473,1.);
#4076=VECTOR('',#6474,1.);
#4077=VECTOR('',#6475,1.);
#4078=VECTOR('',#6476,1.);
#4079=VECTOR('',#6477,1.);
#4080=VECTOR('',#6478,1.);
#4081=VECTOR('',#6479,1.);
#4082=VECTOR('',#6480,1.);
#4083=VECTOR('',#6481,1.);
#4084=VECTOR('',#6482,1.);
#4085=VECTOR('',#6483,1.);
#4086=VECTOR('',#6484,1.);
#4087=VECTOR('',#6485,1.);
#4088=VECTOR('',#6486,1.);
#4089=VECTOR('',#6487,1.);
#4090=VECTOR('',#6488,1.);
#4091=VECTOR('',#6489,1.);
#4092=VECTOR('',#6490,1.);
#4093=VECTOR('',#6491,1.);
#4094=VECTOR('',#6492,1.);
#4095=VECTOR('',#6493,1.);
#4096=VECTOR('',#6494,1.);
#4097=VECTOR('',#6495,1.);
#4098=VECTOR('',#6496,1.);
#4099=VECTOR('',#6497,1.);
#4100=VECTOR('',#6498,1.);
#4101=VECTOR('',#6499,1.);
#4102=VECTOR('',#6500,1.);
#4103=VECTOR('',#6501,1.);
#4104=VECTOR('',#6502,1.);
#4105=VECTOR('',#6503,1.);
#4106=VECTOR('',#6504,1.);
#4107=VECTOR('',#6505,1.);
#4108=VECTOR('',#6506,1.);
#4109=VECTOR('',#6507,1.);
#4110=VECTOR('',#6508,1.);
#4111=VECTOR('',#6511,1.);
#4112=VECTOR('',#6512,1.);
#4113=VECTOR('',#6513,1.);
#4114=VECTOR('',#6514,1.);
#4115=VECTOR('',#6515,1.);
#4116=VECTOR('',#6516,1.);
#4117=VECTOR('',#6517,1.);
#4118=VECTOR('',#6518,1.);
#4119=VECTOR('',#6519,1.);
#4120=VECTOR('',#6520,1.);
#4121=VECTOR('',#6521,1.);
#4122=VECTOR('',#6522,1.);
#4123=VECTOR('',#6523,1.);
#4124=VECTOR('',#6524,1.);
#4125=VECTOR('',#6525,1.);
#4126=VECTOR('',#6526,1.);
#4127=VECTOR('',#6527,1.);
#4128=VECTOR('',#6528,1.);
#4129=VECTOR('',#6529,1.);
#4130=VECTOR('',#6530,1.);
#4131=VECTOR('',#6531,1.);
#4132=VECTOR('',#6532,1.);
#4133=VECTOR('',#6533,1.);
#4134=VECTOR('',#6534,1.);
#4135=VECTOR('',#6535,1.);
#4136=VECTOR('',#6536,1.);
#4137=VECTOR('',#6537,1.);
#4138=VECTOR('',#6538,1.);
#4139=VECTOR('',#6539,1.);
#4140=VECTOR('',#6540,1.);
#4141=VECTOR('',#6541,1.);
#4142=VECTOR('',#6542,1.);
#4143=VECTOR('',#6543,1.);
#4144=VECTOR('',#6544,1.);
#4145=VECTOR('',#6545,1.);
#4146=VECTOR('',#6546,1.);
#4147=VECTOR('',#6547,1.);
#4148=VECTOR('',#6548,1.);
#4149=VECTOR('',#6549,1.);
#4150=VECTOR('',#6550,1.);
#4151=VECTOR('',#6551,1.);
#4152=VECTOR('',#6552,1.);
#4153=VECTOR('',#6553,1.);
#4154=VECTOR('',#6554,1.);
#4155=VECTOR('',#6555,1.);
#4156=VECTOR('',#6556,1.);
#4157=VECTOR('',#6557,1.);
#4158=VECTOR('',#6558,1.);
#4159=VECTOR('',#6559,1.);
#4160=VECTOR('',#6560,1.);
#4161=VECTOR('',#6561,1.);
#4162=VECTOR('',#6562,1.);
#4163=VECTOR('',#6563,1.);
#4164=VECTOR('',#6564,1.);
#4165=VECTOR('',#6565,1.);
#4166=VECTOR('',#6566,1.);
#4167=VECTOR('',#6567,1.);
#4168=VECTOR('',#6568,1.);
#4169=VECTOR('',#6569,1.);
#4170=VECTOR('',#6570,1.);
#4171=VECTOR('',#6571,1.);
#4172=VECTOR('',#6572,1.);
#4173=VECTOR('',#6573,1.);
#4174=VECTOR('',#6574,1.);
#4175=VECTOR('',#6575,1.);
#4176=VECTOR('',#6576,1.);
#4177=VECTOR('',#6577,1.);
#4178=VECTOR('',#6578,1.);
#4179=VECTOR('',#6579,1.);
#4180=VECTOR('',#6580,1.);
#4181=VECTOR('',#6581,1.);
#4182=VECTOR('',#6584,1.);
#4183=VECTOR('',#6585,1.);
#4184=VECTOR('',#6586,1.);
#4185=VECTOR('',#6587,1.);
#4186=VECTOR('',#6588,1.);
#4187=VECTOR('',#6589,1.);
#4188=VECTOR('',#6590,1.);
#4189=VECTOR('',#6591,1.);
#4190=VECTOR('',#6594,1.);
#4191=VECTOR('',#6595,1.);
#4192=VECTOR('',#6596,1.);
#4193=VECTOR('',#6597,1.);
#4194=VECTOR('',#6598,1.);
#4195=VECTOR('',#6599,1.);
#4196=VECTOR('',#6600,1.);
#4197=VECTOR('',#6603,1.);
#4198=VECTOR('',#6604,1.);
#4199=VECTOR('',#6605,1.);
#4200=VECTOR('',#6608,1.);
#4201=VECTOR('',#6609,1.);
#4202=VECTOR('',#6610,1.);
#4203=VECTOR('',#6613,1.);
#4204=VECTOR('',#6614,1.);
#4205=VECTOR('',#6615,1.);
#4206=VECTOR('',#6618,1.);
#4207=VECTOR('',#6619,1.);
#4208=VECTOR('',#6620,1.);
#4209=VECTOR('',#6621,1.);
#4210=VECTOR('',#6622,1.);
#4211=VECTOR('',#6623,1.);
#4212=VECTOR('',#6624,1.);
#4213=VECTOR('',#6625,1.);
#4214=VECTOR('',#6626,1.);
#4215=VECTOR('',#6627,1.);
#4216=VECTOR('',#6628,1.);
#4217=VECTOR('',#6629,1.);
#4218=VECTOR('',#6630,1.);
#4219=VECTOR('',#6631,1.);
#4220=VECTOR('',#6632,1.);
#4221=VECTOR('',#6633,1.);
#4222=VECTOR('',#6634,1.);
#4223=VECTOR('',#6635,1.);
#4224=VECTOR('',#6636,1.);
#4225=VECTOR('',#6637,1.);
#4226=VECTOR('',#6640,1.);
#4227=VECTOR('',#6641,1.);
#4228=VECTOR('',#6644,1.);
#4229=VECTOR('',#6645,1.);
#4230=VECTOR('',#6648,1.);
#4231=VECTOR('',#6649,1.);
#4232=VECTOR('',#6652,1.);
#4233=VECTOR('',#6653,1.);
#4234=VECTOR('',#6656,1.);
#4235=VECTOR('',#6657,1.);
#4236=VECTOR('',#6660,1.);
#4237=VECTOR('',#6661,1.);
#4238=VECTOR('',#6664,1.);
#4239=VECTOR('',#6665,1.);
#4240=VECTOR('',#6666,1.);
#4241=VECTOR('',#6667,1.);
#4242=VECTOR('',#6668,1.);
#4243=VECTOR('',#6669,1.);
#4244=VECTOR('',#6670,1.);
#4245=VECTOR('',#6673,1.);
#4246=VECTOR('',#6674,1.);
#4247=VECTOR('',#6675,1.);
#4248=VECTOR('',#6678,1.);
#4249=VECTOR('',#6679,1.);
#4250=VECTOR('',#6680,1.);
#4251=VECTOR('',#6681,1.);
#4252=VECTOR('',#6682,1.);
#4253=VECTOR('',#6683,1.);
#4254=VECTOR('',#6686,1.);
#4255=VECTOR('',#6687,1.);
#4256=VECTOR('',#6688,1.);
#4257=VECTOR('',#6689,1.);
#4258=VECTOR('',#6690,1.);
#4259=VECTOR('',#6691,1.);
#4260=VECTOR('',#6694,1.);
#4261=VECTOR('',#6695,1.);
#4262=VECTOR('',#6696,1.);
#4263=VECTOR('',#6697,1.);
#4264=VECTOR('',#6698,1.);
#4265=VECTOR('',#6699,1.);
#4266=VECTOR('',#6702,1.);
#4267=VECTOR('',#6703,1.);
#4268=VECTOR('',#6704,1.);
#4269=VECTOR('',#6705,1.);
#4270=VECTOR('',#6706,1.);
#4271=VECTOR('',#6709,1.);
#4272=VECTOR('',#6710,1.);
#4273=VECTOR('',#6711,1.);
#4274=VECTOR('',#6712,1.);
#4275=VECTOR('',#6715,1.);
#4276=VECTOR('',#6716,1.);
#4277=VECTOR('',#6717,1.);
#4278=VECTOR('',#6718,1.);
#4279=VECTOR('',#6719,1.);
#4280=VECTOR('',#6720,1.);
#4281=VECTOR('',#6721,1.);
#4282=VECTOR('',#6722,1.);
#4283=VECTOR('',#6723,1.);
#4284=VECTOR('',#6724,1.);
#4285=VECTOR('',#6725,1.);
#4286=VECTOR('',#6726,1.);
#4287=VECTOR('',#6727,1.);
#4288=VECTOR('',#6728,1.);
#4289=VECTOR('',#6729,1.);
#4290=VECTOR('',#6730,1.);
#4291=VECTOR('',#6731,1.);
#4292=VECTOR('',#6732,1.);
#4293=VECTOR('',#6733,1.);
#4294=VECTOR('',#6734,1.);
#4295=VECTOR('',#6735,1.);
#4296=VECTOR('',#6736,1.);
#4297=VECTOR('',#6737,1.);
#4298=VECTOR('',#6738,1.);
#4299=VECTOR('',#6739,1.);
#4300=VECTOR('',#6740,1.);
#4301=VECTOR('',#6741,1.);
#4302=VECTOR('',#6742,1.);
#4303=VECTOR('',#6743,1.);
#4304=VECTOR('',#6744,1.);
#4305=VECTOR('',#6745,1.);
#4306=VECTOR('',#6746,1.);
#4307=VECTOR('',#6747,1.);
#4308=VECTOR('',#6748,1.);
#4309=VECTOR('',#6749,1.);
#4310=VECTOR('',#6750,1.);
#4311=VECTOR('',#6751,1.);
#4312=VECTOR('',#6752,1.);
#4313=VECTOR('',#6753,1.);
#4314=VECTOR('',#6754,1.);
#4315=VECTOR('',#6755,1.);
#4316=VECTOR('',#6756,1.);
#4317=VECTOR('',#6757,1.);
#4318=VECTOR('',#6758,1.);
#4319=VECTOR('',#6759,1.);
#4320=VECTOR('',#6760,1.);
#4321=VECTOR('',#6761,1.);
#4322=VECTOR('',#6762,1.);
#4323=VECTOR('',#6763,1.);
#4324=VECTOR('',#6764,1.);
#4325=VECTOR('',#6765,1.);
#4326=VECTOR('',#6766,1.);
#4327=VECTOR('',#6767,1.);
#4328=VECTOR('',#6770,1.);
#4329=VECTOR('',#6771,1.);
#4330=VECTOR('',#6772,1.);
#4331=VECTOR('',#6773,1.);
#4332=VECTOR('',#6774,1.);
#4333=VECTOR('',#6775,1.);
#4334=VECTOR('',#6776,1.);
#4335=VECTOR('',#6777,1.);
#4336=VECTOR('',#6778,1.);
#4337=VECTOR('',#6779,1.);
#4338=VECTOR('',#6780,1.);
#4339=VECTOR('',#6781,1.);
#4340=VECTOR('',#6782,1.);
#4341=VECTOR('',#6783,1.);
#4342=VECTOR('',#6784,1.);
#4343=VECTOR('',#6785,1.);
#4344=VECTOR('',#6786,1.);
#4345=VECTOR('',#6787,1.);
#4346=VECTOR('',#6788,1.);
#4347=VECTOR('',#6789,1.);
#4348=VECTOR('',#6790,1.);
#4349=VECTOR('',#6791,1.);
#4350=VECTOR('',#6792,1.);
#4351=VECTOR('',#6793,1.);
#4352=VECTOR('',#6794,1.);
#4353=VECTOR('',#6795,1.);
#4354=VECTOR('',#6796,1.);
#4355=VECTOR('',#6797,1.);
#4356=VECTOR('',#6798,1.);
#4357=VECTOR('',#6799,1.);
#4358=VECTOR('',#6800,1.);
#4359=VECTOR('',#6801,1.);
#4360=VECTOR('',#6802,1.);
#4361=VECTOR('',#6803,1.);
#4362=VECTOR('',#6804,1.);
#4363=VECTOR('',#6805,1.);
#4364=VECTOR('',#6806,1.);
#4365=VECTOR('',#6807,1.);
#4366=VECTOR('',#6808,1.);
#4367=VECTOR('',#6809,1.);
#4368=VECTOR('',#6810,1.);
#4369=VECTOR('',#6811,1.);
#4370=VECTOR('',#6812,1.);
#4371=VECTOR('',#6813,1.);
#4372=VECTOR('',#6814,1.);
#4373=VECTOR('',#6815,1.);
#4374=VECTOR('',#6816,1.);
#4375=VECTOR('',#6819,1.);
#4376=VECTOR('',#6820,1.);
#4377=VECTOR('',#6823,1.);
#4378=VECTOR('',#6824,1.);
#4379=VECTOR('',#6827,1.);
#4380=VECTOR('',#6828,1.);
#4381=VECTOR('',#6829,1.);
#4382=VECTOR('',#6830,1.);
#4383=VECTOR('',#6831,1.);
#4384=VECTOR('',#6832,1.);
#4385=VECTOR('',#6835,1.);
#4386=VECTOR('',#6836,1.);
#4387=VECTOR('',#6837,1.);
#4388=VECTOR('',#6838,1.);
#4389=VECTOR('',#6839,1.);
#4390=VECTOR('',#6840,1.);
#4391=VECTOR('',#6843,1.);
#4392=VECTOR('',#6844,1.);
#4393=VECTOR('',#6845,1.);
#4394=VECTOR('',#6846,1.);
#4395=VECTOR('',#6847,1.);
#4396=VECTOR('',#6850,1.);
#4397=VECTOR('',#6851,1.);
#4398=VECTOR('',#6852,1.);
#4399=VECTOR('',#6853,1.);
#4400=VECTOR('',#6856,1.);
#4401=VECTOR('',#6857,1.);
#4402=VECTOR('',#6858,1.);
#4403=VECTOR('',#6859,1.);
#4404=VECTOR('',#6860,1.);
#4405=VECTOR('',#6861,1.);
#4406=VECTOR('',#6862,1.);
#4407=VECTOR('',#6865,1.);
#4408=VECTOR('',#6866,1.);
#4409=VECTOR('',#6867,1.);
#4410=VECTOR('',#6870,1.);
#4411=VECTOR('',#6871,1.);
#4412=VECTOR('',#6872,1.);
#4413=VECTOR('',#6873,1.);
#4414=VECTOR('',#6876,1.);
#4415=VECTOR('',#6877,1.);
#4416=VECTOR('',#6878,1.);
#4417=VECTOR('',#6879,1.);
#4418=VECTOR('',#6880,1.);
#4419=VECTOR('',#6881,1.);
#4420=VECTOR('',#6882,1.);
#4421=VECTOR('',#6883,1.);
#4422=VECTOR('',#6884,1.);
#4423=VECTOR('',#6885,1.);
#4424=VECTOR('',#6886,1.);
#4425=VECTOR('',#6887,1.);
#4426=VECTOR('',#6888,1.);
#4427=VECTOR('',#6889,1.);
#4428=VECTOR('',#6890,1.);
#4429=VECTOR('',#6891,1.);
#4430=VECTOR('',#6892,1.);
#4431=VECTOR('',#6893,1.);
#4432=VECTOR('',#6894,1.);
#4433=VECTOR('',#6895,1.);
#4434=VECTOR('',#6896,1.);
#4435=VECTOR('',#6897,1.);
#4436=VECTOR('',#6898,1.);
#4437=VECTOR('',#6899,1.);
#4438=VECTOR('',#6900,1.);
#4439=VECTOR('',#6901,1.);
#4440=VECTOR('',#6902,1.);
#4441=VECTOR('',#6903,1.);
#4442=VECTOR('',#6904,1.);
#4443=VECTOR('',#6905,1.);
#4444=VECTOR('',#6906,1.);
#4445=VECTOR('',#6907,1.);
#4446=VECTOR('',#6908,1.);
#4447=VECTOR('',#6909,1.);
#4448=VECTOR('',#6910,1.);
#4449=VECTOR('',#6911,1.);
#4450=VECTOR('',#6912,1.);
#4451=VECTOR('',#6913,1.);
#4452=VECTOR('',#6914,1.);
#4453=VECTOR('',#6915,1.);
#4454=VECTOR('',#6916,1.);
#4455=VECTOR('',#6917,1.);
#4456=VECTOR('',#6918,1.);
#4457=VECTOR('',#6919,1.);
#4458=VECTOR('',#6920,1.);
#4459=VECTOR('',#6921,1.);
#4460=VECTOR('',#6924,1.);
#4461=VECTOR('',#6925,1.);
#4462=VECTOR('',#6926,1.);
#4463=VECTOR('',#6927,1.);
#4464=VECTOR('',#6928,1.);
#4465=VECTOR('',#6929,1.);
#4466=VECTOR('',#6930,1.);
#4467=VECTOR('',#6931,1.);
#4468=VECTOR('',#6932,1.);
#4469=VECTOR('',#6933,1.);
#4470=VECTOR('',#6934,1.);
#4471=VECTOR('',#6935,1.);
#4472=VECTOR('',#6936,1.);
#4473=VECTOR('',#6937,1.);
#4474=VECTOR('',#6938,1.);
#4475=VECTOR('',#6939,1.);
#4476=VECTOR('',#6940,1.);
#4477=VECTOR('',#6941,1.);
#4478=VECTOR('',#6942,1.);
#4479=VECTOR('',#6943,1.);
#4480=VECTOR('',#6944,1.);
#4481=VECTOR('',#6945,1.);
#4482=VECTOR('',#6946,1.);
#4483=VECTOR('',#6947,1.);
#4484=VECTOR('',#6948,1.);
#4485=VECTOR('',#6949,1.);
#4486=VECTOR('',#6950,1.);
#4487=VECTOR('',#6951,1.);
#4488=VECTOR('',#6952,1.);
#4489=VECTOR('',#6953,1.);
#4490=VECTOR('',#6954,1.);
#4491=VECTOR('',#6955,1.);
#4492=VECTOR('',#6956,1.);
#4493=VECTOR('',#6957,1.);
#4494=VECTOR('',#6958,1.);
#4495=VECTOR('',#6959,1.);
#4496=VECTOR('',#6960,1.);
#4497=VECTOR('',#6961,1.);
#4498=VECTOR('',#6962,1.);
#4499=VECTOR('',#6963,1.);
#4500=VECTOR('',#6964,1.);
#4501=VECTOR('',#6965,1.);
#4502=VECTOR('',#6966,1.);
#4503=VECTOR('',#6967,1.);
#4504=VECTOR('',#6968,1.);
#4505=VECTOR('',#6969,1.);
#4506=VECTOR('',#6972,1.);
#4507=VECTOR('',#6973,1.);
#4508=VECTOR('',#6974,1.);
#4509=VECTOR('',#6975,1.);
#4510=VECTOR('',#6978,1.);
#4511=VECTOR('',#6979,1.);
#4512=VECTOR('',#6980,1.);
#4513=VECTOR('',#6981,1.);
#4514=VECTOR('',#6984,1.);
#4515=VECTOR('',#6985,1.);
#4516=VECTOR('',#6986,1.);
#4517=VECTOR('',#7009,1.);
#4518=VECTOR('',#7010,1.);
#4519=VECTOR('',#7013,1.);
#4520=VECTOR('',#7016,1.);
#4521=VECTOR('',#7023,1.);
#4522=VECTOR('',#7026,1.);
#4523=VECTOR('',#7033,1.);
#4524=VECTOR('',#7034,1.);
#4525=VECTOR('',#7037,1.);
#4526=VECTOR('',#7040,1.);
#4527=VECTOR('',#7043,1.);
#4528=VECTOR('',#7048,1.);
#4529=VECTOR('',#7049,1.);
#4530=VECTOR('',#7052,1.);
#4531=VECTOR('',#7055,1.);
#4532=VECTOR('',#7060,1.);
#4533=VECTOR('',#7061,1.);
#4534=VECTOR('',#7064,1.);
#4535=VECTOR('',#7069,1.);
#4536=VECTOR('',#7070,1.);
#4537=VECTOR('',#7073,1.);
#4538=VECTOR('',#7076,1.);
#4539=VECTOR('',#7081,1.);
#4540=VECTOR('',#7082,1.);
#4541=VECTOR('',#7085,1.);
#4542=VECTOR('',#7088,1.);
#4543=VECTOR('',#7091,1.);
#4544=VECTOR('',#7096,1.);
#4545=VECTOR('',#7097,1.);
#4546=VECTOR('',#7100,1.);
#4547=VECTOR('',#7103,1.);
#4548=VECTOR('',#7108,1.);
#4549=VECTOR('',#7109,1.);
#4550=VECTOR('',#7112,1.);
#4551=VECTOR('',#7117,1.);
#4552=VECTOR('',#7118,1.);
#4553=VECTOR('',#7121,1.);
#4554=VECTOR('',#7124,1.);
#4555=VECTOR('',#7129,1.);
#4556=VECTOR('',#7130,1.);
#4557=VECTOR('',#7133,1.);
#4558=VECTOR('',#7136,1.);
#4559=VECTOR('',#7141,1.);
#4560=VECTOR('',#7142,1.);
#4561=VECTOR('',#7145,1.);
#4562=VECTOR('',#7148,1.);
#4563=VECTOR('',#7153,1.);
#4564=VECTOR('',#7158,1.);
#4565=VECTOR('',#7159,1.);
#4566=VECTOR('',#7162,1.);
#4567=VECTOR('',#7171,1.);
#4568=VECTOR('',#7174,1.);
#4569=VECTOR('',#7175,1.);
#4570=VECTOR('',#7178,1.);
#4571=VECTOR('',#7181,1.);
#4572=VECTOR('',#7186,1.);
#4573=VECTOR('',#7187,1.);
#4574=VECTOR('',#7190,1.);
#4575=VECTOR('',#7193,1.);
#4576=VECTOR('',#7198,1.);
#4577=VECTOR('',#7199,1.);
#4578=VECTOR('',#7202,1.);
#4579=VECTOR('',#7205,1.);
#4580=VECTOR('',#7208,1.);
#4581=VECTOR('',#7213,1.);
#4582=VECTOR('',#7214,1.);
#4583=VECTOR('',#7217,1.);
#4584=VECTOR('',#7220,1.);
#4585=VECTOR('',#7223,1.);
#4586=VECTOR('',#7228,1.);
#4587=VECTOR('',#7229,1.);
#4588=VECTOR('',#7232,1.);
#4589=VECTOR('',#7235,1.);
#4590=VECTOR('',#7240,1.);
#4591=VECTOR('',#7241,1.);
#4592=VECTOR('',#7244,1.);
#4593=VECTOR('',#7247,1.);
#4594=VECTOR('',#7252,1.);
#4595=VECTOR('',#7253,1.);
#4596=VECTOR('',#7256,1.);
#4597=VECTOR('',#7261,1.);
#4598=VECTOR('',#7262,1.);
#4599=VECTOR('',#7265,1.);
#4600=VECTOR('',#7268,1.);
#4601=VECTOR('',#7275,1.);
#4602=VECTOR('',#7276,1.);
#4603=VECTOR('',#7277,1.);
#4604=VECTOR('',#7280,1.);
#4605=VECTOR('',#7283,1.);
#4606=VECTOR('',#7286,1.);
#4607=VECTOR('',#7289,1.);
#4608=VECTOR('',#7290,1.);
#4609=VECTOR('',#7291,1.);
#4610=VECTOR('',#7298,1.);
#4611=VECTOR('',#7299,1.);
#4612=VECTOR('',#7304,1.);
#4613=VECTOR('',#7305,1.);
#4614=VECTOR('',#7308,1.);
#4615=VECTOR('',#7309,1.);
#4616=VECTOR('',#7312,1.);
#4617=VECTOR('',#7317,1.);
#4618=VECTOR('',#7324,1.);
#4619=VECTOR('',#7325,1.);
#4620=VECTOR('',#7328,1.);
#4621=VECTOR('',#7329,1.);
#4622=VECTOR('',#7334,1.);
#4623=VECTOR('',#7339,1.);
#4624=VECTOR('',#7340,1.);
#4625=VECTOR('',#7341,1.);
#4626=VECTOR('',#7346,1.);
#4627=VECTOR('',#7347,1.);
#4628=VECTOR('',#7350,1.);
#4629=VECTOR('',#7355,1.);
#4630=VECTOR('',#7360,1.);
#4631=VECTOR('',#7361,1.);
#4632=VECTOR('',#7364,1.);
#4633=VECTOR('',#7369,1.);
#4634=VECTOR('',#7370,1.);
#4635=VECTOR('',#7371,1.);
#4636=VECTOR('',#7372,1.);
#4637=VECTOR('',#7375,1.);
#4638=VECTOR('',#7376,1.);
#4639=VECTOR('',#7381,1.);
#4640=VECTOR('',#7384,1.);
#4641=VECTOR('',#7391,1.);
#4642=VECTOR('',#7392,1.);
#4643=VECTOR('',#7395,1.);
#4644=VECTOR('',#7398,1.);
#4645=VECTOR('',#7403,1.);
#4646=VECTOR('',#7404,1.);
#4647=VECTOR('',#7407,1.);
#4648=VECTOR('',#7410,1.);
#4649=VECTOR('',#7415,1.);
#4650=VECTOR('',#7416,1.);
#4651=VECTOR('',#7419,1.);
#4652=VECTOR('',#7422,1.);
#4653=VECTOR('',#7427,1.);
#4654=VECTOR('',#7428,1.);
#4655=VECTOR('',#7431,1.);
#4656=VECTOR('',#7434,1.);
#4657=VECTOR('',#7439,1.);
#4658=VECTOR('',#7440,1.);
#4659=VECTOR('',#7443,1.);
#4660=VECTOR('',#7448,1.);
#4661=VECTOR('',#7449,1.);
#4662=VECTOR('',#7452,1.);
#4663=VECTOR('',#7455,1.);
#4664=VECTOR('',#7462,1.);
#4665=VECTOR('',#7463,1.);
#4666=VECTOR('',#7464,1.);
#4667=VECTOR('',#7465,1.);
#4668=VECTOR('',#7470,1.);
#4669=VECTOR('',#7471,1.);
#4670=VECTOR('',#7474,1.);
#4671=VECTOR('',#7479,1.);
#4672=VECTOR('',#7480,1.);
#4673=VECTOR('',#7483,1.);
#4674=VECTOR('',#7486,1.);
#4675=VECTOR('',#7489,1.);
#4676=VECTOR('',#7490,1.);
#4677=VECTOR('',#7491,1.);
#4678=VECTOR('',#7492,1.);
#4679=VECTOR('',#7497,1.);
#4680=VECTOR('',#7498,1.);
#4681=VECTOR('',#7499,1.);
#4682=VECTOR('',#7504,1.);
#4683=VECTOR('',#7509,1.);
#4684=VECTOR('',#7514,1.);
#4685=VECTOR('',#7515,1.);
#4686=VECTOR('',#7520,1.);
#4687=VECTOR('',#7521,1.);
#4688=VECTOR('',#7524,1.);
#4689=VECTOR('',#7525,1.);
#4690=VECTOR('',#7528,1.);
#4691=VECTOR('',#7533,1.);
#4692=VECTOR('',#7538,1.);
#4693=VECTOR('',#7539,1.);
#4694=VECTOR('',#7542,1.);
#4695=VECTOR('',#7545,1.);
#4696=VECTOR('',#7550,1.);
#4697=VECTOR('',#7551,1.);
#4698=VECTOR('',#7560,1.);
#4699=VECTOR('',#7561,1.);
#4700=VECTOR('',#7562,1.);
#4701=VECTOR('',#7567,1.);
#4702=VECTOR('',#7568,1.);
#4703=VECTOR('',#7573,1.);
#4704=VECTOR('',#7574,1.);
#4705=VECTOR('',#7583,1.);
#4706=VECTOR('',#7584,1.);
#4707=VECTOR('',#7587,1.);
#4708=VECTOR('',#7588,1.);
#4709=VECTOR('',#7593,1.);
#4710=VECTOR('',#7598,1.);
#4711=VECTOR('',#7599,1.);
#4712=VECTOR('',#7602,1.);
#4713=VECTOR('',#7603,1.);
#4714=VECTOR('',#7610,1.);
#4715=VECTOR('',#7611,1.);
#4716=VECTOR('',#7614,1.);
#4717=VECTOR('',#7619,1.);
#4718=VECTOR('',#7620,1.);
#4719=VECTOR('',#7623,1.);
#4720=VECTOR('',#7626,1.);
#4721=VECTOR('',#7631,1.);
#4722=VECTOR('',#7632,1.);
#4723=VECTOR('',#7635,1.);
#4724=VECTOR('',#7638,1.);
#4725=VECTOR('',#7643,1.);
#4726=VECTOR('',#7644,1.);
#4727=VECTOR('',#7647,1.);
#4728=VECTOR('',#7650,1.);
#4729=VECTOR('',#7657,1.);
#4730=VECTOR('',#7658,1.);
#4731=VECTOR('',#7661,1.);
#4732=VECTOR('',#7664,1.);
#4733=VECTOR('',#7671,1.);
#4734=VECTOR('',#7672,1.);
#4735=VECTOR('',#7673,1.);
#4736=VECTOR('',#7676,1.);
#4737=VECTOR('',#7679,1.);
#4738=EDGE_LOOP('',(#56,#57,#58,#59));
#4739=EDGE_LOOP('',(#60,#61,#62,#63));
#4740=EDGE_LOOP('',(#64,#65,#66,#67));
#4741=EDGE_LOOP('',(#68,#69,#70,#71));
#4742=EDGE_LOOP('',(#72,#73,#74,#75));
#4743=EDGE_LOOP('',(#76,#77,#78,#79));
#4744=EDGE_LOOP('',(#80,#81,#82,#83));
#4745=EDGE_LOOP('',(#84,#85,#86,#87,#88));
#4746=EDGE_LOOP('',(#89,#90,#91,#92));
#4747=EDGE_LOOP('',(#93,#94,#95,#96,#97,#98,#99,#100));
#4748=EDGE_LOOP('',(#101,#102,#103,#104));
#4749=EDGE_LOOP('',(#105,#106,#107,#108));
#4750=EDGE_LOOP('',(#109,#110,#111,#112));
#4751=EDGE_LOOP('',(#113,#114,#115));
#4752=EDGE_LOOP('',(#116,#117,#118,#119));
#4753=EDGE_LOOP('',(#120,#121,#122,#123,#124));
#4754=EDGE_LOOP('',(#125,#126,#127));
#4755=EDGE_LOOP('',(#128,#129,#130,#131));
#4756=EDGE_LOOP('',(#132,#133,#134,#135,#136,#137,#138,#139,#140,#141,#142,
#143,#144,#145,#146,#147,#148,#149,#150,#151,#152));
#4757=EDGE_LOOP('',(#153,#154,#155,#156));
#4758=EDGE_LOOP('',(#157,#158,#159,#160,#161,#162,#163,#164));
#4759=EDGE_LOOP('',(#165,#166,#167,#168,#169,#170,#171,#172,#173,#174,#175,
#176,#177,#178,#179,#180,#181,#182,#183,#184,#185,#186,#187));
#4760=EDGE_LOOP('',(#188,#189,#190,#191));
#4761=EDGE_LOOP('',(#192,#193,#194,#195,#196));
#4762=EDGE_LOOP('',(#197,#198,#199,#200));
#4763=EDGE_LOOP('',(#201,#202,#203));
#4764=EDGE_LOOP('',(#204,#205,#206,#207,#208));
#4765=EDGE_LOOP('',(#209,#210,#211,#212));
#4766=EDGE_LOOP('',(#213,#214,#215,#216));
#4767=EDGE_LOOP('',(#217,#218,#219,#220));
#4768=EDGE_LOOP('',(#221,#222,#223,#224));
#4769=EDGE_LOOP('',(#225,#226,#227,#228));
#4770=EDGE_LOOP('',(#229,#230,#231));
#4771=EDGE_LOOP('',(#232,#233,#234,#235));
#4772=EDGE_LOOP('',(#236,#237,#238,#239));
#4773=EDGE_LOOP('',(#240,#241,#242));
#4774=EDGE_LOOP('',(#243,#244,#245,#246));
#4775=EDGE_LOOP('',(#247,#248,#249,#250,#251));
#4776=EDGE_LOOP('',(#252,#253,#254,#255));
#4777=EDGE_LOOP('',(#256,#257,#258,#259));
#4778=EDGE_LOOP('',(#260,#261,#262));
#4779=EDGE_LOOP('',(#263,#264,#265,#266));
#4780=EDGE_LOOP('',(#267,#268,#269,#270));
#4781=EDGE_LOOP('',(#271,#272,#273,#274,#275));
#4782=EDGE_LOOP('',(#276,#277,#278,#279));
#4783=EDGE_LOOP('',(#280,#281,#282,#283,#284,#285,#286,#287,#288,#289,#290,
#291,#292,#293,#294,#295,#296,#297,#298,#299,#300,#301,#302,#303,#304,#305,
#306));
#4784=EDGE_LOOP('',(#307,#308,#309,#310,#311,#312,#313,#314));
#4785=EDGE_LOOP('',(#315,#316,#317,#318,#319,#320,#321));
#4786=EDGE_LOOP('',(#322,#323,#324,#325));
#4787=EDGE_LOOP('',(#326,#327,#328,#329));
#4788=EDGE_LOOP('',(#330,#331,#332,#333));
#4789=EDGE_LOOP('',(#334,#335,#336,#337));
#4790=EDGE_LOOP('',(#338,#339,#340,#341,#342,#343,#344,#345,#346,#347,#348,
#349,#350,#351,#352));
#4791=EDGE_LOOP('',(#353,#354,#355,#356));
#4792=EDGE_LOOP('',(#357,#358,#359,#360));
#4793=EDGE_LOOP('',(#361,#362,#363,#364));
#4794=EDGE_LOOP('',(#365,#366,#367,#368));
#4795=EDGE_LOOP('',(#369,#370,#371,#372));
#4796=EDGE_LOOP('',(#373,#374,#375,#376));
#4797=EDGE_LOOP('',(#377,#378,#379,#380));
#4798=EDGE_LOOP('',(#381,#382,#383,#384,#385,#386,#387,#388));
#4799=EDGE_LOOP('',(#389,#390,#391,#392));
#4800=EDGE_LOOP('',(#393,#394,#395,#396,#397,#398,#399,#400));
#4801=EDGE_LOOP('',(#401,#402,#403,#404,#405,#406,#407));
#4802=EDGE_LOOP('',(#408,#409,#410,#411,#412,#413,#414,#415,#416));
#4803=EDGE_LOOP('',(#417,#418,#419,#420,#421,#422));
#4804=EDGE_LOOP('',(#423,#424,#425,#426,#427,#428));
#4805=EDGE_LOOP('',(#429,#430,#431));
#4806=EDGE_LOOP('',(#432,#433,#434,#435));
#4807=EDGE_LOOP('',(#436,#437,#438,#439));
#4808=EDGE_LOOP('',(#440,#441,#442,#443));
#4809=EDGE_LOOP('',(#444,#445,#446,#447));
#4810=EDGE_LOOP('',(#448,#449,#450,#451));
#4811=EDGE_LOOP('',(#452,#453,#454,#455));
#4812=EDGE_LOOP('',(#456,#457,#458));
#4813=EDGE_LOOP('',(#459,#460,#461));
#4814=EDGE_LOOP('',(#462,#463,#464,#465));
#4815=EDGE_LOOP('',(#466,#467,#468,#469,#470));
#4816=EDGE_LOOP('',(#471,#472,#473,#474,#475));
#4817=EDGE_LOOP('',(#476,#477,#478,#479));
#4818=EDGE_LOOP('',(#480,#481,#482,#483));
#4819=EDGE_LOOP('',(#484,#485,#486,#487));
#4820=EDGE_LOOP('',(#488,#489,#490,#491,#492,#493,#494,#495,#496,#497,#498,
#499,#500,#501,#502,#503,#504,#505,#506,#507,#508,#509,#510,#511));
#4821=EDGE_LOOP('',(#512,#513,#514));
#4822=EDGE_LOOP('',(#515,#516,#517,#518));
#4823=EDGE_LOOP('',(#519,#520,#521,#522));
#4824=EDGE_LOOP('',(#523,#524,#525,#526));
#4825=EDGE_LOOP('',(#527,#528,#529));
#4826=EDGE_LOOP('',(#530,#531,#532,#533));
#4827=EDGE_LOOP('',(#534,#535,#536,#537));
#4828=EDGE_LOOP('',(#538,#539,#540,#541));
#4829=EDGE_LOOP('',(#542,#543,#544,#545,#546,#547,#548));
#4830=EDGE_LOOP('',(#549,#550,#551,#552,#553,#554,#555,#556,#557));
#4831=EDGE_LOOP('',(#558,#559,#560,#561,#562,#563));
#4832=EDGE_LOOP('',(#564,#565,#566,#567,#568,#569));
#4833=EDGE_LOOP('',(#570,#571,#572,#573,#574,#575,#576,#577));
#4834=EDGE_LOOP('',(#578,#579,#580,#581));
#4835=EDGE_LOOP('',(#582,#583,#584,#585,#586,#587));
#4836=EDGE_LOOP('',(#588,#589,#590));
#4837=EDGE_LOOP('',(#591,#592,#593,#594));
#4838=EDGE_LOOP('',(#595,#596,#597,#598));
#4839=EDGE_LOOP('',(#599,#600,#601,#602));
#4840=EDGE_LOOP('',(#603,#604,#605,#606));
#4841=EDGE_LOOP('',(#607,#608,#609,#610));
#4842=EDGE_LOOP('',(#611,#612,#613,#614));
#4843=EDGE_LOOP('',(#615,#616,#617));
#4844=EDGE_LOOP('',(#618,#619,#620));
#4845=EDGE_LOOP('',(#621,#622,#623,#624));
#4846=EDGE_LOOP('',(#625,#626,#627,#628,#629));
#4847=EDGE_LOOP('',(#630,#631,#632,#633,#634));
#4848=EDGE_LOOP('',(#635,#636,#637,#638));
#4849=EDGE_LOOP('',(#639,#640,#641,#642));
#4850=EDGE_LOOP('',(#643,#644,#645,#646));
#4851=EDGE_LOOP('',(#647,#648,#649,#650,#651));
#4852=EDGE_LOOP('',(#652,#653,#654,#655));
#4853=EDGE_LOOP('',(#656,#657,#658));
#4854=EDGE_LOOP('',(#659,#660,#661,#662,#663));
#4855=EDGE_LOOP('',(#664,#665,#666,#667));
#4856=EDGE_LOOP('',(#668,#669,#670,#671));
#4857=EDGE_LOOP('',(#672,#673,#674,#675));
#4858=EDGE_LOOP('',(#676,#677,#678,#679));
#4859=EDGE_LOOP('',(#680,#681,#682));
#4860=EDGE_LOOP('',(#683,#684,#685,#686));
#4861=EDGE_LOOP('',(#687,#688,#689,#690));
#4862=EDGE_LOOP('',(#691,#692,#693));
#4863=EDGE_LOOP('',(#694,#695,#696,#697));
#4864=EDGE_LOOP('',(#698,#699,#700,#701,#702,#703,#704));
#4865=EDGE_LOOP('',(#705,#706,#707,#708,#709,#710,#711));
#4866=EDGE_LOOP('',(#712,#713,#714,#715,#716));
#4867=EDGE_LOOP('',(#717));
#4868=EDGE_LOOP('',(#718));
#4869=EDGE_LOOP('',(#719));
#4870=EDGE_LOOP('',(#720));
#4871=EDGE_LOOP('',(#721,#722,#723,#724,#725,#726,#727,#728,#729,#730,#731));
#4872=EDGE_LOOP('',(#732,#733,#734,#735));
#4873=EDGE_LOOP('',(#736));
#4874=EDGE_LOOP('',(#737));
#4875=EDGE_LOOP('',(#738));
#4876=EDGE_LOOP('',(#739));
#4877=EDGE_LOOP('',(#740,#741,#742,#743,#744,#745,#746,#747,#748,#749,#750));
#4878=EDGE_LOOP('',(#751,#752,#753,#754));
#4879=EDGE_LOOP('',(#755,#756,#757,#758));
#4880=EDGE_LOOP('',(#759,#760,#761,#762));
#4881=EDGE_LOOP('',(#763,#764,#765,#766));
#4882=EDGE_LOOP('',(#767,#768,#769,#770));
#4883=EDGE_LOOP('',(#771,#772,#773,#774));
#4884=EDGE_LOOP('',(#775,#776,#777,#778));
#4885=EDGE_LOOP('',(#779,#780,#781,#782));
#4886=EDGE_LOOP('',(#783,#784,#785,#786));
#4887=EDGE_LOOP('',(#787,#788,#789,#790));
#4888=EDGE_LOOP('',(#791,#792,#793,#794));
#4889=EDGE_LOOP('',(#795,#796,#797,#798));
#4890=EDGE_LOOP('',(#799,#800,#801,#802));
#4891=EDGE_LOOP('',(#803,#804,#805,#806));
#4892=EDGE_LOOP('',(#807,#808,#809,#810));
#4893=EDGE_LOOP('',(#811,#812,#813,#814));
#4894=EDGE_LOOP('',(#815,#816,#817,#818));
#4895=EDGE_LOOP('',(#819,#820,#821,#822));
#4896=EDGE_LOOP('',(#823,#824,#825,#826));
#4897=EDGE_LOOP('',(#827,#828,#829,#830));
#4898=EDGE_LOOP('',(#831,#832,#833,#834));
#4899=EDGE_LOOP('',(#835,#836,#837,#838));
#4900=EDGE_LOOP('',(#839,#840,#841,#842));
#4901=EDGE_LOOP('',(#843,#844,#845,#846));
#4902=EDGE_LOOP('',(#847,#848,#849,#850));
#4903=EDGE_LOOP('',(#851,#852,#853,#854));
#4904=EDGE_LOOP('',(#855,#856,#857,#858));
#4905=EDGE_LOOP('',(#859,#860,#861,#862));
#4906=EDGE_LOOP('',(#863,#864,#865,#866));
#4907=EDGE_LOOP('',(#867,#868,#869,#870));
#4908=EDGE_LOOP('',(#871,#872,#873,#874));
#4909=EDGE_LOOP('',(#875,#876,#877,#878));
#4910=EDGE_LOOP('',(#879,#880,#881,#882));
#4911=EDGE_LOOP('',(#883,#884,#885,#886));
#4912=EDGE_LOOP('',(#887,#888,#889,#890));
#4913=EDGE_LOOP('',(#891,#892,#893,#894));
#4914=EDGE_LOOP('',(#895,#896,#897,#898));
#4915=EDGE_LOOP('',(#899,#900,#901,#902));
#4916=EDGE_LOOP('',(#903,#904,#905,#906));
#4917=EDGE_LOOP('',(#907,#908,#909,#910));
#4918=EDGE_LOOP('',(#911,#912,#913,#914));
#4919=EDGE_LOOP('',(#915,#916,#917,#918));
#4920=EDGE_LOOP('',(#919,#920,#921,#922));
#4921=EDGE_LOOP('',(#923,#924,#925,#926));
#4922=EDGE_LOOP('',(#927,#928,#929,#930));
#4923=EDGE_LOOP('',(#931,#932,#933,#934));
#4924=EDGE_LOOP('',(#935,#936,#937,#938));
#4925=EDGE_LOOP('',(#939,#940,#941,#942));
#4926=EDGE_LOOP('',(#943,#944,#945,#946));
#4927=EDGE_LOOP('',(#947,#948,#949,#950));
#4928=EDGE_LOOP('',(#951,#952,#953,#954));
#4929=EDGE_LOOP('',(#955,#956,#957,#958));
#4930=EDGE_LOOP('',(#959,#960,#961,#962));
#4931=EDGE_LOOP('',(#963,#964,#965,#966));
#4932=EDGE_LOOP('',(#967,#968,#969,#970));
#4933=EDGE_LOOP('',(#971,#972,#973,#974));
#4934=EDGE_LOOP('',(#975,#976,#977,#978));
#4935=EDGE_LOOP('',(#979,#980,#981));
#4936=EDGE_LOOP('',(#982,#983,#984,#985));
#4937=EDGE_LOOP('',(#986,#987,#988,#989));
#4938=EDGE_LOOP('',(#990,#991,#992,#993));
#4939=EDGE_LOOP('',(#994,#995,#996,#997));
#4940=EDGE_LOOP('',(#998,#999,#1000,#1001));
#4941=EDGE_LOOP('',(#1002,#1003,#1004,#1005));
#4942=EDGE_LOOP('',(#1006,#1007,#1008,#1009));
#4943=EDGE_LOOP('',(#1010,#1011,#1012,#1013));
#4944=EDGE_LOOP('',(#1014,#1015,#1016,#1017));
#4945=EDGE_LOOP('',(#1018,#1019,#1020,#1021));
#4946=EDGE_LOOP('',(#1022,#1023,#1024,#1025));
#4947=EDGE_LOOP('',(#1026,#1027,#1028,#1029));
#4948=EDGE_LOOP('',(#1030,#1031,#1032,#1033));
#4949=EDGE_LOOP('',(#1034,#1035,#1036,#1037));
#4950=EDGE_LOOP('',(#1038,#1039,#1040,#1041));
#4951=EDGE_LOOP('',(#1042,#1043,#1044,#1045));
#4952=EDGE_LOOP('',(#1046,#1047,#1048,#1049));
#4953=EDGE_LOOP('',(#1050,#1051,#1052,#1053));
#4954=EDGE_LOOP('',(#1054,#1055,#1056,#1057));
#4955=EDGE_LOOP('',(#1058,#1059,#1060,#1061));
#4956=EDGE_LOOP('',(#1062,#1063,#1064,#1065));
#4957=EDGE_LOOP('',(#1066,#1067,#1068,#1069));
#4958=EDGE_LOOP('',(#1070,#1071,#1072,#1073));
#4959=EDGE_LOOP('',(#1074,#1075,#1076,#1077));
#4960=EDGE_LOOP('',(#1078,#1079,#1080,#1081));
#4961=EDGE_LOOP('',(#1082,#1083,#1084,#1085));
#4962=EDGE_LOOP('',(#1086,#1087,#1088,#1089));
#4963=EDGE_LOOP('',(#1090,#1091,#1092,#1093));
#4964=EDGE_LOOP('',(#1094,#1095,#1096,#1097));
#4965=EDGE_LOOP('',(#1098,#1099,#1100,#1101));
#4966=EDGE_LOOP('',(#1102,#1103,#1104,#1105));
#4967=EDGE_LOOP('',(#1106,#1107,#1108,#1109));
#4968=EDGE_LOOP('',(#1110,#1111,#1112,#1113));
#4969=EDGE_LOOP('',(#1114,#1115,#1116,#1117,#1118,#1119,#1120,#1121));
#4970=EDGE_LOOP('',(#1122,#1123,#1124,#1125,#1126,#1127,#1128));
#4971=EDGE_LOOP('',(#1129,#1130,#1131,#1132,#1133,#1134,#1135,#1136,#1137,
#1138,#1139));
#4972=EDGE_LOOP('',(#1140,#1141,#1142,#1143,#1144,#1145,#1146,#1147));
#4973=EDGE_LOOP('',(#1148,#1149,#1150));
#4974=EDGE_LOOP('',(#1151,#1152,#1153,#1154,#1155));
#4975=EDGE_LOOP('',(#1156,#1157,#1158,#1159));
#4976=EDGE_LOOP('',(#1160,#1161,#1162,#1163,#1164,#1165,#1166,#1167,#1168));
#4977=EDGE_LOOP('',(#1169,#1170,#1171,#1172,#1173,#1174,#1175,#1176));
#4978=EDGE_LOOP('',(#1177,#1178,#1179,#1180,#1181));
#4979=EDGE_LOOP('',(#1182,#1183,#1184,#1185,#1186,#1187,#1188));
#4980=EDGE_LOOP('',(#1189,#1190,#1191,#1192,#1193,#1194));
#4981=EDGE_LOOP('',(#1195,#1196,#1197,#1198));
#4982=EDGE_LOOP('',(#1199,#1200,#1201,#1202));
#4983=EDGE_LOOP('',(#1203,#1204,#1205,#1206));
#4984=EDGE_LOOP('',(#1207,#1208,#1209,#1210,#1211));
#4985=EDGE_LOOP('',(#1212,#1213,#1214,#1215,#1216));
#4986=EDGE_LOOP('',(#1217,#1218,#1219,#1220));
#4987=EDGE_LOOP('',(#1221));
#4988=EDGE_LOOP('',(#1222,#1223,#1224,#1225,#1226,#1227));
#4989=EDGE_LOOP('',(#1228,#1229,#1230,#1231));
#4990=EDGE_LOOP('',(#1232));
#4991=EDGE_LOOP('',(#1233,#1234,#1235,#1236,#1237,#1238));
#4992=EDGE_LOOP('',(#1239,#1240,#1241,#1242));
#4993=EDGE_LOOP('',(#1243,#1244,#1245,#1246));
#4994=EDGE_LOOP('',(#1247,#1248,#1249,#1250));
#4995=EDGE_LOOP('',(#1251,#1252,#1253,#1254));
#4996=EDGE_LOOP('',(#1255,#1256,#1257,#1258,#1259));
#4997=EDGE_LOOP('',(#1260,#1261,#1262,#1263,#1264,#1265));
#4998=EDGE_LOOP('',(#1266));
#4999=EDGE_LOOP('',(#1267,#1268,#1269,#1270,#1271,#1272));
#5000=EDGE_LOOP('',(#1273,#1274,#1275,#1276));
#5001=EDGE_LOOP('',(#1277));
#5002=EDGE_LOOP('',(#1278,#1279,#1280,#1281));
#5003=EDGE_LOOP('',(#1282,#1283,#1284,#1285));
#5004=EDGE_LOOP('',(#1286,#1287,#1288,#1289));
#5005=EDGE_LOOP('',(#1290,#1291,#1292,#1293));
#5006=EDGE_LOOP('',(#1294,#1295,#1296,#1297));
#5007=EDGE_LOOP('',(#1298,#1299,#1300,#1301));
#5008=EDGE_LOOP('',(#1302,#1303,#1304,#1305));
#5009=EDGE_LOOP('',(#1306,#1307,#1308,#1309));
#5010=EDGE_LOOP('',(#1310,#1311,#1312,#1313));
#5011=EDGE_LOOP('',(#1314,#1315,#1316,#1317));
#5012=EDGE_LOOP('',(#1318,#1319,#1320,#1321));
#5013=EDGE_LOOP('',(#1322,#1323,#1324,#1325));
#5014=EDGE_LOOP('',(#1326,#1327,#1328,#1329));
#5015=EDGE_LOOP('',(#1330,#1331,#1332,#1333));
#5016=EDGE_LOOP('',(#1334,#1335,#1336,#1337));
#5017=EDGE_LOOP('',(#1338,#1339,#1340,#1341));
#5018=EDGE_LOOP('',(#1342,#1343,#1344,#1345));
#5019=EDGE_LOOP('',(#1346,#1347,#1348,#1349));
#5020=EDGE_LOOP('',(#1350,#1351,#1352,#1353));
#5021=EDGE_LOOP('',(#1354,#1355,#1356,#1357));
#5022=EDGE_LOOP('',(#1358,#1359,#1360,#1361));
#5023=EDGE_LOOP('',(#1362,#1363,#1364,#1365));
#5024=EDGE_LOOP('',(#1366,#1367,#1368,#1369));
#5025=EDGE_LOOP('',(#1370,#1371,#1372,#1373));
#5026=EDGE_LOOP('',(#1374,#1375,#1376,#1377,#1378,#1379));
#5027=EDGE_LOOP('',(#1380,#1381,#1382,#1383,#1384,#1385));
#5028=EDGE_LOOP('',(#1386,#1387,#1388,#1389));
#5029=EDGE_LOOP('',(#1390,#1391,#1392));
#5030=EDGE_LOOP('',(#1393,#1394,#1395,#1396));
#5031=EDGE_LOOP('',(#1397,#1398,#1399,#1400));
#5032=EDGE_LOOP('',(#1401,#1402,#1403,#1404));
#5033=EDGE_LOOP('',(#1405,#1406,#1407,#1408,#1409,#1410,#1411,#1412));
#5034=EDGE_LOOP('',(#1413));
#5035=EDGE_LOOP('',(#1414,#1415,#1416,#1417,#1418,#1419,#1420,#1421,#1422,
#1423,#1424));
#5036=EDGE_LOOP('',(#1425,#1426,#1427));
#5037=EDGE_LOOP('',(#1428,#1429,#1430,#1431,#1432,#1433));
#5038=EDGE_LOOP('',(#1434));
#5039=EDGE_LOOP('',(#1435,#1436,#1437,#1438,#1439,#1440));
#5040=EDGE_LOOP('',(#1441,#1442,#1443,#1444,#1445,#1446,#1447));
#5041=EDGE_LOOP('',(#1448,#1449,#1450,#1451));
#5042=EDGE_LOOP('',(#1452));
#5043=EDGE_LOOP('',(#1453,#1454,#1455,#1456,#1457,#1458,#1459));
#5044=EDGE_LOOP('',(#1460,#1461,#1462,#1463,#1464,#1465,#1466,#1467));
#5045=EDGE_LOOP('',(#1468,#1469,#1470,#1471,#1472));
#5046=EDGE_LOOP('',(#1473));
#5047=EDGE_LOOP('',(#1474,#1475,#1476,#1477,#1478));
#5048=EDGE_LOOP('',(#1479,#1480,#1481,#1482,#1483,#1484));
#5049=EDGE_LOOP('',(#1485,#1486,#1487,#1488));
#5050=EDGE_LOOP('',(#1489,#1490,#1491,#1492,#1493,#1494,#1495,#1496,#1497));
#5051=EDGE_LOOP('',(#1498,#1499,#1500,#1501,#1502,#1503,#1504,#1505));
#5052=EDGE_LOOP('',(#1506,#1507,#1508,#1509,#1510));
#5053=EDGE_LOOP('',(#1511,#1512,#1513,#1514));
#5054=EDGE_LOOP('',(#1515,#1516,#1517,#1518));
#5055=EDGE_LOOP('',(#1519,#1520,#1521,#1522,#1523,#1524,#1525,#1526,#1527));
#5056=EDGE_LOOP('',(#1528,#1529,#1530,#1531,#1532,#1533,#1534,#1535,#1536,
#1537,#1538));
#5057=EDGE_LOOP('',(#1539,#1540,#1541,#1542));
#5058=EDGE_LOOP('',(#1543,#1544,#1545,#1546,#1547,#1548));
#5059=EDGE_LOOP('',(#1549,#1550,#1551,#1552));
#5060=EDGE_LOOP('',(#1553,#1554,#1555,#1556));
#5061=EDGE_LOOP('',(#1557,#1558,#1559,#1560));
#5062=EDGE_LOOP('',(#1561,#1562,#1563,#1564,#1565));
#5063=EDGE_LOOP('',(#1566,#1567,#1568,#1569,#1570));
#5064=EDGE_LOOP('',(#1571,#1572,#1573,#1574));
#5065=EDGE_LOOP('',(#1575,#1576,#1577,#1578));
#5066=EDGE_LOOP('',(#1579,#1580,#1581,#1582,#1583,#1584));
#5067=EDGE_LOOP('',(#1585,#1586,#1587,#1588,#1589,#1590));
#5068=EDGE_LOOP('',(#1591,#1592,#1593,#1594));
#5069=EDGE_LOOP('',(#1595,#1596,#1597,#1598,#1599,#1600));
#5070=EDGE_LOOP('',(#1601,#1602,#1603,#1604,#1605,#1606));
#5071=EDGE_LOOP('',(#1607,#1608,#1609,#1610));
#5072=EDGE_LOOP('',(#1611,#1612,#1613,#1614));
#5073=EDGE_LOOP('',(#1615,#1616,#1617,#1618));
#5074=EDGE_LOOP('',(#1619,#1620,#1621,#1622));
#5075=EDGE_LOOP('',(#1623,#1624,#1625,#1626));
#5076=EDGE_LOOP('',(#1627,#1628,#1629,#1630));
#5077=EDGE_LOOP('',(#1631,#1632,#1633,#1634));
#5078=EDGE_LOOP('',(#1635,#1636,#1637,#1638));
#5079=EDGE_LOOP('',(#1639,#1640,#1641,#1642));
#5080=EDGE_LOOP('',(#1643,#1644,#1645,#1646));
#5081=EDGE_LOOP('',(#1647,#1648,#1649,#1650));
#5082=EDGE_LOOP('',(#1651,#1652,#1653,#1654));
#5083=EDGE_LOOP('',(#1655,#1656,#1657,#1658));
#5084=EDGE_LOOP('',(#1659,#1660,#1661,#1662));
#5085=EDGE_LOOP('',(#1663,#1664,#1665,#1666));
#5086=EDGE_LOOP('',(#1667,#1668,#1669,#1670));
#5087=EDGE_LOOP('',(#1671,#1672,#1673,#1674));
#5088=EDGE_LOOP('',(#1675,#1676,#1677,#1678,#1679,#1680));
#5089=EDGE_LOOP('',(#1681,#1682,#1683,#1684,#1685,#1686));
#5090=EDGE_LOOP('',(#1687,#1688,#1689,#1690));
#5091=EDGE_LOOP('',(#1691,#1692,#1693));
#5092=EDGE_LOOP('',(#1694));
#5093=EDGE_LOOP('',(#1695,#1696,#1697,#1698));
#5094=EDGE_LOOP('',(#1699,#1700,#1701,#1702));
#5095=EDGE_LOOP('',(#1703,#1704,#1705,#1706));
#5096=EDGE_LOOP('',(#1707));
#5097=EDGE_LOOP('',(#1708));
#5098=EDGE_LOOP('',(#1709));
#5099=EDGE_LOOP('',(#1710));
#5100=EDGE_LOOP('',(#1711));
#5101=EDGE_LOOP('',(#1712));
#5102=EDGE_LOOP('',(#1713));
#5103=EDGE_LOOP('',(#1714));
#5104=EDGE_LOOP('',(#1715,#1716));
#5105=EDGE_LOOP('',(#1717));
#5106=EDGE_LOOP('',(#1718));
#5107=EDGE_LOOP('',(#1719));
#5108=EDGE_LOOP('',(#1720));
#5109=EDGE_LOOP('',(#1721));
#5110=EDGE_LOOP('',(#1722));
#5111=EDGE_LOOP('',(#1723,#1724,#1725,#1726));
#5112=EDGE_LOOP('',(#1727,#1728,#1729,#1730));
#5113=EDGE_LOOP('',(#1731));
#5114=FACE_BOUND('',#4738,.T.);
#5115=FACE_BOUND('',#4739,.T.);
#5116=FACE_BOUND('',#4740,.T.);
#5117=FACE_BOUND('',#4741,.T.);
#5118=FACE_BOUND('',#4742,.T.);
#5119=FACE_BOUND('',#4743,.T.);
#5120=FACE_BOUND('',#4744,.T.);
#5121=FACE_BOUND('',#4745,.T.);
#5122=FACE_BOUND('',#4746,.T.);
#5123=FACE_BOUND('',#4747,.T.);
#5124=FACE_BOUND('',#4748,.T.);
#5125=FACE_BOUND('',#4749,.T.);
#5126=FACE_BOUND('',#4750,.T.);
#5127=FACE_BOUND('',#4751,.T.);
#5128=FACE_BOUND('',#4752,.T.);
#5129=FACE_BOUND('',#4753,.T.);
#5130=FACE_BOUND('',#4754,.T.);
#5131=FACE_BOUND('',#4755,.T.);
#5132=FACE_BOUND('',#4756,.T.);
#5133=FACE_BOUND('',#4757,.T.);
#5134=FACE_BOUND('',#4758,.T.);
#5135=FACE_BOUND('',#4759,.T.);
#5136=FACE_BOUND('',#4760,.T.);
#5137=FACE_BOUND('',#4761,.T.);
#5138=FACE_BOUND('',#4762,.T.);
#5139=FACE_BOUND('',#4763,.T.);
#5140=FACE_BOUND('',#4764,.T.);
#5141=FACE_BOUND('',#4765,.T.);
#5142=FACE_BOUND('',#4766,.T.);
#5143=FACE_BOUND('',#4767,.T.);
#5144=FACE_BOUND('',#4768,.T.);
#5145=FACE_BOUND('',#4769,.T.);
#5146=FACE_BOUND('',#4770,.T.);
#5147=FACE_BOUND('',#4771,.T.);
#5148=FACE_BOUND('',#4772,.T.);
#5149=FACE_BOUND('',#4773,.T.);
#5150=FACE_BOUND('',#4774,.T.);
#5151=FACE_BOUND('',#4775,.T.);
#5152=FACE_BOUND('',#4776,.T.);
#5153=FACE_BOUND('',#4777,.T.);
#5154=FACE_BOUND('',#4778,.T.);
#5155=FACE_BOUND('',#4779,.T.);
#5156=FACE_BOUND('',#4780,.T.);
#5157=FACE_BOUND('',#4781,.T.);
#5158=FACE_BOUND('',#4782,.T.);
#5159=FACE_BOUND('',#4783,.T.);
#5160=FACE_BOUND('',#4784,.T.);
#5161=FACE_BOUND('',#4785,.T.);
#5162=FACE_BOUND('',#4786,.T.);
#5163=FACE_BOUND('',#4787,.T.);
#5164=FACE_BOUND('',#4788,.T.);
#5165=FACE_BOUND('',#4789,.T.);
#5166=FACE_BOUND('',#4790,.T.);
#5167=FACE_BOUND('',#4791,.T.);
#5168=FACE_BOUND('',#4792,.T.);
#5169=FACE_BOUND('',#4793,.T.);
#5170=FACE_BOUND('',#4794,.T.);
#5171=FACE_BOUND('',#4795,.T.);
#5172=FACE_BOUND('',#4796,.T.);
#5173=FACE_BOUND('',#4797,.T.);
#5174=FACE_BOUND('',#4798,.T.);
#5175=FACE_BOUND('',#4799,.T.);
#5176=FACE_BOUND('',#4800,.T.);
#5177=FACE_BOUND('',#4801,.T.);
#5178=FACE_BOUND('',#4802,.T.);
#5179=FACE_BOUND('',#4803,.T.);
#5180=FACE_BOUND('',#4804,.T.);
#5181=FACE_BOUND('',#4805,.T.);
#5182=FACE_BOUND('',#4806,.T.);
#5183=FACE_BOUND('',#4807,.T.);
#5184=FACE_BOUND('',#4808,.T.);
#5185=FACE_BOUND('',#4809,.T.);
#5186=FACE_BOUND('',#4810,.T.);
#5187=FACE_BOUND('',#4811,.T.);
#5188=FACE_BOUND('',#4812,.T.);
#5189=FACE_BOUND('',#4813,.T.);
#5190=FACE_BOUND('',#4814,.T.);
#5191=FACE_BOUND('',#4815,.T.);
#5192=FACE_BOUND('',#4816,.T.);
#5193=FACE_BOUND('',#4817,.T.);
#5194=FACE_BOUND('',#4818,.T.);
#5195=FACE_BOUND('',#4819,.T.);
#5196=FACE_BOUND('',#4820,.T.);
#5197=FACE_BOUND('',#4821,.T.);
#5198=FACE_BOUND('',#4822,.T.);
#5199=FACE_BOUND('',#4823,.T.);
#5200=FACE_BOUND('',#4824,.T.);
#5201=FACE_BOUND('',#4825,.T.);
#5202=FACE_BOUND('',#4826,.T.);
#5203=FACE_BOUND('',#4827,.T.);
#5204=FACE_BOUND('',#4828,.T.);
#5205=FACE_BOUND('',#4829,.T.);
#5206=FACE_BOUND('',#4830,.T.);
#5207=FACE_BOUND('',#4831,.T.);
#5208=FACE_BOUND('',#4832,.T.);
#5209=FACE_BOUND('',#4833,.T.);
#5210=FACE_BOUND('',#4834,.T.);
#5211=FACE_BOUND('',#4835,.T.);
#5212=FACE_BOUND('',#4836,.T.);
#5213=FACE_BOUND('',#4837,.T.);
#5214=FACE_BOUND('',#4838,.T.);
#5215=FACE_BOUND('',#4839,.T.);
#5216=FACE_BOUND('',#4840,.T.);
#5217=FACE_BOUND('',#4841,.T.);
#5218=FACE_BOUND('',#4842,.T.);
#5219=FACE_BOUND('',#4843,.T.);
#5220=FACE_BOUND('',#4844,.T.);
#5221=FACE_BOUND('',#4845,.T.);
#5222=FACE_BOUND('',#4846,.T.);
#5223=FACE_BOUND('',#4847,.T.);
#5224=FACE_BOUND('',#4848,.T.);
#5225=FACE_BOUND('',#4849,.T.);
#5226=FACE_BOUND('',#4850,.T.);
#5227=FACE_BOUND('',#4851,.T.);
#5228=FACE_BOUND('',#4852,.T.);
#5229=FACE_BOUND('',#4853,.T.);
#5230=FACE_BOUND('',#4854,.T.);
#5231=FACE_BOUND('',#4855,.T.);
#5232=FACE_BOUND('',#4856,.T.);
#5233=FACE_BOUND('',#4857,.T.);
#5234=FACE_BOUND('',#4858,.T.);
#5235=FACE_BOUND('',#4859,.T.);
#5236=FACE_BOUND('',#4860,.T.);
#5237=FACE_BOUND('',#4861,.T.);
#5238=FACE_BOUND('',#4862,.T.);
#5239=FACE_BOUND('',#4863,.T.);
#5240=FACE_BOUND('',#4864,.T.);
#5241=FACE_BOUND('',#4865,.T.);
#5242=FACE_BOUND('',#4866,.T.);
#5243=FACE_BOUND('',#4867,.T.);
#5244=FACE_BOUND('',#4868,.T.);
#5245=FACE_BOUND('',#4869,.T.);
#5246=FACE_BOUND('',#4870,.T.);
#5247=FACE_BOUND('',#4871,.T.);
#5248=FACE_BOUND('',#4872,.T.);
#5249=FACE_BOUND('',#4873,.T.);
#5250=FACE_BOUND('',#4874,.T.);
#5251=FACE_BOUND('',#4875,.T.);
#5252=FACE_BOUND('',#4876,.T.);
#5253=FACE_BOUND('',#4877,.T.);
#5254=FACE_BOUND('',#4878,.T.);
#5255=FACE_BOUND('',#4879,.T.);
#5256=FACE_BOUND('',#4880,.T.);
#5257=FACE_BOUND('',#4881,.T.);
#5258=FACE_BOUND('',#4882,.T.);
#5259=FACE_BOUND('',#4883,.T.);
#5260=FACE_BOUND('',#4884,.T.);
#5261=FACE_BOUND('',#4885,.T.);
#5262=FACE_BOUND('',#4886,.T.);
#5263=FACE_BOUND('',#4887,.T.);
#5264=FACE_BOUND('',#4888,.T.);
#5265=FACE_BOUND('',#4889,.T.);
#5266=FACE_BOUND('',#4890,.T.);
#5267=FACE_BOUND('',#4891,.T.);
#5268=FACE_BOUND('',#4892,.T.);
#5269=FACE_BOUND('',#4893,.T.);
#5270=FACE_BOUND('',#4894,.T.);
#5271=FACE_BOUND('',#4895,.T.);
#5272=FACE_BOUND('',#4896,.T.);
#5273=FACE_BOUND('',#4897,.T.);
#5274=FACE_BOUND('',#4898,.T.);
#5275=FACE_BOUND('',#4899,.T.);
#5276=FACE_BOUND('',#4900,.T.);
#5277=FACE_BOUND('',#4901,.T.);
#5278=FACE_BOUND('',#4902,.T.);
#5279=FACE_BOUND('',#4903,.T.);
#5280=FACE_BOUND('',#4904,.T.);
#5281=FACE_BOUND('',#4905,.T.);
#5282=FACE_BOUND('',#4906,.T.);
#5283=FACE_BOUND('',#4907,.T.);
#5284=FACE_BOUND('',#4908,.T.);
#5285=FACE_BOUND('',#4909,.T.);
#5286=FACE_BOUND('',#4910,.T.);
#5287=FACE_BOUND('',#4911,.T.);
#5288=FACE_BOUND('',#4912,.T.);
#5289=FACE_BOUND('',#4913,.T.);
#5290=FACE_BOUND('',#4914,.T.);
#5291=FACE_BOUND('',#4915,.T.);
#5292=FACE_BOUND('',#4916,.T.);
#5293=FACE_BOUND('',#4917,.T.);
#5294=FACE_BOUND('',#4918,.T.);
#5295=FACE_BOUND('',#4919,.T.);
#5296=FACE_BOUND('',#4920,.T.);
#5297=FACE_BOUND('',#4921,.T.);
#5298=FACE_BOUND('',#4922,.T.);
#5299=FACE_BOUND('',#4923,.T.);
#5300=FACE_BOUND('',#4924,.T.);
#5301=FACE_BOUND('',#4925,.T.);
#5302=FACE_BOUND('',#4926,.T.);
#5303=FACE_BOUND('',#4927,.T.);
#5304=FACE_BOUND('',#4928,.T.);
#5305=FACE_BOUND('',#4929,.T.);
#5306=FACE_BOUND('',#4930,.T.);
#5307=FACE_BOUND('',#4931,.T.);
#5308=FACE_BOUND('',#4932,.T.);
#5309=FACE_BOUND('',#4933,.T.);
#5310=FACE_BOUND('',#4934,.T.);
#5311=FACE_BOUND('',#4935,.T.);
#5312=FACE_BOUND('',#4936,.T.);
#5313=FACE_BOUND('',#4937,.T.);
#5314=FACE_BOUND('',#4938,.T.);
#5315=FACE_BOUND('',#4939,.T.);
#5316=FACE_BOUND('',#4940,.T.);
#5317=FACE_BOUND('',#4941,.T.);
#5318=FACE_BOUND('',#4942,.T.);
#5319=FACE_BOUND('',#4943,.T.);
#5320=FACE_BOUND('',#4944,.T.);
#5321=FACE_BOUND('',#4945,.T.);
#5322=FACE_BOUND('',#4946,.T.);
#5323=FACE_BOUND('',#4947,.T.);
#5324=FACE_BOUND('',#4948,.T.);
#5325=FACE_BOUND('',#4949,.T.);
#5326=FACE_BOUND('',#4950,.T.);
#5327=FACE_BOUND('',#4951,.T.);
#5328=FACE_BOUND('',#4952,.T.);
#5329=FACE_BOUND('',#4953,.T.);
#5330=FACE_BOUND('',#4954,.T.);
#5331=FACE_BOUND('',#4955,.T.);
#5332=FACE_BOUND('',#4956,.T.);
#5333=FACE_BOUND('',#4957,.T.);
#5334=FACE_BOUND('',#4958,.T.);
#5335=FACE_BOUND('',#4959,.T.);
#5336=FACE_BOUND('',#4960,.T.);
#5337=FACE_BOUND('',#4961,.T.);
#5338=FACE_BOUND('',#4962,.T.);
#5339=FACE_BOUND('',#4963,.T.);
#5340=FACE_BOUND('',#4964,.T.);
#5341=FACE_BOUND('',#4965,.T.);
#5342=FACE_BOUND('',#4966,.T.);
#5343=FACE_BOUND('',#4967,.T.);
#5344=FACE_BOUND('',#4968,.T.);
#5345=FACE_BOUND('',#4969,.T.);
#5346=FACE_BOUND('',#4970,.T.);
#5347=FACE_BOUND('',#4971,.T.);
#5348=FACE_BOUND('',#4972,.T.);
#5349=FACE_BOUND('',#4973,.T.);
#5350=FACE_BOUND('',#4974,.T.);
#5351=FACE_BOUND('',#4975,.T.);
#5352=FACE_BOUND('',#4976,.T.);
#5353=FACE_BOUND('',#4977,.T.);
#5354=FACE_BOUND('',#4978,.T.);
#5355=FACE_BOUND('',#4979,.T.);
#5356=FACE_BOUND('',#4980,.T.);
#5357=FACE_BOUND('',#4981,.T.);
#5358=FACE_BOUND('',#4982,.T.);
#5359=FACE_BOUND('',#4983,.T.);
#5360=FACE_BOUND('',#4984,.T.);
#5361=FACE_BOUND('',#4985,.T.);
#5362=FACE_BOUND('',#4986,.T.);
#5363=FACE_BOUND('',#4987,.T.);
#5364=FACE_BOUND('',#4988,.T.);
#5365=FACE_BOUND('',#4989,.T.);
#5366=FACE_BOUND('',#4990,.T.);
#5367=FACE_BOUND('',#4991,.T.);
#5368=FACE_BOUND('',#4992,.T.);
#5369=FACE_BOUND('',#4993,.T.);
#5370=FACE_BOUND('',#4994,.T.);
#5371=FACE_BOUND('',#4995,.T.);
#5372=FACE_BOUND('',#4996,.T.);
#5373=FACE_BOUND('',#4997,.T.);
#5374=FACE_BOUND('',#4998,.T.);
#5375=FACE_BOUND('',#4999,.T.);
#5376=FACE_BOUND('',#5000,.T.);
#5377=FACE_BOUND('',#5001,.T.);
#5378=FACE_BOUND('',#5002,.T.);
#5379=FACE_BOUND('',#5003,.T.);
#5380=FACE_BOUND('',#5004,.T.);
#5381=FACE_BOUND('',#5005,.T.);
#5382=FACE_BOUND('',#5006,.T.);
#5383=FACE_BOUND('',#5007,.T.);
#5384=FACE_BOUND('',#5008,.T.);
#5385=FACE_BOUND('',#5009,.T.);
#5386=FACE_BOUND('',#5010,.T.);
#5387=FACE_BOUND('',#5011,.T.);
#5388=FACE_BOUND('',#5012,.T.);
#5389=FACE_BOUND('',#5013,.T.);
#5390=FACE_BOUND('',#5014,.T.);
#5391=FACE_BOUND('',#5015,.T.);
#5392=FACE_BOUND('',#5016,.T.);
#5393=FACE_BOUND('',#5017,.T.);
#5394=FACE_BOUND('',#5018,.T.);
#5395=FACE_BOUND('',#5019,.T.);
#5396=FACE_BOUND('',#5020,.T.);
#5397=FACE_BOUND('',#5021,.T.);
#5398=FACE_BOUND('',#5022,.T.);
#5399=FACE_BOUND('',#5023,.T.);
#5400=FACE_BOUND('',#5024,.T.);
#5401=FACE_BOUND('',#5025,.T.);
#5402=FACE_BOUND('',#5026,.T.);
#5403=FACE_BOUND('',#5027,.T.);
#5404=FACE_BOUND('',#5028,.T.);
#5405=FACE_BOUND('',#5029,.T.);
#5406=FACE_BOUND('',#5030,.T.);
#5407=FACE_BOUND('',#5031,.T.);
#5408=FACE_BOUND('',#5032,.T.);
#5409=FACE_BOUND('',#5033,.T.);
#5410=FACE_BOUND('',#5034,.T.);
#5411=FACE_BOUND('',#5035,.T.);
#5412=FACE_BOUND('',#5036,.T.);
#5413=FACE_BOUND('',#5037,.T.);
#5414=FACE_BOUND('',#5038,.T.);
#5415=FACE_BOUND('',#5039,.T.);
#5416=FACE_BOUND('',#5040,.T.);
#5417=FACE_BOUND('',#5041,.T.);
#5418=FACE_BOUND('',#5042,.T.);
#5419=FACE_BOUND('',#5043,.T.);
#5420=FACE_BOUND('',#5044,.T.);
#5421=FACE_BOUND('',#5045,.T.);
#5422=FACE_BOUND('',#5046,.T.);
#5423=FACE_BOUND('',#5047,.T.);
#5424=FACE_BOUND('',#5048,.T.);
#5425=FACE_BOUND('',#5049,.T.);
#5426=FACE_BOUND('',#5050,.T.);
#5427=FACE_BOUND('',#5051,.T.);
#5428=FACE_BOUND('',#5052,.T.);
#5429=FACE_BOUND('',#5053,.T.);
#5430=FACE_BOUND('',#5054,.T.);
#5431=FACE_BOUND('',#5055,.T.);
#5432=FACE_BOUND('',#5056,.T.);
#5433=FACE_BOUND('',#5057,.T.);
#5434=FACE_BOUND('',#5058,.T.);
#5435=FACE_BOUND('',#5059,.T.);
#5436=FACE_BOUND('',#5060,.T.);
#5437=FACE_BOUND('',#5061,.T.);
#5438=FACE_BOUND('',#5062,.T.);
#5439=FACE_BOUND('',#5063,.T.);
#5440=FACE_BOUND('',#5064,.T.);
#5441=FACE_BOUND('',#5065,.T.);
#5442=FACE_BOUND('',#5066,.T.);
#5443=FACE_BOUND('',#5067,.T.);
#5444=FACE_BOUND('',#5068,.T.);
#5445=FACE_BOUND('',#5069,.T.);
#5446=FACE_BOUND('',#5070,.T.);
#5447=FACE_BOUND('',#5071,.T.);
#5448=FACE_BOUND('',#5072,.T.);
#5449=FACE_BOUND('',#5073,.T.);
#5450=FACE_BOUND('',#5074,.T.);
#5451=FACE_BOUND('',#5075,.T.);
#5452=FACE_BOUND('',#5076,.T.);
#5453=FACE_BOUND('',#5077,.T.);
#5454=FACE_BOUND('',#5078,.T.);
#5455=FACE_BOUND('',#5079,.T.);
#5456=FACE_BOUND('',#5080,.T.);
#5457=FACE_BOUND('',#5081,.T.);
#5458=FACE_BOUND('',#5082,.T.);
#5459=FACE_BOUND('',#5083,.T.);
#5460=FACE_BOUND('',#5084,.T.);
#5461=FACE_BOUND('',#5085,.T.);
#5462=FACE_BOUND('',#5086,.T.);
#5463=FACE_BOUND('',#5087,.T.);
#5464=FACE_BOUND('',#5088,.T.);
#5465=FACE_BOUND('',#5089,.T.);
#5466=FACE_BOUND('',#5090,.T.);
#5467=FACE_BOUND('',#5091,.T.);
#5468=FACE_BOUND('',#5092,.T.);
#5469=FACE_BOUND('',#5093,.T.);
#5470=FACE_BOUND('',#5094,.T.);
#5471=FACE_BOUND('',#5095,.T.);
#5472=FACE_BOUND('',#5096,.T.);
#5473=FACE_BOUND('',#5097,.T.);
#5474=FACE_BOUND('',#5098,.T.);
#5475=FACE_BOUND('',#5099,.T.);
#5476=FACE_BOUND('',#5100,.T.);
#5477=FACE_BOUND('',#5101,.T.);
#5478=FACE_BOUND('',#5102,.T.);
#5479=FACE_BOUND('',#5103,.T.);
#5480=FACE_BOUND('',#5104,.T.);
#5481=FACE_BOUND('',#5105,.T.);
#5482=FACE_BOUND('',#5106,.T.);
#5483=FACE_BOUND('',#5107,.T.);
#5484=FACE_BOUND('',#5108,.T.);
#5485=FACE_BOUND('',#5109,.T.);
#5486=FACE_BOUND('',#5110,.T.);
#5487=FACE_BOUND('',#5111,.T.);
#5488=FACE_BOUND('',#5112,.T.);
#5489=FACE_BOUND('',#5113,.T.);
#5490=PLANE('',#6013);
#5491=PLANE('',#6014);
#5492=PLANE('',#6016);
#5493=PLANE('',#6018);
#5494=PLANE('',#6020);
#5495=PLANE('',#6022);
#5496=PLANE('',#6023);
#5497=PLANE('',#6024);
#5498=PLANE('',#6025);
#5499=PLANE('',#6026);
#5500=PLANE('',#6027);
#5501=PLANE('',#6028);
#5502=PLANE('',#6029);
#5503=PLANE('',#6030);
#5504=PLANE('',#6031);
#5505=PLANE('',#6032);
#5506=PLANE('',#6033);
#5507=PLANE('',#6034);
#5508=PLANE('',#6035);
#5509=PLANE('',#6036);
#5510=PLANE('',#6037);
#5511=PLANE('',#6038);
#5512=PLANE('',#6039);
#5513=PLANE('',#6040);
#5514=PLANE('',#6041);
#5515=PLANE('',#6042);
#5516=PLANE('',#6043);
#5517=PLANE('',#6044);
#5518=PLANE('',#6045);
#5519=PLANE('',#6046);
#5520=PLANE('',#6047);
#5521=PLANE('',#6048);
#5522=PLANE('',#6049);
#5523=PLANE('',#6050);
#5524=PLANE('',#6051);
#5525=PLANE('',#6052);
#5526=PLANE('',#6053);
#5527=PLANE('',#6054);
#5528=PLANE('',#6055);
#5529=PLANE('',#6056);
#5530=PLANE('',#6057);
#5531=PLANE('',#6058);
#5532=PLANE('',#6059);
#5533=PLANE('',#6060);
#5534=PLANE('',#6061);
#5535=PLANE('',#6066);
#5536=PLANE('',#6071);
#5537=PLANE('',#6072);
#5538=PLANE('',#6073);
#5539=PLANE('',#6074);
#5540=PLANE('',#6075);
#5541=PLANE('',#6076);
#5542=PLANE('',#6077);
#5543=PLANE('',#6078);
#5544=PLANE('',#6079);
#5545=PLANE('',#6080);
#5546=PLANE('',#6081);
#5547=PLANE('',#6082);
#5548=PLANE('',#6083);
#5549=PLANE('',#6084);
#5550=PLANE('',#6085);
#5551=PLANE('',#6086);
#5552=PLANE('',#6087);
#5553=PLANE('',#6088);
#5554=PLANE('',#6089);
#5555=PLANE('',#6090);
#5556=PLANE('',#6091);
#5557=PLANE('',#6092);
#5558=PLANE('',#6093);
#5559=PLANE('',#6094);
#5560=PLANE('',#6095);
#5561=PLANE('',#6096);
#5562=PLANE('',#6097);
#5563=PLANE('',#6098);
#5564=PLANE('',#6099);
#5565=PLANE('',#6100);
#5566=PLANE('',#6101);
#5567=PLANE('',#6102);
#5568=PLANE('',#6103);
#5569=PLANE('',#6104);
#5570=PLANE('',#6105);
#5571=PLANE('',#6106);
#5572=PLANE('',#6107);
#5573=PLANE('',#6108);
#5574=PLANE('',#6109);
#5575=PLANE('',#6110);
#5576=PLANE('',#6111);
#5577=PLANE('',#6112);
#5578=PLANE('',#6113);
#5579=PLANE('',#6114);
#5580=PLANE('',#6115);
#5581=PLANE('',#6116);
#5582=PLANE('',#6117);
#5583=PLANE('',#6118);
#5584=PLANE('',#6119);
#5585=PLANE('',#6120);
#5586=PLANE('',#6121);
#5587=PLANE('',#6122);
#5588=PLANE('',#6123);
#5589=PLANE('',#6124);
#5590=PLANE('',#6125);
#5591=PLANE('',#6126);
#5592=PLANE('',#6127);
#5593=PLANE('',#6128);
#5594=PLANE('',#6129);
#5595=PLANE('',#6130);
#5596=PLANE('',#6131);
#5597=PLANE('',#6132);
#5598=PLANE('',#6133);
#5599=PLANE('',#6134);
#5600=PLANE('',#6135);
#5601=PLANE('',#6136);
#5602=PLANE('',#6137);
#5603=PLANE('',#6138);
#5604=PLANE('',#6139);
#5605=PLANE('',#6140);
#5606=PLANE('',#6141);
#5607=PLANE('',#6142);
#5608=PLANE('',#6143);
#5609=PLANE('',#6144);
#5610=PLANE('',#6145);
#5611=PLANE('',#6146);
#5612=PLANE('',#6147);
#5613=PLANE('',#6148);
#5614=PLANE('',#6149);
#5615=PLANE('',#6150);
#5616=PLANE('',#6151);
#5617=PLANE('',#6152);
#5618=PLANE('',#6153);
#5619=PLANE('',#6154);
#5620=PLANE('',#6155);
#5621=PLANE('',#6156);
#5622=PLANE('',#6157);
#5623=PLANE('',#6158);
#5624=PLANE('',#6159);
#5625=PLANE('',#6160);
#5626=PLANE('',#6161);
#5627=PLANE('',#6163);
#5628=PLANE('',#6164);
#5629=PLANE('',#6166);
#5630=PLANE('',#6167);
#5631=PLANE('',#6168);
#5632=PLANE('',#6169);
#5633=PLANE('',#6170);
#5634=PLANE('',#6172);
#5635=PLANE('',#6173);
#5636=PLANE('',#6174);
#5637=PLANE('',#6176);
#5638=PLANE('',#6178);
#5639=PLANE('',#6179);
#5640=PLANE('',#6180);
#5641=PLANE('',#6181);
#5642=PLANE('',#6182);
#5643=PLANE('',#6183);
#5644=PLANE('',#6184);
#5645=PLANE('',#6186);
#5646=PLANE('',#6187);
#5647=PLANE('',#6189);
#5648=PLANE('',#6190);
#5649=PLANE('',#6191);
#5650=PLANE('',#6192);
#5651=PLANE('',#6193);
#5652=PLANE('',#6194);
#5653=PLANE('',#6195);
#5654=PLANE('',#6197);
#5655=PLANE('',#6198);
#5656=PLANE('',#6200);
#5657=PLANE('',#6201);
#5658=PLANE('',#6202);
#5659=PLANE('',#6203);
#5660=PLANE('',#6204);
#5661=PLANE('',#6205);
#5662=PLANE('',#6206);
#5663=PLANE('',#6207);
#5664=PLANE('',#6208);
#5665=PLANE('',#6209);
#5666=PLANE('',#6210);
#5667=PLANE('',#6211);
#5668=PLANE('',#6212);
#5669=PLANE('',#6213);
#5670=PLANE('',#6214);
#5671=PLANE('',#6215);
#5672=PLANE('',#6216);
#5673=PLANE('',#6217);
#5674=PLANE('',#6218);
#5675=PLANE('',#6219);
#5676=PLANE('',#6220);
#5677=PLANE('',#6221);
#5678=PLANE('',#6222);
#5679=PLANE('',#6223);
#5680=PLANE('',#6225);
#5681=PLANE('',#6227);
#5682=PLANE('',#6228);
#5683=PLANE('',#6229);
#5684=PLANE('',#6230);
#5685=PLANE('',#6231);
#5686=PLANE('',#6232);
#5687=PLANE('',#6233);
#5688=PLANE('',#6235);
#5689=PLANE('',#6236);
#5690=PLANE('',#6237);
#5691=PLANE('',#6239);
#5692=PLANE('',#6240);
#5693=PLANE('',#6241);
#5694=PLANE('',#6243);
#5695=PLANE('',#6244);
#5696=PLANE('',#6245);
#5697=PLANE('',#6247);
#5698=PLANE('',#6248);
#5699=PLANE('',#6249);
#5700=PLANE('',#6251);
#5701=PLANE('',#6253);
#5702=PLANE('',#6254);
#5703=PLANE('',#6256);
#5704=PLANE('',#6257);
#5705=PLANE('',#6259);
#5706=PLANE('',#6261);
#5707=PLANE('',#6263);
#5708=PLANE('',#6264);
#5709=PLANE('',#6265);
#5710=PLANE('',#6266);
#5711=PLANE('',#6267);
#5712=PLANE('',#6268);
#5713=PLANE('',#6269);
#5714=PLANE('',#6270);
#5715=PLANE('',#6271);
#5716=PLANE('',#6272);
#5717=PLANE('',#6273);
#5718=PLANE('',#6274);
#5719=PLANE('',#6275);
#5720=PLANE('',#6276);
#5721=PLANE('',#6277);
#5722=PLANE('',#6278);
#5723=PLANE('',#6279);
#5724=PLANE('',#6280);
#5725=PLANE('',#6281);
#5726=PLANE('',#6282);
#5727=PLANE('',#6283);
#5728=PLANE('',#6284);
#5729=PLANE('',#6285);
#5730=PLANE('',#6286);
#5731=PLANE('',#6287);
#5732=PLANE('',#6288);
#5733=PLANE('',#6289);
#5734=PLANE('',#6290);
#5735=PLANE('',#6291);
#5736=PLANE('',#6292);
#5737=PLANE('',#6293);
#5738=PLANE('',#6295);
#5739=PLANE('',#6297);
#5740=PLANE('',#6299);
#5741=ADVANCED_FACE('',(#5114),#5490,.T.);
#5742=ADVANCED_FACE('',(#5115),#5491,.F.);
#5743=ADVANCED_FACE('',(#5116),#5492,.F.);
#5744=ADVANCED_FACE('',(#5117),#5493,.T.);
#5745=ADVANCED_FACE('',(#5118),#5494,.F.);
#5746=ADVANCED_FACE('',(#5119,#5120,#5121,#5122,#5123,#5124,#5125,#5126,
#5127,#5128,#5129,#5130,#5131),#5495,.F.);
#5747=ADVANCED_FACE('',(#5132,#5133,#5134),#5496,.F.);
#5748=ADVANCED_FACE('',(#5135,#5136,#5137,#5138,#5139,#5140,#5141,#5142,
#5143,#5144,#5145,#5146,#5147),#5497,.F.);
#5749=ADVANCED_FACE('',(#5148,#5149,#5150,#5151,#5152,#5153,#5154,#5155,
#5156,#5157,#5158,#5159),#5498,.F.);
#5750=ADVANCED_FACE('',(#5160),#5499,.T.);
#5751=ADVANCED_FACE('',(#5161),#5500,.T.);
#5752=ADVANCED_FACE('',(#5162),#5501,.F.);
#5753=ADVANCED_FACE('',(#5163),#5502,.F.);
#5754=ADVANCED_FACE('',(#5164),#5503,.F.);
#5755=ADVANCED_FACE('',(#5165,#5166,#5167),#5504,.F.);
#5756=ADVANCED_FACE('',(#5168),#5505,.T.);
#5757=ADVANCED_FACE('',(#5169),#5506,.T.);
#5758=ADVANCED_FACE('',(#5170),#5507,.F.);
#5759=ADVANCED_FACE('',(#5171),#5508,.F.);
#5760=ADVANCED_FACE('',(#5172),#5509,.F.);
#5761=ADVANCED_FACE('',(#5173),#5510,.F.);
#5762=ADVANCED_FACE('',(#5174),#5511,.F.);
#5763=ADVANCED_FACE('',(#5175),#5512,.F.);
#5764=ADVANCED_FACE('',(#5176),#5513,.F.);
#5765=ADVANCED_FACE('',(#5177),#5514,.T.);
#5766=ADVANCED_FACE('',(#5178),#5515,.T.);
#5767=ADVANCED_FACE('',(#5179),#5516,.F.);
#5768=ADVANCED_FACE('',(#5180),#5517,.F.);
#5769=ADVANCED_FACE('',(#5181,#5182,#5183,#5184,#5185,#5186,#5187,#5188,
#5189,#5190,#5191,#5192,#5193,#5194),#5518,.T.);
#5770=ADVANCED_FACE('',(#5195,#5196,#5197,#5198,#5199,#5200,#5201,#5202),
#5519,.F.);
#5771=ADVANCED_FACE('',(#5203),#5520,.F.);
#5772=ADVANCED_FACE('',(#5204),#5521,.F.);
#5773=ADVANCED_FACE('',(#5205),#5522,.T.);
#5774=ADVANCED_FACE('',(#5206),#5523,.T.);
#5775=ADVANCED_FACE('',(#5207),#5524,.F.);
#5776=ADVANCED_FACE('',(#5208),#5525,.F.);
#5777=ADVANCED_FACE('',(#5209),#5526,.F.);
#5778=ADVANCED_FACE('',(#5210),#5527,.F.);
#5779=ADVANCED_FACE('',(#5211),#5528,.F.);
#5780=ADVANCED_FACE('',(#5212,#5213,#5214,#5215,#5216,#5217,#5218,#5219,
#5220,#5221,#5222,#5223,#5224,#5225),#5529,.T.);
#5781=ADVANCED_FACE('',(#5226,#5227,#5228,#5229,#5230,#5231,#5232,#5233,
#5234,#5235,#5236,#5237,#5238,#5239),#5530,.F.);
#5782=ADVANCED_FACE('',(#5240),#5531,.F.);
#5783=ADVANCED_FACE('',(#5241),#5532,.F.);
#5784=ADVANCED_FACE('',(#5242),#5533,.F.);
#5785=ADVANCED_FACE('',(#5243,#5244,#5245,#5246,#5247,#5248),#5534,.T.);
#5786=ADVANCED_FACE('',(#5249,#5250,#5251,#5252,#5253,#5254),#5535,.F.);
#5787=ADVANCED_FACE('',(#5255),#5536,.T.);
#5788=ADVANCED_FACE('',(#5256),#5537,.T.);
#5789=ADVANCED_FACE('',(#5257),#5538,.F.);
#5790=ADVANCED_FACE('',(#5258),#5539,.T.);
#5791=ADVANCED_FACE('',(#5259),#5540,.F.);
#5792=ADVANCED_FACE('',(#5260),#5541,.F.);
#5793=ADVANCED_FACE('',(#5261),#5542,.T.);
#5794=ADVANCED_FACE('',(#5262),#5543,.F.);
#5795=ADVANCED_FACE('',(#5263),#5544,.T.);
#5796=ADVANCED_FACE('',(#5264),#5545,.T.);
#5797=ADVANCED_FACE('',(#5265),#5546,.F.);
#5798=ADVANCED_FACE('',(#5266),#5547,.T.);
#5799=ADVANCED_FACE('',(#5267),#5548,.T.);
#5800=ADVANCED_FACE('',(#5268),#5549,.T.);
#5801=ADVANCED_FACE('',(#5269),#5550,.T.);
#5802=ADVANCED_FACE('',(#5270),#5551,.F.);
#5803=ADVANCED_FACE('',(#5271),#5552,.F.);
#5804=ADVANCED_FACE('',(#5272),#5553,.T.);
#5805=ADVANCED_FACE('',(#5273),#5554,.F.);
#5806=ADVANCED_FACE('',(#5274),#5555,.F.);
#5807=ADVANCED_FACE('',(#5275),#5556,.F.);
#5808=ADVANCED_FACE('',(#5276),#5557,.F.);
#5809=ADVANCED_FACE('',(#5277),#5558,.F.);
#5810=ADVANCED_FACE('',(#5278),#5559,.F.);
#5811=ADVANCED_FACE('',(#5279),#5560,.F.);
#5812=ADVANCED_FACE('',(#5280),#5561,.T.);
#5813=ADVANCED_FACE('',(#5281),#5562,.F.);
#5814=ADVANCED_FACE('',(#5282),#5563,.F.);
#5815=ADVANCED_FACE('',(#5283),#5564,.T.);
#5816=ADVANCED_FACE('',(#5284),#5565,.F.);
#5817=ADVANCED_FACE('',(#5285),#5566,.F.);
#5818=ADVANCED_FACE('',(#5286),#5567,.F.);
#5819=ADVANCED_FACE('',(#5287),#5568,.F.);
#5820=ADVANCED_FACE('',(#5288),#5569,.F.);
#5821=ADVANCED_FACE('',(#5289),#5570,.T.);
#5822=ADVANCED_FACE('',(#5290),#5571,.T.);
#5823=ADVANCED_FACE('',(#5291),#5572,.T.);
#5824=ADVANCED_FACE('',(#5292),#5573,.T.);
#5825=ADVANCED_FACE('',(#5293),#5574,.T.);
#5826=ADVANCED_FACE('',(#5294),#5575,.T.);
#5827=ADVANCED_FACE('',(#5295),#5576,.T.);
#5828=ADVANCED_FACE('',(#5296),#5577,.T.);
#5829=ADVANCED_FACE('',(#5297),#5578,.T.);
#5830=ADVANCED_FACE('',(#5298),#5579,.T.);
#5831=ADVANCED_FACE('',(#5299),#5580,.T.);
#5832=ADVANCED_FACE('',(#5300),#5581,.T.);
#5833=ADVANCED_FACE('',(#5301),#5582,.T.);
#5834=ADVANCED_FACE('',(#5302),#5583,.F.);
#5835=ADVANCED_FACE('',(#5303),#5584,.T.);
#5836=ADVANCED_FACE('',(#5304),#5585,.T.);
#5837=ADVANCED_FACE('',(#5305),#5586,.F.);
#5838=ADVANCED_FACE('',(#5306),#5587,.T.);
#5839=ADVANCED_FACE('',(#5307),#5588,.T.);
#5840=ADVANCED_FACE('',(#5308),#5589,.T.);
#5841=ADVANCED_FACE('',(#5309),#5590,.T.);
#5842=ADVANCED_FACE('',(#5310),#5591,.F.);
#5843=ADVANCED_FACE('',(#5311),#5592,.F.);
#5844=ADVANCED_FACE('',(#5312),#5593,.F.);
#5845=ADVANCED_FACE('',(#5313),#5594,.F.);
#5846=ADVANCED_FACE('',(#5314),#5595,.F.);
#5847=ADVANCED_FACE('',(#5315),#5596,.F.);
#5848=ADVANCED_FACE('',(#5316),#5597,.T.);
#5849=ADVANCED_FACE('',(#5317),#5598,.F.);
#5850=ADVANCED_FACE('',(#5318),#5599,.F.);
#5851=ADVANCED_FACE('',(#5319),#5600,.T.);
#5852=ADVANCED_FACE('',(#5320),#5601,.T.);
#5853=ADVANCED_FACE('',(#5321),#5602,.F.);
#5854=ADVANCED_FACE('',(#5322),#5603,.F.);
#5855=ADVANCED_FACE('',(#5323),#5604,.T.);
#5856=ADVANCED_FACE('',(#5324),#5605,.F.);
#5857=ADVANCED_FACE('',(#5325),#5606,.T.);
#5858=ADVANCED_FACE('',(#5326),#5607,.F.);
#5859=ADVANCED_FACE('',(#5327),#5608,.T.);
#5860=ADVANCED_FACE('',(#5328),#5609,.T.);
#5861=ADVANCED_FACE('',(#5329),#5610,.T.);
#5862=ADVANCED_FACE('',(#5330),#5611,.T.);
#5863=ADVANCED_FACE('',(#5331),#5612,.T.);
#5864=ADVANCED_FACE('',(#5332),#5613,.T.);
#5865=ADVANCED_FACE('',(#5333),#5614,.T.);
#5866=ADVANCED_FACE('',(#5334),#5615,.F.);
#5867=ADVANCED_FACE('',(#5335),#5616,.F.);
#5868=ADVANCED_FACE('',(#5336),#5617,.F.);
#5869=ADVANCED_FACE('',(#5337),#5618,.F.);
#5870=ADVANCED_FACE('',(#5338),#5619,.F.);
#5871=ADVANCED_FACE('',(#5339),#5620,.F.);
#5872=ADVANCED_FACE('',(#5340),#5621,.F.);
#5873=ADVANCED_FACE('',(#5341),#5622,.T.);
#5874=ADVANCED_FACE('',(#5342),#5623,.T.);
#5875=ADVANCED_FACE('',(#5343),#5624,.T.);
#5876=ADVANCED_FACE('',(#5344),#5625,.T.);
#5877=ADVANCED_FACE('',(#5345),#5626,.T.);
#5878=ADVANCED_FACE('',(#5346),#5627,.T.);
#5879=ADVANCED_FACE('',(#5347),#5628,.F.);
#5880=ADVANCED_FACE('',(#5348),#5629,.T.);
#5881=ADVANCED_FACE('',(#5349),#5630,.T.);
#5882=ADVANCED_FACE('',(#5350),#5631,.T.);
#5883=ADVANCED_FACE('',(#5351),#5632,.F.);
#5884=ADVANCED_FACE('',(#5352),#5633,.T.);
#5885=ADVANCED_FACE('',(#5353),#5634,.F.);
#5886=ADVANCED_FACE('',(#5354),#5635,.T.);
#5887=ADVANCED_FACE('',(#5355),#5636,.T.);
#5888=ADVANCED_FACE('',(#5356),#5637,.F.);
#5889=ADVANCED_FACE('',(#5357),#5638,.T.);
#5890=ADVANCED_FACE('',(#5358),#5639,.T.);
#5891=ADVANCED_FACE('',(#5359),#5640,.T.);
#5892=ADVANCED_FACE('',(#5360),#5641,.F.);
#5893=ADVANCED_FACE('',(#5361),#5642,.T.);
#5894=ADVANCED_FACE('',(#5362),#5643,.T.);
#5895=ADVANCED_FACE('',(#5363,#5364),#5644,.T.);
#5896=ADVANCED_FACE('',(#5365),#5645,.T.);
#5897=ADVANCED_FACE('',(#5366,#5367),#5646,.F.);
#5898=ADVANCED_FACE('',(#5368),#5647,.T.);
#5899=ADVANCED_FACE('',(#5369),#5648,.T.);
#5900=ADVANCED_FACE('',(#5370),#5649,.T.);
#5901=ADVANCED_FACE('',(#5371),#5650,.T.);
#5902=ADVANCED_FACE('',(#5372),#5651,.T.);
#5903=ADVANCED_FACE('',(#5373),#5652,.F.);
#5904=ADVANCED_FACE('',(#5374,#5375),#5653,.F.);
#5905=ADVANCED_FACE('',(#5376),#5654,.F.);
#5906=ADVANCED_FACE('',(#5377,#5378),#5655,.F.);
#5907=ADVANCED_FACE('',(#5379),#5656,.F.);
#5908=ADVANCED_FACE('',(#5380),#5657,.F.);
#5909=ADVANCED_FACE('',(#5381),#5658,.F.);
#5910=ADVANCED_FACE('',(#5382),#5659,.F.);
#5911=ADVANCED_FACE('',(#5383),#5660,.T.);
#5912=ADVANCED_FACE('',(#5384),#5661,.F.);
#5913=ADVANCED_FACE('',(#5385),#5662,.F.);
#5914=ADVANCED_FACE('',(#5386),#5663,.T.);
#5915=ADVANCED_FACE('',(#5387),#5664,.T.);
#5916=ADVANCED_FACE('',(#5388),#5665,.T.);
#5917=ADVANCED_FACE('',(#5389),#5666,.T.);
#5918=ADVANCED_FACE('',(#5390),#5667,.T.);
#5919=ADVANCED_FACE('',(#5391),#5668,.F.);
#5920=ADVANCED_FACE('',(#5392),#5669,.F.);
#5921=ADVANCED_FACE('',(#5393),#5670,.F.);
#5922=ADVANCED_FACE('',(#5394),#5671,.F.);
#5923=ADVANCED_FACE('',(#5395),#5672,.F.);
#5924=ADVANCED_FACE('',(#5396),#5673,.F.);
#5925=ADVANCED_FACE('',(#5397),#5674,.F.);
#5926=ADVANCED_FACE('',(#5398),#5675,.T.);
#5927=ADVANCED_FACE('',(#5399),#5676,.T.);
#5928=ADVANCED_FACE('',(#5400),#5677,.T.);
#5929=ADVANCED_FACE('',(#5401),#5678,.T.);
#5930=ADVANCED_FACE('',(#5402),#5679,.T.);
#5931=ADVANCED_FACE('',(#5403),#5680,.F.);
#5932=ADVANCED_FACE('',(#5404),#5681,.F.);
#5933=ADVANCED_FACE('',(#5405),#5682,.T.);
#5934=ADVANCED_FACE('',(#5406),#5683,.T.);
#5935=ADVANCED_FACE('',(#5407),#5684,.F.);
#5936=ADVANCED_FACE('',(#5408),#5685,.T.);
#5937=ADVANCED_FACE('',(#5409),#5686,.T.);
#5938=ADVANCED_FACE('',(#5410,#5411),#5687,.F.);
#5939=ADVANCED_FACE('',(#5412),#5688,.T.);
#5940=ADVANCED_FACE('',(#5413),#5689,.T.);
#5941=ADVANCED_FACE('',(#5414,#5415),#5690,.T.);
#5942=ADVANCED_FACE('',(#5416),#5691,.T.);
#5943=ADVANCED_FACE('',(#5417),#5692,.F.);
#5944=ADVANCED_FACE('',(#5418,#5419),#5693,.T.);
#5945=ADVANCED_FACE('',(#5420),#5694,.F.);
#5946=ADVANCED_FACE('',(#5421),#5695,.T.);
#5947=ADVANCED_FACE('',(#5422,#5423),#5696,.T.);
#5948=ADVANCED_FACE('',(#5424),#5697,.F.);
#5949=ADVANCED_FACE('',(#5425),#5698,.T.);
#5950=ADVANCED_FACE('',(#5426),#5699,.F.);
#5951=ADVANCED_FACE('',(#5427),#5700,.F.);
#5952=ADVANCED_FACE('',(#5428),#5701,.F.);
#5953=ADVANCED_FACE('',(#5429),#5702,.F.);
#5954=ADVANCED_FACE('',(#5430),#5703,.T.);
#5955=ADVANCED_FACE('',(#5431),#5704,.T.);
#5956=ADVANCED_FACE('',(#5432),#5705,.F.);
#5957=ADVANCED_FACE('',(#5433),#5706,.T.);
#5958=ADVANCED_FACE('',(#5434),#5707,.T.);
#5959=ADVANCED_FACE('',(#5435),#5708,.T.);
#5960=ADVANCED_FACE('',(#5436),#5709,.T.);
#5961=ADVANCED_FACE('',(#5437),#5710,.T.);
#5962=ADVANCED_FACE('',(#5438),#5711,.F.);
#5963=ADVANCED_FACE('',(#5439),#5712,.T.);
#5964=ADVANCED_FACE('',(#5440),#5713,.T.);
#5965=ADVANCED_FACE('',(#5441),#5714,.T.);
#5966=ADVANCED_FACE('',(#5442),#5715,.T.);
#5967=ADVANCED_FACE('',(#5443),#5716,.T.);
#5968=ADVANCED_FACE('',(#5444),#5717,.T.);
#5969=ADVANCED_FACE('',(#5445),#5718,.T.);
#5970=ADVANCED_FACE('',(#5446),#5719,.T.);
#5971=ADVANCED_FACE('',(#5447),#5720,.T.);
#5972=ADVANCED_FACE('',(#5448),#5721,.T.);
#5973=ADVANCED_FACE('',(#5449),#5722,.T.);
#5974=ADVANCED_FACE('',(#5450),#5723,.T.);
#5975=ADVANCED_FACE('',(#5451),#5724,.F.);
#5976=ADVANCED_FACE('',(#5452),#5725,.F.);
#5977=ADVANCED_FACE('',(#5453),#5726,.F.);
#5978=ADVANCED_FACE('',(#5454),#5727,.F.);
#5979=ADVANCED_FACE('',(#5455),#5728,.F.);
#5980=ADVANCED_FACE('',(#5456),#5729,.F.);
#5981=ADVANCED_FACE('',(#5457),#5730,.T.);
#5982=ADVANCED_FACE('',(#5458),#5731,.F.);
#5983=ADVANCED_FACE('',(#5459),#5732,.F.);
#5984=ADVANCED_FACE('',(#5460),#5733,.F.);
#5985=ADVANCED_FACE('',(#5461),#5734,.F.);
#5986=ADVANCED_FACE('',(#5462),#5735,.F.);
#5987=ADVANCED_FACE('',(#5463),#5736,.F.);
#5988=ADVANCED_FACE('',(#5464),#5737,.T.);
#5989=ADVANCED_FACE('',(#5465),#5738,.F.);
#5990=ADVANCED_FACE('',(#5466),#5739,.F.);
#5991=ADVANCED_FACE('',(#5467),#5740,.T.);
#5992=ADVANCED_FACE('',(#5468,#5469,#5470,#5471,#5472),#12,.F.);
#5993=ADVANCED_FACE('',(#5473,#5474),#13,.F.);
#5994=ADVANCED_FACE('',(#5475,#5476),#14,.F.);
#5995=ADVANCED_FACE('',(#5477,#5478),#15,.F.);
#5996=ADVANCED_FACE('',(#5479,#5480,#5481),#16,.F.);
#5997=ADVANCED_FACE('',(#5482,#5483),#17,.F.);
#5998=ADVANCED_FACE('',(#5484,#5485),#18,.F.);
#5999=ADVANCED_FACE('',(#5486,#5487,#5488,#5489),#19,.F.);
#6000=CLOSED_SHELL('',(#5741,#5742,#5743,#5744,#5745,#5746,#5747,#5748,
#5749,#5750,#5751,#5752,#5753,#5754,#5755,#5756,#5757,#5758,#5759,#5760,
#5761,#5762,#5763,#5764,#5765,#5766,#5767,#5768,#5769,#5770,#5771,#5772,
#5773,#5774,#5775,#5776,#5777,#5778,#5779,#5780,#5781,#5782,#5783,#5784,
#5785,#5786,#5787,#5788,#5789,#5790,#5791,#5792,#5793,#5794,#5795,#5796,
#5797,#5798,#5799,#5800,#5801,#5802,#5803,#5804,#5805,#5806,#5807,#5808,
#5809,#5810,#5811,#5812,#5813,#5814,#5815,#5816,#5817,#5818,#5819,#5820,
#5821,#5822,#5823,#5824,#5825,#5826,#5827,#5828,#5829,#5830,#5831,#5832,
#5833,#5834,#5835,#5836,#5837,#5838,#5839,#5840,#5841,#5842,#5843,#5844,
#5845,#5846,#5847,#5848,#5849,#5850,#5851,#5852,#5853,#5854,#5855,#5856,
#5857,#5858,#5859,#5860,#5861,#5862,#5863,#5864,#5865,#5866,#5867,#5868,
#5869,#5870,#5871,#5872,#5873,#5874,#5875,#5876,#5877,#5878,#5879,#5880,
#5881,#5882,#5883,#5884,#5885,#5886,#5887,#5888,#5889,#5890,#5891,#5892,
#5893,#5894,#5895,#5896,#5897,#5898,#5899,#5900,#5901,#5902,#5903,#5904,
#5905,#5906,#5907,#5908,#5909,#5910,#5911,#5912,#5913,#5914,#5915,#5916,
#5917,#5918,#5919,#5920,#5921,#5922,#5923,#5924,#5925,#5926,#5927,#5928,
#5929,#5930,#5931,#5932,#5933,#5934,#5935,#5936,#5937,#5938,#5939,#5940,
#5941,#5942,#5943,#5944,#5945,#5946,#5947,#5948,#5949,#5950,#5951,#5952,
#5953,#5954,#5955,#5956,#5957,#5958,#5959,#5960,#5961,#5962,#5963,#5964,
#5965,#5966,#5967,#5968,#5969,#5970,#5971,#5972,#5973,#5974,#5975,#5976,
#5977,#5978,#5979,#5980,#5981,#5982,#5983,#5984,#5985,#5986,#5987,#5988,
#5989,#5990,#5991,#5992,#5993,#5994,#5995,#5996,#5997,#5998,#5999));
#6001=STYLED_ITEM('',(#6002),#6009);
#6002=PRESENTATION_STYLE_ASSIGNMENT((#6003));
#6003=SURFACE_STYLE_USAGE(.BOTH.,#6004);
#6004=SURFACE_SIDE_STYLE('',(#6005));
#6005=SURFACE_STYLE_FILL_AREA(#6006);
#6006=FILL_AREA_STYLE('',(#6007));
#6007=FILL_AREA_STYLE_COLOUR('',#6008);
#6008=COLOUR_RGB('',0.647058823529412,0.647058823529412,0.647058823529412);
#6009=MANIFOLD_SOLID_BREP('Part 1',#6000);
#6010=SHAPE_DEFINITION_REPRESENTATION(#9370,#6011);
#6011=SHAPE_REPRESENTATION('Part 1',(#6012),#9365);
#6012=AXIS2_PLACEMENT_3D('',#7702,#6308,#6309);
#6013=AXIS2_PLACEMENT_3D('',#7703,#6310,#6311);
#6014=AXIS2_PLACEMENT_3D('',#7712,#6316,#6317);
#6015=AXIS2_PLACEMENT_3D('',#7716,#6319,#6320);
#6016=AXIS2_PLACEMENT_3D('',#7721,#6323,#6324);
#6017=AXIS2_PLACEMENT_3D('',#7725,#6326,#6327);
#6018=AXIS2_PLACEMENT_3D('',#7730,#6330,#6331);
#6019=AXIS2_PLACEMENT_3D('',#7731,#6332,#6333);
#6020=AXIS2_PLACEMENT_3D('',#7739,#6337,#6338);
#6021=AXIS2_PLACEMENT_3D('',#7743,#6340,#6341);
#6022=AXIS2_PLACEMENT_3D('',#7748,#6344,#6345);
#6023=AXIS2_PLACEMENT_3D('',#7858,#6401,#6402);
#6024=AXIS2_PLACEMENT_3D('',#7925,#6436,#6437);
#6025=AXIS2_PLACEMENT_3D('',#8068,#6509,#6510);
#6026=AXIS2_PLACEMENT_3D('',#8211,#6582,#6583);
#6027=AXIS2_PLACEMENT_3D('',#8228,#6592,#6593);
#6028=AXIS2_PLACEMENT_3D('',#8243,#6601,#6602);
#6029=AXIS2_PLACEMENT_3D('',#8249,#6606,#6607);
#6030=AXIS2_PLACEMENT_3D('',#8255,#6611,#6612);
#6031=AXIS2_PLACEMENT_3D('',#8261,#6616,#6617);
#6032=AXIS2_PLACEMENT_3D('',#8299,#6638,#6639);
#6033=AXIS2_PLACEMENT_3D('',#8302,#6642,#6643);
#6034=AXIS2_PLACEMENT_3D('',#8305,#6646,#6647);
#6035=AXIS2_PLACEMENT_3D('',#8308,#6650,#6651);
#6036=AXIS2_PLACEMENT_3D('',#8311,#6654,#6655);
#6037=AXIS2_PLACEMENT_3D('',#8314,#6658,#6659);
#6038=AXIS2_PLACEMENT_3D('',#8317,#6662,#6663);
#6039=AXIS2_PLACEMENT_3D('',#8331,#6671,#6672);
#6040=AXIS2_PLACEMENT_3D('',#8337,#6676,#6677);
#6041=AXIS2_PLACEMENT_3D('',#8348,#6684,#6685);
#6042=AXIS2_PLACEMENT_3D('',#8360,#6692,#6693);
#6043=AXIS2_PLACEMENT_3D('',#8371,#6700,#6701);
#6044=AXIS2_PLACEMENT_3D('',#8381,#6707,#6708);
#6045=AXIS2_PLACEMENT_3D('',#8388,#6713,#6714);
#6046=AXIS2_PLACEMENT_3D('',#8493,#6768,#6769);
#6047=AXIS2_PLACEMENT_3D('',#8585,#6817,#6818);
#6048=AXIS2_PLACEMENT_3D('',#8588,#6821,#6822);
#6049=AXIS2_PLACEMENT_3D('',#8591,#6825,#6826);
#6050=AXIS2_PLACEMENT_3D('',#8603,#6833,#6834);
#6051=AXIS2_PLACEMENT_3D('',#8614,#6841,#6842);
#6052=AXIS2_PLACEMENT_3D('',#8624,#6848,#6849);
#6053=AXIS2_PLACEMENT_3D('',#8631,#6854,#6855);
#6054=AXIS2_PLACEMENT_3D('',#8645,#6863,#6864);
#6055=AXIS2_PLACEMENT_3D('',#8651,#6868,#6869);
#6056=AXIS2_PLACEMENT_3D('',#8658,#6874,#6875);
#6057=AXIS2_PLACEMENT_3D('',#8746,#6922,#6923);
#6058=AXIS2_PLACEMENT_3D('',#8834,#6970,#6971);
#6059=AXIS2_PLACEMENT_3D('',#8840,#6976,#6977);
#6060=AXIS2_PLACEMENT_3D('',#8846,#6982,#6983);
#6061=AXIS2_PLACEMENT_3D('',#8851,#6987,#6988);
#6062=AXIS2_PLACEMENT_3D('',#8852,#6989,#6990);
#6063=AXIS2_PLACEMENT_3D('',#8854,#6991,#6992);
#6064=AXIS2_PLACEMENT_3D('',#8856,#6993,#6994);
#6065=AXIS2_PLACEMENT_3D('',#8858,#6995,#6996);
#6066=AXIS2_PLACEMENT_3D('',#8860,#6997,#6998);
#6067=AXIS2_PLACEMENT_3D('',#8861,#6999,#7000);
#6068=AXIS2_PLACEMENT_3D('',#8863,#7001,#7002);
#6069=AXIS2_PLACEMENT_3D('',#8865,#7003,#7004);
#6070=AXIS2_PLACEMENT_3D('',#8867,#7005,#7006);
#6071=AXIS2_PLACEMENT_3D('',#8869,#7007,#7008);
#6072=AXIS2_PLACEMENT_3D('',#8872,#7011,#7012);
#6073=AXIS2_PLACEMENT_3D('',#8874,#7014,#7015);
#6074=AXIS2_PLACEMENT_3D('',#8876,#7017,#7018);
#6075=AXIS2_PLACEMENT_3D('',#8877,#7019,#7020);
#6076=AXIS2_PLACEMENT_3D('',#8878,#7021,#7022);
#6077=AXIS2_PLACEMENT_3D('',#8880,#7024,#7025);
#6078=AXIS2_PLACEMENT_3D('',#8882,#7027,#7028);
#6079=AXIS2_PLACEMENT_3D('',#8883,#7029,#7030);
#6080=AXIS2_PLACEMENT_3D('',#8884,#7031,#7032);
#6081=AXIS2_PLACEMENT_3D('',#8887,#7035,#7036);
#6082=AXIS2_PLACEMENT_3D('',#8889,#7038,#7039);
#6083=AXIS2_PLACEMENT_3D('',#8891,#7041,#7042);
#6084=AXIS2_PLACEMENT_3D('',#8893,#7044,#7045);
#6085=AXIS2_PLACEMENT_3D('',#8894,#7046,#7047);
#6086=AXIS2_PLACEMENT_3D('',#8897,#7050,#7051);
#6087=AXIS2_PLACEMENT_3D('',#8899,#7053,#7054);
#6088=AXIS2_PLACEMENT_3D('',#8901,#7056,#7057);
#6089=AXIS2_PLACEMENT_3D('',#8902,#7058,#7059);
#6090=AXIS2_PLACEMENT_3D('',#8905,#7062,#7063);
#6091=AXIS2_PLACEMENT_3D('',#8907,#7065,#7066);
#6092=AXIS2_PLACEMENT_3D('',#8908,#7067,#7068);
#6093=AXIS2_PLACEMENT_3D('',#8911,#7071,#7072);
#6094=AXIS2_PLACEMENT_3D('',#8913,#7074,#7075);
#6095=AXIS2_PLACEMENT_3D('',#8915,#7077,#7078);
#6096=AXIS2_PLACEMENT_3D('',#8916,#7079,#7080);
#6097=AXIS2_PLACEMENT_3D('',#8919,#7083,#7084);
#6098=AXIS2_PLACEMENT_3D('',#8921,#7086,#7087);
#6099=AXIS2_PLACEMENT_3D('',#8923,#7089,#7090);
#6100=AXIS2_PLACEMENT_3D('',#8925,#7092,#7093);
#6101=AXIS2_PLACEMENT_3D('',#8926,#7094,#7095);
#6102=AXIS2_PLACEMENT_3D('',#8929,#7098,#7099);
#6103=AXIS2_PLACEMENT_3D('',#8931,#7101,#7102);
#6104=AXIS2_PLACEMENT_3D('',#8933,#7104,#7105);
#6105=AXIS2_PLACEMENT_3D('',#8934,#7106,#7107);
#6106=AXIS2_PLACEMENT_3D('',#8937,#7110,#7111);
#6107=AXIS2_PLACEMENT_3D('',#8939,#7113,#7114);
#6108=AXIS2_PLACEMENT_3D('',#8940,#7115,#7116);
#6109=AXIS2_PLACEMENT_3D('',#8943,#7119,#7120);
#6110=AXIS2_PLACEMENT_3D('',#8945,#7122,#7123);
#6111=AXIS2_PLACEMENT_3D('',#8947,#7125,#7126);
#6112=AXIS2_PLACEMENT_3D('',#8948,#7127,#7128);
#6113=AXIS2_PLACEMENT_3D('',#8951,#7131,#7132);
#6114=AXIS2_PLACEMENT_3D('',#8953,#7134,#7135);
#6115=AXIS2_PLACEMENT_3D('',#8955,#7137,#7138);
#6116=AXIS2_PLACEMENT_3D('',#8956,#7139,#7140);
#6117=AXIS2_PLACEMENT_3D('',#8959,#7143,#7144);
#6118=AXIS2_PLACEMENT_3D('',#8961,#7146,#7147);
#6119=AXIS2_PLACEMENT_3D('',#8963,#7149,#7150);
#6120=AXIS2_PLACEMENT_3D('',#8964,#7151,#7152);
#6121=AXIS2_PLACEMENT_3D('',#8966,#7154,#7155);
#6122=AXIS2_PLACEMENT_3D('',#8967,#7156,#7157);
#6123=AXIS2_PLACEMENT_3D('',#8970,#7160,#7161);
#6124=AXIS2_PLACEMENT_3D('',#8972,#7163,#7164);
#6125=AXIS2_PLACEMENT_3D('',#8973,#7165,#7166);
#6126=AXIS2_PLACEMENT_3D('',#8974,#7167,#7168);
#6127=AXIS2_PLACEMENT_3D('',#8975,#7169,#7170);
#6128=AXIS2_PLACEMENT_3D('',#8977,#7172,#7173);
#6129=AXIS2_PLACEMENT_3D('',#8980,#7176,#7177);
#6130=AXIS2_PLACEMENT_3D('',#8982,#7179,#7180);
#6131=AXIS2_PLACEMENT_3D('',#8984,#7182,#7183);
#6132=AXIS2_PLACEMENT_3D('',#8985,#7184,#7185);
#6133=AXIS2_PLACEMENT_3D('',#8988,#7188,#7189);
#6134=AXIS2_PLACEMENT_3D('',#8990,#7191,#7192);
#6135=AXIS2_PLACEMENT_3D('',#8992,#7194,#7195);
#6136=AXIS2_PLACEMENT_3D('',#8993,#7196,#7197);
#6137=AXIS2_PLACEMENT_3D('',#8996,#7200,#7201);
#6138=AXIS2_PLACEMENT_3D('',#8998,#7203,#7204);
#6139=AXIS2_PLACEMENT_3D('',#9000,#7206,#7207);
#6140=AXIS2_PLACEMENT_3D('',#9002,#7209,#7210);
#6141=AXIS2_PLACEMENT_3D('',#9003,#7211,#7212);
#6142=AXIS2_PLACEMENT_3D('',#9006,#7215,#7216);
#6143=AXIS2_PLACEMENT_3D('',#9008,#7218,#7219);
#6144=AXIS2_PLACEMENT_3D('',#9010,#7221,#7222);
#6145=AXIS2_PLACEMENT_3D('',#9012,#7224,#7225);
#6146=AXIS2_PLACEMENT_3D('',#9013,#7226,#7227);
#6147=AXIS2_PLACEMENT_3D('',#9016,#7230,#7231);
#6148=AXIS2_PLACEMENT_3D('',#9018,#7233,#7234);
#6149=AXIS2_PLACEMENT_3D('',#9020,#7236,#7237);
#6150=AXIS2_PLACEMENT_3D('',#9021,#7238,#7239);
#6151=AXIS2_PLACEMENT_3D('',#9024,#7242,#7243);
#6152=AXIS2_PLACEMENT_3D('',#9026,#7245,#7246);
#6153=AXIS2_PLACEMENT_3D('',#9028,#7248,#7249);
#6154=AXIS2_PLACEMENT_3D('',#9029,#7250,#7251);
#6155=AXIS2_PLACEMENT_3D('',#9032,#7254,#7255);
#6156=AXIS2_PLACEMENT_3D('',#9034,#7257,#7258);
#6157=AXIS2_PLACEMENT_3D('',#9035,#7259,#7260);
#6158=AXIS2_PLACEMENT_3D('',#9038,#7263,#7264);
#6159=AXIS2_PLACEMENT_3D('',#9040,#7266,#7267);
#6160=AXIS2_PLACEMENT_3D('',#9042,#7269,#7270);
#6161=AXIS2_PLACEMENT_3D('',#9043,#7271,#7272);
#6162=AXIS2_PLACEMENT_3D('',#9044,#7273,#7274);
#6163=AXIS2_PLACEMENT_3D('',#9050,#7278,#7279);
#6164=AXIS2_PLACEMENT_3D('',#9052,#7281,#7282);
#6165=AXIS2_PLACEMENT_3D('',#9056,#7284,#7285);
#6166=AXIS2_PLACEMENT_3D('',#9058,#7287,#7288);
#6167=AXIS2_PLACEMENT_3D('',#9062,#7292,#7293);
#6168=AXIS2_PLACEMENT_3D('',#9063,#7294,#7295);
#6169=AXIS2_PLACEMENT_3D('',#9064,#7296,#7297);
#6170=AXIS2_PLACEMENT_3D('',#9067,#7300,#7301);
#6171=AXIS2_PLACEMENT_3D('',#9068,#7302,#7303);
#6172=AXIS2_PLACEMENT_3D('',#9073,#7306,#7307);
#6173=AXIS2_PLACEMENT_3D('',#9076,#7310,#7311);
#6174=AXIS2_PLACEMENT_3D('',#9078,#7313,#7314);
#6175=AXIS2_PLACEMENT_3D('',#9079,#7315,#7316);
#6176=AXIS2_PLACEMENT_3D('',#9082,#7318,#7319);
#6177=AXIS2_PLACEMENT_3D('',#9083,#7320,#7321);
#6178=AXIS2_PLACEMENT_3D('',#9084,#7322,#7323);
#6179=AXIS2_PLACEMENT_3D('',#9087,#7326,#7327);
#6180=AXIS2_PLACEMENT_3D('',#9090,#7330,#7331);
#6181=AXIS2_PLACEMENT_3D('',#9091,#7332,#7333);
#6182=AXIS2_PLACEMENT_3D('',#9093,#7335,#7336);
#6183=AXIS2_PLACEMENT_3D('',#9094,#7337,#7338);
#6184=AXIS2_PLACEMENT_3D('',#9100,#7342,#7343);
#6185=AXIS2_PLACEMENT_3D('',#9101,#7344,#7345);
#6186=AXIS2_PLACEMENT_3D('',#9105,#7348,#7349);
#6187=AXIS2_PLACEMENT_3D('',#9107,#7351,#7352);
#6188=AXIS2_PLACEMENT_3D('',#9108,#7353,#7354);
#6189=AXIS2_PLACEMENT_3D('',#9111,#7356,#7357);
#6190=AXIS2_PLACEMENT_3D('',#9112,#7358,#7359);
#6191=AXIS2_PLACEMENT_3D('',#9115,#7362,#7363);
#6192=AXIS2_PLACEMENT_3D('',#9117,#7365,#7366);
#6193=AXIS2_PLACEMENT_3D('',#9118,#7367,#7368);
#6194=AXIS2_PLACEMENT_3D('',#9126,#7373,#7374);
#6195=AXIS2_PLACEMENT_3D('',#9129,#7377,#7378);
#6196=AXIS2_PLACEMENT_3D('',#9130,#7379,#7380);
#6197=AXIS2_PLACEMENT_3D('',#9133,#7382,#7383);
#6198=AXIS2_PLACEMENT_3D('',#9135,#7385,#7386);
#6199=AXIS2_PLACEMENT_3D('',#9136,#7387,#7388);
#6200=AXIS2_PLACEMENT_3D('',#9138,#7389,#7390);
#6201=AXIS2_PLACEMENT_3D('',#9141,#7393,#7394);
#6202=AXIS2_PLACEMENT_3D('',#9143,#7396,#7397);
#6203=AXIS2_PLACEMENT_3D('',#9145,#7399,#7400);
#6204=AXIS2_PLACEMENT_3D('',#9146,#7401,#7402);
#6205=AXIS2_PLACEMENT_3D('',#9149,#7405,#7406);
#6206=AXIS2_PLACEMENT_3D('',#9151,#7408,#7409);
#6207=AXIS2_PLACEMENT_3D('',#9153,#7411,#7412);
#6208=AXIS2_PLACEMENT_3D('',#9154,#7413,#7414);
#6209=AXIS2_PLACEMENT_3D('',#9157,#7417,#7418);
#6210=AXIS2_PLACEMENT_3D('',#9159,#7420,#7421);
#6211=AXIS2_PLACEMENT_3D('',#9161,#7423,#7424);
#6212=AXIS2_PLACEMENT_3D('',#9162,#7425,#7426);
#6213=AXIS2_PLACEMENT_3D('',#9165,#7429,#7430);
#6214=AXIS2_PLACEMENT_3D('',#9167,#7432,#7433);
#6215=AXIS2_PLACEMENT_3D('',#9169,#7435,#7436);
#6216=AXIS2_PLACEMENT_3D('',#9170,#7437,#7438);
#6217=AXIS2_PLACEMENT_3D('',#9173,#7441,#7442);
#6218=AXIS2_PLACEMENT_3D('',#9175,#7444,#7445);
#6219=AXIS2_PLACEMENT_3D('',#9176,#7446,#7447);
#6220=AXIS2_PLACEMENT_3D('',#9179,#7450,#7451);
#6221=AXIS2_PLACEMENT_3D('',#9181,#7453,#7454);
#6222=AXIS2_PLACEMENT_3D('',#9183,#7456,#7457);
#6223=AXIS2_PLACEMENT_3D('',#9184,#7458,#7459);
#6224=AXIS2_PLACEMENT_3D('',#9185,#7460,#7461);
#6225=AXIS2_PLACEMENT_3D('',#9194,#7466,#7467);
#6226=AXIS2_PLACEMENT_3D('',#9195,#7468,#7469);
#6227=AXIS2_PLACEMENT_3D('',#9199,#7472,#7473);
#6228=AXIS2_PLACEMENT_3D('',#9201,#7475,#7476);
#6229=AXIS2_PLACEMENT_3D('',#9202,#7477,#7478);
#6230=AXIS2_PLACEMENT_3D('',#9205,#7481,#7482);
#6231=AXIS2_PLACEMENT_3D('',#9207,#7484,#7485);
#6232=AXIS2_PLACEMENT_3D('',#9209,#7487,#7488);
#6233=AXIS2_PLACEMENT_3D('',#9216,#7493,#7494);
#6234=AXIS2_PLACEMENT_3D('',#9217,#7495,#7496);
#6235=AXIS2_PLACEMENT_3D('',#9222,#7500,#7501);
#6236=AXIS2_PLACEMENT_3D('',#9223,#7502,#7503);
#6237=AXIS2_PLACEMENT_3D('',#9225,#7505,#7506);
#6238=AXIS2_PLACEMENT_3D('',#9226,#7507,#7508);
#6239=AXIS2_PLACEMENT_3D('',#9229,#7510,#7511);
#6240=AXIS2_PLACEMENT_3D('',#9230,#7512,#7513);
#6241=AXIS2_PLACEMENT_3D('',#9233,#7516,#7517);
#6242=AXIS2_PLACEMENT_3D('',#9234,#7518,#7519);
#6243=AXIS2_PLACEMENT_3D('',#9239,#7522,#7523);
#6244=AXIS2_PLACEMENT_3D('',#9242,#7526,#7527);
#6245=AXIS2_PLACEMENT_3D('',#9244,#7529,#7530);
#6246=AXIS2_PLACEMENT_3D('',#9245,#7531,#7532);
#6247=AXIS2_PLACEMENT_3D('',#9248,#7534,#7535);
#6248=AXIS2_PLACEMENT_3D('',#9249,#7536,#7537);
#6249=AXIS2_PLACEMENT_3D('',#9252,#7540,#7541);
#6250=AXIS2_PLACEMENT_3D('',#9255,#7543,#7544);
#6251=AXIS2_PLACEMENT_3D('',#9257,#7546,#7547);
#6252=AXIS2_PLACEMENT_3D('',#9258,#7548,#7549);
#6253=AXIS2_PLACEMENT_3D('',#9262,#7552,#7553);
#6254=AXIS2_PLACEMENT_3D('',#9263,#7554,#7555);
#6255=AXIS2_PLACEMENT_3D('',#9264,#7556,#7557);
#6256=AXIS2_PLACEMENT_3D('',#9265,#7558,#7559);
#6257=AXIS2_PLACEMENT_3D('',#9271,#7563,#7564);
#6258=AXIS2_PLACEMENT_3D('',#9272,#7565,#7566);
#6259=AXIS2_PLACEMENT_3D('',#9276,#7569,#7570);
#6260=AXIS2_PLACEMENT_3D('',#9277,#7571,#7572);
#6261=AXIS2_PLACEMENT_3D('',#9281,#7575,#7576);
#6262=AXIS2_PLACEMENT_3D('',#9282,#7577,#7578);
#6263=AXIS2_PLACEMENT_3D('',#9283,#7579,#7580);
#6264=AXIS2_PLACEMENT_3D('',#9284,#7581,#7582);
#6265=AXIS2_PLACEMENT_3D('',#9287,#7585,#7586);
#6266=AXIS2_PLACEMENT_3D('',#9290,#7589,#7590);
#6267=AXIS2_PLACEMENT_3D('',#9291,#7591,#7592);
#6268=AXIS2_PLACEMENT_3D('',#9293,#7594,#7595);
#6269=AXIS2_PLACEMENT_3D('',#9294,#7596,#7597);
#6270=AXIS2_PLACEMENT_3D('',#9297,#7600,#7601);
#6271=AXIS2_PLACEMENT_3D('',#9300,#7604,#7605);
#6272=AXIS2_PLACEMENT_3D('',#9301,#7606,#7607);
#6273=AXIS2_PLACEMENT_3D('',#9302,#7608,#7609);
#6274=AXIS2_PLACEMENT_3D('',#9305,#7612,#7613);
#6275=AXIS2_PLACEMENT_3D('',#9307,#7615,#7616);
#6276=AXIS2_PLACEMENT_3D('',#9308,#7617,#7618);
#6277=AXIS2_PLACEMENT_3D('',#9311,#7621,#7622);
#6278=AXIS2_PLACEMENT_3D('',#9313,#7624,#7625);
#6279=AXIS2_PLACEMENT_3D('',#9315,#7627,#7628);
#6280=AXIS2_PLACEMENT_3D('',#9316,#7629,#7630);
#6281=AXIS2_PLACEMENT_3D('',#9319,#7633,#7634);
#6282=AXIS2_PLACEMENT_3D('',#9321,#7636,#7637);
#6283=AXIS2_PLACEMENT_3D('',#9323,#7639,#7640);
#6284=AXIS2_PLACEMENT_3D('',#9324,#7641,#7642);
#6285=AXIS2_PLACEMENT_3D('',#9327,#7645,#7646);
#6286=AXIS2_PLACEMENT_3D('',#9329,#7648,#7649);
#6287=AXIS2_PLACEMENT_3D('',#9331,#7651,#7652);
#6288=AXIS2_PLACEMENT_3D('',#9332,#7653,#7654);
#6289=AXIS2_PLACEMENT_3D('',#9333,#7655,#7656);
#6290=AXIS2_PLACEMENT_3D('',#9336,#7659,#7660);
#6291=AXIS2_PLACEMENT_3D('',#9338,#7662,#7663);
#6292=AXIS2_PLACEMENT_3D('',#9340,#7665,#7666);
#6293=AXIS2_PLACEMENT_3D('',#9341,#7667,#7668);
#6294=AXIS2_PLACEMENT_3D('',#9342,#7669,#7670);
#6295=AXIS2_PLACEMENT_3D('',#9348,#7674,#7675);
#6296=AXIS2_PLACEMENT_3D('',#9351,#7677,#7678);
#6297=AXIS2_PLACEMENT_3D('',#9353,#7680,#7681);
#6298=AXIS2_PLACEMENT_3D('',#9354,#7682,#7683);
#6299=AXIS2_PLACEMENT_3D('',#9355,#7684,#7685);
#6300=AXIS2_PLACEMENT_3D('',#9356,#7686,#7687);
#6301=AXIS2_PLACEMENT_3D('',#9357,#7688,#7689);
#6302=AXIS2_PLACEMENT_3D('',#9358,#7690,#7691);
#6303=AXIS2_PLACEMENT_3D('',#9359,#7692,#7693);
#6304=AXIS2_PLACEMENT_3D('',#9360,#7694,#7695);
#6305=AXIS2_PLACEMENT_3D('',#9361,#7696,#7697);
#6306=AXIS2_PLACEMENT_3D('',#9362,#7698,#7699);
#6307=AXIS2_PLACEMENT_3D('',#9363,#7700,#7701);
#6308=DIRECTION('',(0.,0.,1.));
#6309=DIRECTION('',(1.,0.,0.));
#6310=DIRECTION('',(1.,2.22578794030705E-16,0.));
#6311=DIRECTION('',(-2.22578794030705E-16,1.,0.));
#6312=DIRECTION('',(0.,0.,-1.));
#6313=DIRECTION('',(2.22578794030705E-16,-1.,0.));
#6314=DIRECTION('',(0.,0.,1.));
#6315=DIRECTION('',(2.22578794030705E-16,-1.,0.));
#6316=DIRECTION('',(-0.999998090168224,-2.22578368942652E-16,0.00195439502236369));
#6317=DIRECTION('',(0.00195439502236369,0.,0.999998090168225));
#6318=DIRECTION('',(2.22578794030705E-16,-1.,0.));
#6319=DIRECTION('',(-0.999998090168224,-2.22578368942652E-16,0.00195439502236369));
#6320=DIRECTION('',(-0.00195439502236369,-4.35006887137322E-19,-0.999998090168225));
#6321=DIRECTION('',(2.22578794030705E-16,-1.,0.));
#6322=DIRECTION('',(-0.00195439502236369,-4.35006887137322E-19,-0.999998090168225));
#6323=DIRECTION('',(-0.999115824358256,-2.22381995282654E-16,0.0420424727736453));
#6324=DIRECTION('',(0.0420424727736453,0.,0.999115824358256));
#6325=DIRECTION('',(-2.22578794030705E-16,1.,0.));
#6326=DIRECTION('',(-0.999115824358256,-2.22381995282654E-16,0.0420424727736453));
#6327=DIRECTION('',(-0.0420424727736453,-9.35776288802673E-18,-0.999115824358256));
#6328=DIRECTION('',(-2.22578794030705E-16,1.,0.));
#6329=DIRECTION('',(0.0420424727736453,9.35776288802673E-18,0.999115824358256));
#6330=DIRECTION('',(0.999745533766078,2.22522155243237E-16,-0.0225580964351797));
#6331=DIRECTION('',(-0.0225580964351797,0.,-0.999745533766078));
#6332=DIRECTION('',(0.999745533766078,2.22522155243237E-16,-0.0225580964351797));
#6333=DIRECTION('',(-0.0225580964351797,-5.02095390017065E-18,-0.999745533766078));
#6334=DIRECTION('',(-2.22578794030705E-16,1.,0.));
#6335=DIRECTION('',(-0.0225580964351797,-5.02095390017065E-18,-0.999745533766078));
#6336=DIRECTION('',(-2.22578794030705E-16,1.,0.));
#6337=DIRECTION('',(-0.999745533766078,-2.22522155243237E-16,0.0225580964351825));
#6338=DIRECTION('',(0.0225580964351826,0.,0.999745533766078));
#6339=DIRECTION('',(-2.22578794030705E-16,1.,0.));
#6340=DIRECTION('',(-0.999745533766078,-2.22522155243237E-16,0.0225580964351825));
#6341=DIRECTION('',(-0.0225580964351826,-5.02095390017127E-18,-0.999745533766078));
#6342=DIRECTION('',(-2.22578794030705E-16,1.,0.));
#6343=DIRECTION('',(0.0225580964351826,5.02095390017127E-18,0.999745533766078));
#6344=DIRECTION('',(2.22578794030705E-16,-1.,0.));
#6345=DIRECTION('',(1.,2.22578794030705E-16,0.));
#6346=DIRECTION('',(-1.,-2.22578794030705E-16,0.));
#6347=DIRECTION('',(0.504673672638488,1.12329657434921E-16,-0.863310189992902));
#6348=DIRECTION('',(1.,2.22578794030705E-16,8.26352012194584E-16));
#6349=DIRECTION('',(-0.461358167501897,-1.02688544538788E-16,0.887213977166327));
#6350=DIRECTION('',(-0.607277643553912,-1.35167125544038E-16,-0.794489687560265));
#6351=DIRECTION('',(-1.,-2.22578794030705E-16,-2.78202591025357E-15));
#6352=DIRECTION('',(-0.602398004142895,-1.34081021288629E-16,-0.798195868571528));
#6353=DIRECTION('',(-0.710766155181845,-1.58201473658216E-16,0.70342837065903));
#6354=DIRECTION('',(-0.693109712896755,-1.54271524027528E-16,0.720832106588058));
#6355=DIRECTION('',(-0.720832106588058,-1.60441940982982E-16,-0.693109712896755));
#6356=DIRECTION('',(1.,2.22578794030705E-16,1.06959660338108E-16));
#6357=DIRECTION('',(0.721086313082713,1.60498521957998E-16,-0.692845241799912));
#6358=DIRECTION('',(-0.654118714560404,-1.4559295463977E-16,0.75639190057922));
#6359=DIRECTION('',(-1.,-2.22578794030705E-16,0.));
#6360=DIRECTION('',(0.641263337937204,1.42731620414167E-16,-0.767320879044507));
#6361=DIRECTION('',(1.,2.22578794030705E-16,-3.36618074352905E-16));
#6362=DIRECTION('',(-0.6768295601557,-1.50647907263788E-16,-0.736139760167485));
#6363=DIRECTION('',(0.614017766456586,1.36667333971334E-16,0.789292203480856));
#6364=DIRECTION('',(1.,2.22578794030705E-16,0.));
#6365=DIRECTION('',(-0.653626349629804,-1.45483364647294E-16,0.756817411975714));
#6366=DIRECTION('',(-0.553980657656146,-1.23304346697442E-16,0.832529537579817));
#6367=DIRECTION('',(0.,0.,1.));
#6368=DIRECTION('',(1.,2.22578794030705E-16,0.));
#6369=DIRECTION('',(0.,0.,1.));
#6370=DIRECTION('',(-1.,-2.22578794030705E-16,0.));
#6371=DIRECTION('',(0.,0.,-1.));
#6372=DIRECTION('',(-1.,-2.22578794030705E-16,0.));
#6373=DIRECTION('',(0.,0.,-1.));
#6374=DIRECTION('',(-0.72636313050217,-1.6167302961554E-16,0.687311139620978));
#6375=DIRECTION('',(-1.,-2.22578794030705E-16,0.));
#6376=DIRECTION('',(-0.713623494512439,-1.58837456800556E-16,0.700529448403031));
#6377=DIRECTION('',(0.,0.,1.));
#6378=DIRECTION('',(-0.712144685164698,-1.58508305199334E-16,-0.702032725299664));
#6379=DIRECTION('',(1.,2.22578794030705E-16,0.));
#6380=DIRECTION('',(0.712144685164718,1.58508305199339E-16,0.702032725299644));
#6381=DIRECTION('',(0.0420424727736453,9.35776288802673E-18,0.999115824358256));
#6382=DIRECTION('',(-1.,-2.22578794030705E-16,0.));
#6383=DIRECTION('',(0.0225580964351826,5.02095390017127E-18,0.999745533766078));
#6384=DIRECTION('',(-0.765679070426514,-1.70423924110085E-16,-0.643222792748197));
#6385=DIRECTION('',(1.,2.22578794030705E-16,1.56327291462505E-15));
#6386=DIRECTION('',(0.600446215852072,1.33646594604655E-16,0.799665143587569));
#6387=DIRECTION('',(-1.,-2.22578794030705E-16,0.));
#6388=DIRECTION('',(-0.602637209508837,-1.34134263330506E-16,-0.798015284136464));
#6389=DIRECTION('',(0.721086313082713,1.60498521957998E-16,-0.692845241799912));
#6390=DIRECTION('',(0.00195439502236369,4.35006887137321E-19,-0.999998090168225));
#6391=DIRECTION('',(-0.710766155181844,-1.58201473658216E-16,0.703428370659031));
#6392=DIRECTION('',(1.,2.22578794030705E-16,3.52918214916295E-15));
#6393=DIRECTION('',(-0.710766155181844,-1.58201473658216E-16,0.703428370659031));
#6394=DIRECTION('',(-0.598244155335677,-1.33156462630533E-16,0.801313877707545));
#6395=DIRECTION('',(-0.550235465475492,-1.22470746338459E-16,-0.835009540384401));
#6396=DIRECTION('',(1.,2.22578794030705E-16,1.55823793811719E-16));
#6397=DIRECTION('',(-0.56982320310599,-1.26830561358045E-16,0.821767313296185));
#6398=DIRECTION('',(-1.,-2.22578794030705E-16,0.));
#6399=DIRECTION('',(0.5665927323382,1.26111527070399E-16,-0.823997982801859));
#6400=DIRECTION('',(1.,2.22578794030705E-16,0.));
#6401=DIRECTION('',(0.000353731849111096,0.999999937436888,0.));
#6402=DIRECTION('',(-0.999999937436888,0.000353731849111096,0.));
#6403=DIRECTION('',(-0.71076613271725,0.000251420634141273,0.703428348426355));
#6404=DIRECTION('',(0.7210862896253,-0.000255071202555865,-0.6928452192612));
#6405=DIRECTION('',(0.,0.,-1.));
#6406=DIRECTION('',(-0.710766132717249,0.000251420634141273,0.703428348426356));
#6407=DIRECTION('',(0.999999937436888,-0.000353731849111096,3.52918192836633E-15));
#6408=DIRECTION('',(-0.710766132717249,0.000251420634141273,0.703428348426356));
#6409=DIRECTION('',(0.,0.,-1.));
#6410=DIRECTION('',(-0.713623471775825,0.000252431366033234,0.700529426083604));
#6411=DIRECTION('',(-0.999999937436888,0.000353731849111096,0.));
#6412=DIRECTION('',(0.,0.,-1.));
#6413=DIRECTION('',(0.999999937436888,-0.000353731849111096,0.));
#6414=DIRECTION('',(0.,0.,-1.));
#6415=DIRECTION('',(-0.654118697050325,0.00023138263072177,0.756391880331395));
#6416=DIRECTION('',(0.999999937436888,-0.000353731849111096,-3.36618053293031E-16));
#6417=DIRECTION('',(0.641263321439345,-0.000226835274651383,-0.76732085930355));
#6418=DIRECTION('',(0.,0.,-1.));
#6419=DIRECTION('',(0.999999937436888,-0.000353731849111096,0.));
#6420=DIRECTION('',(0.,0.,-1.));
#6421=DIRECTION('',(0.999999937436888,-0.000353731849111096,1.06959653646378E-16));
#6422=DIRECTION('',(-0.720832083155444,0.000254981281625601,-0.693109690365334));
#6423=DIRECTION('',(-0.693109692065074,0.000245174988349911,0.720832084923169));
#6424=DIRECTION('',(-0.999999937436888,0.000353731849111096,0.));
#6425=DIRECTION('',(0.600446202308267,-0.000212396958722453,0.799665125550134));
#6426=DIRECTION('',(0.999999937436888,-0.000353731849111096,1.56327281682184E-15));
#6427=DIRECTION('',(-0.602637195816228,0.000213171982955903,-0.798015266004642));
#6428=DIRECTION('',(0.614017751973498,-0.000217197648381184,0.789292184863498));
#6429=DIRECTION('',(-0.676829540757728,0.000239416179963866,-0.736139739069679));
#6430=DIRECTION('',(0.,0.,1.));
#6431=DIRECTION('',(0.999999937436888,-0.000353731849111096,0.));
#6432=DIRECTION('',(0.,0.,1.));
#6433=DIRECTION('',(-0.553980647019561,0.000195960610901897,0.832529521595016));
#6434=DIRECTION('',(-0.653626332159236,0.000231208465567511,0.756817391746985));
#6435=DIRECTION('',(0.999999937436888,-0.000353731849111096,0.));
#6436=DIRECTION('',(1.,0.,0.));
#6437=DIRECTION('',(0.,0.,-1.));
#6438=DIRECTION('',(0.,0.,1.));
#6439=DIRECTION('',(0.,1.,-2.20280942313881E-16));
#6440=DIRECTION('',(0.,0.,-1.));
#6441=DIRECTION('',(0.,-1.,0.));
#6442=DIRECTION('',(0.,0.,-1.));
#6443=DIRECTION('',(0.,1.,-2.9119556500074E-16));
#6444=DIRECTION('',(0.,0.,-1.));
#6445=DIRECTION('',(0.,1.,-2.94923742451186E-16));
#6446=DIRECTION('',(0.,0.,-1.));
#6447=DIRECTION('',(0.,1.,-2.19418329761404E-16));
#6448=DIRECTION('',(0.,0.,-1.));
#6449=DIRECTION('',(0.,-1.,0.));
#6450=DIRECTION('',(0.,0.,-1.));
#6451=DIRECTION('',(0.,-1.,0.));
#6452=DIRECTION('',(0.,0.,-1.));
#6453=DIRECTION('',(0.,1.,0.));
#6454=DIRECTION('',(0.,-0.0225580964351825,0.999745533766078));
#6455=DIRECTION('',(0.,1.,0.));
#6456=DIRECTION('',(0.,0.76567907042643,-0.643222792748297));
#6457=DIRECTION('',(0.,0.,1.));
#6458=DIRECTION('',(0.,1.,-2.18494767909893E-16));
#6459=DIRECTION('',(0.,0.,-1.));
#6460=DIRECTION('',(0.,1.,-2.20280942313881E-16));
#6461=DIRECTION('',(0.,0.654118714560401,0.756391900579223));
#6462=DIRECTION('',(0.,-1.,-3.36618074352906E-16));
#6463=DIRECTION('',(0.,-0.641263337937202,-0.76732087904451));
#6464=DIRECTION('',(0.,1.,0.));
#6465=DIRECTION('',(0.,-0.721086313082713,-0.692845241799913));
#6466=DIRECTION('',(0.,0.710766155181844,0.703428370659031));
#6467=DIRECTION('',(0.,-1.,-1.76459107458148E-15));
#6468=DIRECTION('',(0.,0.710766155181844,0.703428370659031));
#6469=DIRECTION('',(0.,-0.00195439502236369,-0.999998090168225));
#6470=DIRECTION('',(0.,-0.708298869730474,0.70591267954226));
#6471=DIRECTION('',(0.,-1.,-1.56327291462505E-15));
#6472=DIRECTION('',(0.,0.717840977354834,-0.69620710369132));
#6473=DIRECTION('',(0.,1.,-5.42101086242752E-16));
#6474=DIRECTION('',(0.,0.702032725299687,0.712144685164676));
#6475=DIRECTION('',(0.,-1.,0.));
#6476=DIRECTION('',(0.,0.648226374952663,-0.761447678317906));
#6477=DIRECTION('',(0.,0.710766155181844,0.703428370659031));
#6478=DIRECTION('',(0.,-0.721086313082714,-0.692845241799912));
#6479=DIRECTION('',(0.,-1.,1.06959660338108E-16));
#6480=DIRECTION('',(0.,0.720832106588058,-0.693109712896755));
#6481=DIRECTION('',(0.,0.693109712896755,0.720832106588059));
#6482=DIRECTION('',(0.,0.0225580964351841,-0.999745533766078));
#6483=DIRECTION('',(0.,0.602398004142884,-0.798195868571537));
#6484=DIRECTION('',(0.,1.,0.));
#6485=DIRECTION('',(0.,0.607277643553904,-0.794489687560272));
#6486=DIRECTION('',(0.,-0.712144685164675,0.702032725299687));
#6487=DIRECTION('',(0.,-1.,0.));
#6488=DIRECTION('',(0.,0.712144685164675,-0.702032725299687));
#6489=DIRECTION('',(0.,-0.0420424727736426,0.999115824358256));
#6490=DIRECTION('',(0.,0.726363130502167,0.687311139620981));
#6491=DIRECTION('',(0.,0.,1.));
#6492=DIRECTION('',(0.,0.713623494512439,0.700529448403031));
#6493=DIRECTION('',(0.,1.,0.));
#6494=DIRECTION('',(0.,1.,0.));
#6495=DIRECTION('',(0.,0.657963192405696,-0.753050089595178));
#6496=DIRECTION('',(0.,1.,-3.25260651745651E-16));
#6497=DIRECTION('',(0.,0.657963192405696,-0.753050089595178));
#6498=DIRECTION('',(0.,-1.,8.26352012194584E-16));
#6499=DIRECTION('',(0.,-0.504673672638485,-0.863310189992904));
#6500=DIRECTION('',(0.,1.,0.));
#6501=DIRECTION('',(0.,0.461358167501887,0.887213977166332));
#6502=DIRECTION('',(0.,0.598244155335671,0.801313877707549));
#6503=DIRECTION('',(0.,-1.,1.55823793811719E-16));
#6504=DIRECTION('',(0.,0.550235465475496,-0.835009540384399));
#6505=DIRECTION('',(0.,0.569823203105985,0.821767313296188));
#6506=DIRECTION('',(0.,-1.,0.));
#6507=DIRECTION('',(0.,-0.566592732338198,-0.823997982801861));
#6508=DIRECTION('',(0.,1.,0.));
#6509=DIRECTION('',(-1.,0.,0.));
#6510=DIRECTION('',(0.,0.,1.));
#6511=DIRECTION('',(0.,-0.654118714560401,0.756391900579223));
#6512=DIRECTION('',(0.,1.,-3.36618074352906E-16));
#6513=DIRECTION('',(0.,0.641263337937202,-0.767320879044509));
#6514=DIRECTION('',(0.,-1.,0.));
#6515=DIRECTION('',(0.,-0.702032725299687,0.712144685164675));
#6516=DIRECTION('',(0.,1.,1.19217766410844E-16));
#6517=DIRECTION('',(0.,-0.648226374952663,-0.761447678317906));
#6518=DIRECTION('',(0.,1.,8.26352012194584E-16));
#6519=DIRECTION('',(0.,0.504673672638485,-0.863310189992904));
#6520=DIRECTION('',(0.,-1.,0.));
#6521=DIRECTION('',(0.,-0.461358167501887,0.887213977166332));
#6522=DIRECTION('',(0.,-0.710766155181844,0.703428370659031));
#6523=DIRECTION('',(0.,0.721086313082713,-0.692845241799913));
#6524=DIRECTION('',(0.,1.,1.06959660338108E-16));
#6525=DIRECTION('',(0.,-0.720832106588058,-0.693109712896755));
#6526=DIRECTION('',(0.,-0.693109712896755,0.720832106588059));
#6527=DIRECTION('',(0.,-1.,0.));
#6528=DIRECTION('',(0.,-0.657963192405696,-0.753050089595178));
#6529=DIRECTION('',(0.,-1.,-3.25260651745651E-16));
#6530=DIRECTION('',(0.,-0.657963192405696,-0.753050089595178));
#6531=DIRECTION('',(0.,0.708298869730474,0.70591267954226));
#6532=DIRECTION('',(0.,1.,-1.56327291462505E-15));
#6533=DIRECTION('',(0.,-0.717840977354834,-0.69620710369132));
#6534=DIRECTION('',(0.,-1.,-5.42101086242752E-16));
#6535=DIRECTION('',(0.,-0.598244155335671,0.80131387770755));
#6536=DIRECTION('',(0.,1.,1.55823793811719E-16));
#6537=DIRECTION('',(0.,-0.550235465475496,-0.835009540384399));
#6538=DIRECTION('',(0.,-0.726363130502169,0.68731113962098));
#6539=DIRECTION('',(0.,0.,1.));
#6540=DIRECTION('',(0.,-0.713623494512439,0.700529448403032));
#6541=DIRECTION('',(0.,-1.,0.));
#6542=DIRECTION('',(0.,-0.0225580964351798,-0.999745533766078));
#6543=DIRECTION('',(0.,-0.602398004142884,-0.798195868571537));
#6544=DIRECTION('',(0.,-1.,0.));
#6545=DIRECTION('',(0.,-0.607277643553904,-0.794489687560272));
#6546=DIRECTION('',(0.,0.721086313082713,-0.692845241799913));
#6547=DIRECTION('',(0.,-0.710766155181844,0.703428370659031));
#6548=DIRECTION('',(0.,1.,-1.76459107458148E-15));
#6549=DIRECTION('',(0.,-0.710766155181844,0.703428370659031));
#6550=DIRECTION('',(0.,0.00195439502236369,-0.999998090168225));
#6551=DIRECTION('',(0.,-0.569823203105985,0.821767313296188));
#6552=DIRECTION('',(0.,1.,0.));
#6553=DIRECTION('',(0.,0.566592732338198,-0.823997982801861));
#6554=DIRECTION('',(0.,-1.,0.));
#6555=DIRECTION('',(0.,-1.,-2.94923742451177E-16));
#6556=DIRECTION('',(0.,0.,-1.));
#6557=DIRECTION('',(0.,-1.,-2.19418329761389E-16));
#6558=DIRECTION('',(0.,0.,-1.));
#6559=DIRECTION('',(0.,1.,2.19418329761377E-16));
#6560=DIRECTION('',(0.,0.,-1.));
#6561=DIRECTION('',(0.,1.,0.));
#6562=DIRECTION('',(0.,0.,-1.));
#6563=DIRECTION('',(0.,-1.,0.));
#6564=DIRECTION('',(0.,0.0225580964351825,0.999745533766078));
#6565=DIRECTION('',(0.,-1.,0.));
#6566=DIRECTION('',(0.,-0.765679070426435,-0.643222792748291));
#6567=DIRECTION('',(0.,0.,1.));
#6568=DIRECTION('',(0.,0.712144685164675,0.702032725299687));
#6569=DIRECTION('',(0.,1.,0.));
#6570=DIRECTION('',(0.,-0.712144685164675,-0.702032725299687));
#6571=DIRECTION('',(0.,0.0420424727736372,0.999115824358256));
#6572=DIRECTION('',(0.,-1.,-2.18494767909893E-16));
#6573=DIRECTION('',(0.,0.,-1.));
#6574=DIRECTION('',(0.,-1.,-2.20280942313881E-16));
#6575=DIRECTION('',(0.,0.,1.));
#6576=DIRECTION('',(0.,-1.,-2.20280942313881E-16));
#6577=DIRECTION('',(0.,0.,-1.));
#6578=DIRECTION('',(0.,1.,0.));
#6579=DIRECTION('',(0.,0.,-1.));
#6580=DIRECTION('',(0.,-1.,-2.91195565000733E-16));
#6581=DIRECTION('',(0.,0.,-1.));
#6582=DIRECTION('',(-0.000353731849110569,-0.999999937436888,0.));
#6583=DIRECTION('',(0.999999937436888,-0.000353731849110569,0.));
#6584=DIRECTION('',(0.,0.,-1.));
#6585=DIRECTION('',(0.602397990466585,-0.000213087368399645,0.798195850449997));
#6586=DIRECTION('',(0.999999937436888,-0.000353731849110569,2.78202573620138E-15));
#6587=DIRECTION('',(0.,0.,-1.));
#6588=DIRECTION('',(-0.999999937436888,0.000353731849110569,0.));
#6589=DIRECTION('',(0.,0.,-1.));
#6590=DIRECTION('',(-0.999999937436888,0.000353731849110569,0.));
#6591=DIRECTION('',(0.71214466256914,-0.000251908264084969,0.702032703024947));
#6592=DIRECTION('',(-0.000353731849110569,-0.999999937436888,0.));
#6593=DIRECTION('',(0.999999937436888,-0.000353731849110569,0.));
#6594=DIRECTION('',(0.607277629542553,-0.000214813452260968,0.794489669229473));
#6595=DIRECTION('',(0.,0.,-1.));
#6596=DIRECTION('',(-0.999999937436888,0.000353731849110569,0.));
#6597=DIRECTION('',(0.,0.,-1.));
#6598=DIRECTION('',(-0.999999937436888,0.000353731849110569,-1.55823784062898E-16));
#6599=DIRECTION('',(0.550235455053179,-0.000194635817139179,0.835009524568026));
#6600=DIRECTION('',(0.,0.,-1.));
#6601=DIRECTION('',(-1.,0.,0.));
#6602=DIRECTION('',(0.,0.,1.));
#6603=DIRECTION('',(0.,-1.,-6.19219972066415E-31));
#6604=DIRECTION('',(0.,0.,-1.));
#6605=DIRECTION('',(0.,1.,0.));
#6606=DIRECTION('',(-1.,0.,0.));
#6607=DIRECTION('',(0.,0.,1.));
#6608=DIRECTION('',(0.,1.,3.46830721079017E-32));
#6609=DIRECTION('',(0.,1.,0.));
#6610=DIRECTION('',(0.,0.,-1.));
#6611=DIRECTION('',(-1.,0.,0.));
#6612=DIRECTION('',(0.,0.,1.));
#6613=DIRECTION('',(0.,0.,-1.));
#6614=DIRECTION('',(0.,-1.,-2.91195565000733E-16));
#6615=DIRECTION('',(0.,-1.,-3.37774331471499E-16));
#6616=DIRECTION('',(0.,1.,0.));
#6617=DIRECTION('',(0.,0.,1.));
#6618=DIRECTION('',(1.,0.,8.26352012194584E-16));
#6619=DIRECTION('',(0.504673672638488,0.,-0.863310189992902));
#6620=DIRECTION('',(-1.,0.,0.));
#6621=DIRECTION('',(-0.461358167501897,0.,0.887213977166327));
#6622=DIRECTION('',(-1.,0.,-2.78202591025357E-15));
#6623=DIRECTION('',(-0.607277643553912,0.,-0.794489687560265));
#6624=DIRECTION('',(-0.550235465475492,0.,-0.835009540384401));
#6625=DIRECTION('',(-0.598244155335677,0.,0.801313877707545));
#6626=DIRECTION('',(1.,0.,1.55823793811719E-16));
#6627=DIRECTION('',(1.,0.,0.));
#6628=DIRECTION('',(0.,0.,-1.));
#6629=DIRECTION('',(0.641263337937204,0.,-0.767320879044507));
#6630=DIRECTION('',(-1.,0.,0.));
#6631=DIRECTION('',(-0.654118714560404,0.,0.75639190057922));
#6632=DIRECTION('',(0.,0.,-1.));
#6633=DIRECTION('',(1.,0.,0.));
#6634=DIRECTION('',(-0.56982320310599,0.,0.821767313296185));
#6635=DIRECTION('',(1.,0.,0.));
#6636=DIRECTION('',(0.5665927323382,0.,-0.823997982801859));
#6637=DIRECTION('',(-1.,0.,0.));
#6638=DIRECTION('',(-1.,0.,0.));
#6639=DIRECTION('',(0.,0.,1.));
#6640=DIRECTION('',(0.,-1.,2.57379575447033E-16));
#6641=DIRECTION('',(0.,1.,0.));
#6642=DIRECTION('',(-1.,0.,0.));
#6643=DIRECTION('',(0.,0.,1.));
#6644=DIRECTION('',(0.,1.,-2.66332637137337E-16));
#6645=DIRECTION('',(0.,1.,0.));
#6646=DIRECTION('',(0.0115971971934994,0.999932750247363,0.));
#6647=DIRECTION('',(-0.999932750247363,0.0115971971934994,0.));
#6648=DIRECTION('',(-0.710742006546821,0.0082431695547404,0.703404471328901));
#6649=DIRECTION('',(-0.713599053476487,0.00827630551976027,0.700505455827723));
#6650=DIRECTION('',(0.0115971971934994,0.999932750247363,0.));
#6651=DIRECTION('',(-0.999932750247363,0.0115971971934994,0.));
#6652=DIRECTION('',(-0.999932750247363,0.0115971971934994,0.));
#6653=DIRECTION('',(0.999932750247363,-0.0115971971934994,0.));
#6654=DIRECTION('',(0.00447019518385563,0.999990008627595,0.));
#6655=DIRECTION('',(-0.999990008627595,0.00447019518385563,0.));
#6656=DIRECTION('',(-0.602395820005944,0.00269285379867047,-0.798192974522944));
#6657=DIRECTION('',(-0.712141076611877,0.00318344141784491,-0.702029167985787));
#6658=DIRECTION('',(0.00447019518385563,0.999990008627595,0.));
#6659=DIRECTION('',(-0.999990008627595,0.00447019518385563,0.));
#6660=DIRECTION('',(-0.607275405909183,0.00271466671801534,-0.794486760092606));
#6661=DIRECTION('',(0.999990008627595,-0.00447019518385563,0.));
#6662=DIRECTION('',(1.46066884495513E-16,-0.702032725299687,-0.712144685164675));
#6663=DIRECTION('',(0.,0.712144685164675,-0.702032725299687));
#6664=DIRECTION('',(-1.58508305199329E-16,0.712144685164675,-0.702032725299687));
#6665=DIRECTION('',(1.,2.22578794030705E-16,-1.43098910713959E-17));
#6666=DIRECTION('',(0.581706226621748,0.579257745310828,-0.571032687686881));
#6667=DIRECTION('',(1.,2.08062785724354E-16,0.));
#6668=DIRECTION('',(1.,2.08062785724354E-16,0.));
#6669=DIRECTION('',(-1.48170807034156E-16,0.712144685164675,-0.702032725299687));
#6670=DIRECTION('',(1.,2.08062785724354E-16,0.));
#6671=DIRECTION('',(-2.07878821677264E-16,0.999115824358256,0.0420424727736426));
#6672=DIRECTION('',(0.,-0.0420424727736426,0.999115824358256));
#6673=DIRECTION('',(9.35776288802613E-18,-0.0420424727736426,0.999115824358256));
#6674=DIRECTION('',(8.74747400402442E-18,-0.0420424727736426,0.999115824358256));
#6675=DIRECTION('',(1.,2.08062785724354E-16,0.));
#6676=DIRECTION('',(-1.46066884495513E-16,0.702032725299687,0.712144685164675));
#6677=DIRECTION('',(0.,-0.712144685164675,0.702032725299687));
#6678=DIRECTION('',(1.58508305199329E-16,-0.712144685164675,0.702032725299687));
#6679=DIRECTION('',(1.48170807034156E-16,-0.712144685164675,0.702032725299687));
#6680=DIRECTION('',(1.,2.08062785724354E-16,0.));
#6681=DIRECTION('',(1.,2.08062785724354E-16,0.));
#6682=DIRECTION('',(-0.581706226621748,-0.579257745310828,0.571032687686881));
#6683=DIRECTION('',(-1.,-2.22578794030705E-16,1.4309891071396E-17));
#6684=DIRECTION('',(2.08009840770852E-16,-0.999745533766078,-0.0225580964351841));
#6685=DIRECTION('',(0.,0.0225580964351841,-0.999745533766078));
#6686=DIRECTION('',(-0.00195389769672164,-0.0225580533749378,0.999743625391892));
#6687=DIRECTION('',(-0.720998213045896,-0.0156313378922954,0.69276059216754));
#6688=DIRECTION('',(1.,2.08062785724354E-16,0.));
#6689=DIRECTION('',(1.,2.08062785724354E-16,0.));
#6690=DIRECTION('',(-4.69350038494303E-18,0.0225580964351841,-0.999745533766078));
#6691=DIRECTION('',(1.,2.08062785724354E-16,0.));
#6692=DIRECTION('',(1.66074855968665E-16,-0.798195868571537,-0.602398004142884));
#6693=DIRECTION('',(0.,0.602398004142884,-0.798195868571537));
#6694=DIRECTION('',(-0.639002358115198,-0.46336742140963,0.613976073719006));
#6695=DIRECTION('',(0.627785750411139,0.468898283747643,-0.621304636293049));
#6696=DIRECTION('',(1.,2.22578794030705E-16,-1.92341571163817E-17));
#6697=DIRECTION('',(-0.00155999111355253,-0.602397271152897,0.798194897337279));
#6698=DIRECTION('',(-1.2533660685676E-16,0.602398004142884,-0.798195868571537));
#6699=DIRECTION('',(1.,2.08062785724354E-16,0.));
#6700=DIRECTION('',(1.3383072610061E-16,-0.643222792748297,-0.76567907042643));
#6701=DIRECTION('',(0.,0.76567907042643,-0.643222792748297));
#6702=DIRECTION('',(0.56217980351284,0.633228103415525,-0.5319549206155));
#6703=DIRECTION('',(1.,2.22578794030705E-16,-1.21944398939468E-17));
#6704=DIRECTION('',(1.,2.08062785724354E-16,0.));
#6705=DIRECTION('',(-1.59309320363757E-16,0.76567907042643,-0.643222792748297));
#6706=DIRECTION('',(1.,2.08062785724354E-16,0.));
#6707=DIRECTION('',(-2.08009840770852E-16,0.999745533766078,0.0225580964351825));
#6708=DIRECTION('',(0.,-0.0225580964351825,0.999745533766078));
#6709=DIRECTION('',(-0.726275797541425,-0.0155065127051449,0.687228502005914));
#6710=DIRECTION('',(4.6935003849427E-18,-0.0225580964351825,0.999745533766078));
#6711=DIRECTION('',(1.,2.08062785724354E-16,0.));
#6712=DIRECTION('',(-1.,-2.08062785724354E-16,0.));
#6713=DIRECTION('',(2.22578794030705E-16,-1.,0.));
#6714=DIRECTION('',(1.,2.22578794030705E-16,0.));
#6715=DIRECTION('',(-1.,-2.22578794030705E-16,2.38435532821689E-16));
#6716=DIRECTION('',(0.702032725299687,1.56257597367293E-16,0.712144685164676));
#6717=DIRECTION('',(0.648226374952663,1.44281444795859E-16,-0.761447678317906));
#6718=DIRECTION('',(-0.504673672638485,-1.12329657434921E-16,-0.863310189992904));
#6719=DIRECTION('',(-1.,-2.22578794030705E-16,8.26352012194584E-16));
#6720=DIRECTION('',(0.461358167501887,1.02688544538786E-16,0.887213977166332));
#6721=DIRECTION('',(1.,2.22578794030705E-16,0.));
#6722=DIRECTION('',(-1.,-2.22578794030705E-16,-1.56327291462505E-15));
#6723=DIRECTION('',(-0.708298869730474,-1.5765230823792E-16,0.70591267954226));
#6724=DIRECTION('',(1.,2.22578794030705E-16,-5.42101086242751E-16));
#6725=DIRECTION('',(0.717840977354834,1.59776179045461E-16,-0.69620710369132));
#6726=DIRECTION('',(-1.,-2.22578794030705E-16,0.));
#6727=DIRECTION('',(-0.712144685164675,-1.58508305199329E-16,0.702032725299687));
#6728=DIRECTION('',(-0.0420424727736426,-9.35776288802613E-18,0.999115824358256));
#6729=DIRECTION('',(0.712144685164675,1.58508305199329E-16,-0.702032725299687));
#6730=DIRECTION('',(-1.,-2.22578794030705E-16,0.));
#6731=DIRECTION('',(0.,0.,-1.));
#6732=DIRECTION('',(-1.,-2.22578794030705E-16,0.));
#6733=DIRECTION('',(0.,0.,-1.));
#6734=DIRECTION('',(0.726363130502167,1.6167302961554E-16,0.687311139620981));
#6735=DIRECTION('',(1.,2.22578794030705E-16,0.));
#6736=DIRECTION('',(0.713623494512439,1.58837456800556E-16,0.700529448403031));
#6737=DIRECTION('',(0.602398004142884,1.34081021288627E-16,-0.798195868571537));
#6738=DIRECTION('',(0.0225580964351798,5.02095390017065E-18,-0.999745533766078));
#6739=DIRECTION('',(0.607277643553904,1.35167125544036E-16,-0.794489687560272));
#6740=DIRECTION('',(1.,2.22578794030705E-16,2.78202591025357E-15));
#6741=DIRECTION('',(-1.,-2.22578794030705E-16,1.55823793811719E-16));
#6742=DIRECTION('',(0.598244155335671,1.33156462630531E-16,0.80131387770755));
#6743=DIRECTION('',(0.550235465475496,1.2247074633846E-16,-0.835009540384398));
#6744=DIRECTION('',(0.765679070426435,1.70423924110067E-16,-0.643222792748291));
#6745=DIRECTION('',(1.,2.22578794030705E-16,0.));
#6746=DIRECTION('',(-0.0225580964351825,-5.02095390017126E-18,0.999745533766078));
#6747=DIRECTION('',(0.657963192405695,1.46448653882252E-16,-0.753050089595178));
#6748=DIRECTION('',(1.,2.22578794030705E-16,8.67361737988403E-16));
#6749=DIRECTION('',(0.657963192405696,1.46448653882252E-16,-0.753050089595178));
#6750=DIRECTION('',(1.,2.22578794030705E-16,-3.25260651745651E-16));
#6751=DIRECTION('',(0.710766155181844,1.58201473658216E-16,0.703428370659031));
#6752=DIRECTION('',(-0.721086313082713,-1.60498521957998E-16,-0.692845241799912));
#6753=DIRECTION('',(0.710766155181844,1.58201473658216E-16,0.703428370659031));
#6754=DIRECTION('',(-1.,-2.22578794030705E-16,-1.76459107458148E-15));
#6755=DIRECTION('',(-0.721086313082713,-1.60498521957998E-16,-0.692845241799912));
#6756=DIRECTION('',(0.710766155181844,1.58201473658216E-16,0.703428370659031));
#6757=DIRECTION('',(0.693109712896755,1.54271524027528E-16,0.720832106588059));
#6758=DIRECTION('',(0.720832106588058,1.60441940982982E-16,-0.693109712896755));
#6759=DIRECTION('',(-1.,-2.22578794030705E-16,1.06959660338108E-16));
#6760=DIRECTION('',(-1.,-2.22578794030705E-16,0.));
#6761=DIRECTION('',(0.569823203105985,1.26830561358044E-16,0.821767313296188));
#6762=DIRECTION('',(1.,2.22578794030705E-16,0.));
#6763=DIRECTION('',(-0.566592732338198,-1.26111527070398E-16,-0.823997982801861));
#6764=DIRECTION('',(-1.,-2.22578794030705E-16,-3.36618074352906E-16));
#6765=DIRECTION('',(0.654118714560401,1.45592954639769E-16,0.756391900579223));
#6766=DIRECTION('',(1.,2.22578794030705E-16,-1.4786017850494E-15));
#6767=DIRECTION('',(-0.641263337937202,-1.42731620414167E-16,-0.767320879044509));
#6768=DIRECTION('',(0.,-1.,0.));
#6769=DIRECTION('',(0.,0.,-1.));
#6770=DIRECTION('',(0.569823203105985,0.,0.821767313296188));
#6771=DIRECTION('',(-1.,0.,0.));
#6772=DIRECTION('',(-0.566592732338198,0.,-0.823997982801861));
#6773=DIRECTION('',(1.,0.,0.));
#6774=DIRECTION('',(0.710766155181844,0.,0.703428370659031));
#6775=DIRECTION('',(-0.721086313082713,0.,-0.692845241799912));
#6776=DIRECTION('',(0.,0.,-1.));
#6777=DIRECTION('',(0.710766155181844,0.,0.703428370659031));
#6778=DIRECTION('',(-1.,0.,-1.76459107458148E-15));
#6779=DIRECTION('',(0.710766155181844,0.,0.703428370659031));
#6780=DIRECTION('',(0.,0.,-1.));
#6781=DIRECTION('',(0.713623494512439,0.,0.700529448403031));
#6782=DIRECTION('',(1.,0.,0.));
#6783=DIRECTION('',(0.,0.,-1.));
#6784=DIRECTION('',(-1.,0.,0.));
#6785=DIRECTION('',(-1.,0.,0.));
#6786=DIRECTION('',(0.712144685164675,0.,-0.702032725299687));
#6787=DIRECTION('',(0.602398004142884,0.,-0.798195868571537));
#6788=DIRECTION('',(1.,0.,2.78202591025357E-15));
#6789=DIRECTION('',(0.607277643553904,0.,-0.794489687560272));
#6790=DIRECTION('',(-1.,0.,0.));
#6791=DIRECTION('',(0.,0.,-1.));
#6792=DIRECTION('',(-1.,0.,1.06959660338108E-16));
#6793=DIRECTION('',(0.720832106588058,0.,-0.693109712896755));
#6794=DIRECTION('',(0.693109712896755,0.,0.720832106588059));
#6795=DIRECTION('',(0.598244155335671,0.,0.80131387770755));
#6796=DIRECTION('',(-1.,0.,1.55823793811719E-16));
#6797=DIRECTION('',(0.550235465475496,0.,-0.835009540384399));
#6798=DIRECTION('',(-0.708298869730474,0.,0.70591267954226));
#6799=DIRECTION('',(-1.,0.,-1.56327291462505E-15));
#6800=DIRECTION('',(0.717840977354834,0.,-0.69620710369132));
#6801=DIRECTION('',(1.,0.,-5.42101086242751E-16));
#6802=DIRECTION('',(1.,0.,8.67361737988403E-16));
#6803=DIRECTION('',(0.657963192405695,0.,-0.753050089595178));
#6804=DIRECTION('',(1.,0.,-3.25260651745651E-16));
#6805=DIRECTION('',(0.657963192405696,0.,-0.753050089595178));
#6806=DIRECTION('',(-1.,0.,8.26352012194584E-16));
#6807=DIRECTION('',(-0.504673672638485,0.,-0.863310189992904));
#6808=DIRECTION('',(1.,0.,0.));
#6809=DIRECTION('',(0.461358167501887,0.,0.887213977166332));
#6810=DIRECTION('',(0.702032725299687,0.,0.712144685164676));
#6811=DIRECTION('',(-1.,0.,2.38435532821689E-16));
#6812=DIRECTION('',(0.648226374952663,0.,-0.761447678317906));
#6813=DIRECTION('',(0.654118714560401,0.,0.756391900579223));
#6814=DIRECTION('',(-1.,0.,-3.36618074352906E-16));
#6815=DIRECTION('',(-0.641263337937202,0.,-0.76732087904451));
#6816=DIRECTION('',(1.,0.,-1.4786017850494E-15));
#6817=DIRECTION('',(-0.00779121691231617,-0.999969648008891,0.));
#6818=DIRECTION('',(0.999969648008891,-0.00779121691231617,0.));
#6819=DIRECTION('',(0.710755256419337,-0.00553781645808785,0.703417584412814));
#6820=DIRECTION('',(0.713612463781053,-0.00556007825609635,0.700518620070959));
#6821=DIRECTION('',(-0.00779121691231617,-0.999969648008891,0.));
#6822=DIRECTION('',(0.999969648008891,-0.00779121691231617,0.));
#6823=DIRECTION('',(0.999969648008891,-0.00779121691231617,0.));
#6824=DIRECTION('',(-0.999969648008891,0.00779121691231617,0.));
#6825=DIRECTION('',(-2.08009840770852E-16,0.999745533766078,-0.0225580964351798));
#6826=DIRECTION('',(0.,0.0225580964351798,0.999745533766078));
#6827=DIRECTION('',(0.00195389769672164,0.0225580533749334,0.999743625391892));
#6828=DIRECTION('',(0.720998213045896,0.0156313378922923,0.69276059216754));
#6829=DIRECTION('',(-1.,-2.08062785724354E-16,0.));
#6830=DIRECTION('',(-1.,-2.08062785724354E-16,0.));
#6831=DIRECTION('',(4.69350038494213E-18,-0.0225580964351798,-0.999745533766078));
#6832=DIRECTION('',(-1.,-2.08062785724354E-16,0.));
#6833=DIRECTION('',(-1.66074855968665E-16,0.798195868571537,-0.602398004142884));
#6834=DIRECTION('',(0.,0.602398004142884,0.798195868571537));
#6835=DIRECTION('',(0.639002358115198,0.46336742140963,0.613976073719006));
#6836=DIRECTION('',(-0.627785750411139,-0.468898283747643,-0.621304636293049));
#6837=DIRECTION('',(-1.,-2.22578794030705E-16,-1.92341571163817E-17));
#6838=DIRECTION('',(0.00155999111355253,0.602397271152897,0.798194897337279));
#6839=DIRECTION('',(1.2533660685676E-16,-0.602398004142884,-0.798195868571537));
#6840=DIRECTION('',(-1.,-2.08062785724354E-16,0.));
#6841=DIRECTION('',(-1.33830726100609E-16,0.643222792748291,-0.765679070426435));
#6842=DIRECTION('',(0.,0.765679070426435,0.643222792748291));
#6843=DIRECTION('',(-0.562179803512833,-0.633228103415532,-0.531954920615498));
#6844=DIRECTION('',(-1.,-2.22578794030705E-16,-1.21944398939467E-17));
#6845=DIRECTION('',(-1.,-2.08062785724354E-16,0.));
#6846=DIRECTION('',(1.59309320363758E-16,-0.765679070426435,-0.643222792748291));
#6847=DIRECTION('',(-1.,-2.08062785724354E-16,0.));
#6848=DIRECTION('',(2.08009840770852E-16,-0.999745533766078,0.0225580964351825));
#6849=DIRECTION('',(0.,-0.0225580964351825,-0.999745533766078));
#6850=DIRECTION('',(0.726275797541422,0.015506512705145,0.687228502005917));
#6851=DIRECTION('',(-4.6935003849427E-18,0.0225580964351825,0.999745533766078));
#6852=DIRECTION('',(-1.,-2.08062785724354E-16,0.));
#6853=DIRECTION('',(1.,2.08062785724354E-16,0.));
#6854=DIRECTION('',(-1.46066884495513E-16,0.702032725299687,-0.712144685164675));
#6855=DIRECTION('',(0.,0.712144685164675,0.702032725299687));
#6856=DIRECTION('',(1.58508305199329E-16,-0.712144685164675,-0.702032725299687));
#6857=DIRECTION('',(-1.,-2.22578794030705E-16,-1.4309891071396E-17));
#6858=DIRECTION('',(-0.581706226621748,-0.579257745310828,-0.571032687686881));
#6859=DIRECTION('',(-1.,-2.08062785724354E-16,0.));
#6860=DIRECTION('',(-1.,-2.08062785724354E-16,0.));
#6861=DIRECTION('',(1.48170807034156E-16,-0.712144685164675,-0.702032725299687));
#6862=DIRECTION('',(-1.,-2.08062785724354E-16,0.));
#6863=DIRECTION('',(2.07878821677264E-16,-0.999115824358256,0.0420424727736372));
#6864=DIRECTION('',(0.,-0.0420424727736372,-0.999115824358256));
#6865=DIRECTION('',(-9.35776288802491E-18,0.0420424727736372,0.999115824358256));
#6866=DIRECTION('',(-8.74747400402328E-18,0.0420424727736372,0.999115824358256));
#6867=DIRECTION('',(-1.,-2.08062785724354E-16,0.));
#6868=DIRECTION('',(1.46066884495513E-16,-0.702032725299687,0.712144685164675));
#6869=DIRECTION('',(0.,-0.712144685164675,-0.702032725299687));
#6870=DIRECTION('',(-1.58508305199329E-16,0.712144685164675,0.702032725299687));
#6871=DIRECTION('',(-1.48170807034156E-16,0.712144685164675,0.702032725299687));
#6872=DIRECTION('',(-1.,-2.08062785724354E-16,0.));
#6873=DIRECTION('',(1.,2.22578794030705E-16,1.43098910713959E-17));
#6874=DIRECTION('',(-1.,-2.08062785724354E-16,0.));
#6875=DIRECTION('',(2.08062785724354E-16,-1.,0.));
#6876=DIRECTION('',(-2.08062785724354E-16,1.,1.19217766410844E-16));
#6877=DIRECTION('',(1.46066884495513E-16,-0.702032725299687,0.712144685164675));
#6878=DIRECTION('',(1.34871785352651E-16,-0.648226374952663,-0.761447678317906));
#6879=DIRECTION('',(-1.05003810210904E-16,0.504673672638485,-0.863310189992904));
#6880=DIRECTION('',(-2.08062785724354E-16,1.,8.26352012194584E-16));
#6881=DIRECTION('',(9.5991465547126E-17,-0.461358167501887,0.887213977166332));
#6882=DIRECTION('',(2.08062785724354E-16,-1.,0.));
#6883=DIRECTION('',(-2.08062785724354E-16,1.,-1.56327291462505E-15));
#6884=DIRECTION('',(-1.47370635961534E-16,0.708298869730474,0.70591267954226));
#6885=DIRECTION('',(2.08062785724354E-16,-1.,-5.42101086242752E-16));
#6886=DIRECTION('',(1.4935599345554E-16,-0.717840977354834,-0.69620710369132));
#6887=DIRECTION('',(-2.08062785724354E-16,1.,0.));
#6888=DIRECTION('',(-2.08062785724354E-16,1.,0.));
#6889=DIRECTION('',(-2.08062785724354E-16,1.,0.));
#6890=DIRECTION('',(0.,0.,1.));
#6891=DIRECTION('',(1.51129136379744E-16,-0.726363130502169,0.68731113962098));
#6892=DIRECTION('',(2.08062785724354E-16,-1.,0.));
#6893=DIRECTION('',(1.48478492226607E-16,-0.713623494512439,0.700529448403032));
#6894=DIRECTION('',(1.26351878225947E-16,-0.607277643553904,-0.794489687560272));
#6895=DIRECTION('',(2.08062785724354E-16,-1.,0.));
#6896=DIRECTION('',(-2.08062785724354E-16,1.,1.55823793811719E-16));
#6897=DIRECTION('',(1.24472345502453E-16,-0.598244155335671,0.801313877707549));
#6898=DIRECTION('',(1.14483523751169E-16,-0.550235465475496,-0.835009540384398));
#6899=DIRECTION('',(2.08062785724354E-16,-1.,0.));
#6900=DIRECTION('',(1.36897654716019E-16,-0.657963192405696,-0.753050089595178));
#6901=DIRECTION('',(2.08062785724354E-16,-1.,0.));
#6902=DIRECTION('',(1.36897654716019E-16,-0.657963192405696,-0.753050089595178));
#6903=DIRECTION('',(2.08062785724354E-16,-1.,-3.25260651745651E-16));
#6904=DIRECTION('',(1.47883986245723E-16,-0.710766155181844,0.703428370659031));
#6905=DIRECTION('',(-1.50031227047693E-16,0.721086313082713,-0.692845241799912));
#6906=DIRECTION('',(-4.066368727588E-19,0.00195439502236369,-0.999998090168225));
#6907=DIRECTION('',(1.47883986245723E-16,-0.710766155181844,0.703428370659031));
#6908=DIRECTION('',(-2.08062785724354E-16,1.,-1.76459107458148E-15));
#6909=DIRECTION('',(-1.50031227047693E-16,0.721086313082713,-0.692845241799913));
#6910=DIRECTION('',(1.47883986245723E-16,-0.710766155181844,0.703428370659031));
#6911=DIRECTION('',(1.44210337677906E-16,-0.693109712896755,0.720832106588059));
#6912=DIRECTION('',(1.49978336136266E-16,-0.720832106588058,-0.693109712896755));
#6913=DIRECTION('',(-2.08062785724354E-16,1.,1.06959660338108E-16));
#6914=DIRECTION('',(-2.08062785724354E-16,1.,0.));
#6915=DIRECTION('',(1.18559003008606E-16,-0.569823203105985,0.821767313296188));
#6916=DIRECTION('',(2.08062785724354E-16,-1.,0.));
#6917=DIRECTION('',(-1.17886862261459E-16,0.566592732338198,-0.823997982801861));
#6918=DIRECTION('',(-2.08062785724354E-16,1.,-3.36618074352906E-16));
#6919=DIRECTION('',(1.36097761945871E-16,-0.654118714560401,0.756391900579223));
#6920=DIRECTION('',(2.08062785724354E-16,-1.,0.));
#6921=DIRECTION('',(-1.33423036474112E-16,0.641263337937202,-0.767320879044509));
#6922=DIRECTION('',(-1.,-2.08062785724354E-16,0.));
#6923=DIRECTION('',(2.08062785724354E-16,-1.,0.));
#6924=DIRECTION('',(-1.36097761945871E-16,0.654118714560401,0.756391900579223));
#6925=DIRECTION('',(-2.08062785724354E-16,1.,0.));
#6926=DIRECTION('',(1.33423036474112E-16,-0.641263337937202,-0.767320879044509));
#6927=DIRECTION('',(2.08062785724354E-16,-1.,-3.36618074352906E-16));
#6928=DIRECTION('',(1.50031227047693E-16,-0.721086313082713,-0.692845241799913));
#6929=DIRECTION('',(4.06636872758801E-19,-0.00195439502236369,-0.999998090168225));
#6930=DIRECTION('',(-1.47883986245723E-16,0.710766155181844,0.703428370659031));
#6931=DIRECTION('',(2.08062785724354E-16,-1.,-1.76459107458148E-15));
#6932=DIRECTION('',(-1.47883986245723E-16,0.710766155181844,0.703428370659031));
#6933=DIRECTION('',(-1.4935599345554E-16,0.717840977354834,-0.69620710369132));
#6934=DIRECTION('',(2.08062785724354E-16,-1.,-1.56327291462505E-15));
#6935=DIRECTION('',(1.47370635961534E-16,-0.708298869730474,0.70591267954226));
#6936=DIRECTION('',(-2.08062785724354E-16,1.,-5.42101086242752E-16));
#6937=DIRECTION('',(-1.34871785352651E-16,0.648226374952663,-0.761447678317906));
#6938=DIRECTION('',(2.08062785724354E-16,-1.,0.));
#6939=DIRECTION('',(-1.46066884495513E-16,0.702032725299687,0.712144685164676));
#6940=DIRECTION('',(-1.47883986245723E-16,0.710766155181844,0.703428370659031));
#6941=DIRECTION('',(-1.44210337677906E-16,0.693109712896755,0.720832106588059));
#6942=DIRECTION('',(-1.49978336136266E-16,0.720832106588058,-0.693109712896755));
#6943=DIRECTION('',(2.08062785724354E-16,-1.,1.06959660338108E-16));
#6944=DIRECTION('',(1.50031227047693E-16,-0.721086313082714,-0.692845241799912));
#6945=DIRECTION('',(-1.26351878225947E-16,0.607277643553904,-0.794489687560272));
#6946=DIRECTION('',(-2.08062785724354E-16,1.,0.));
#6947=DIRECTION('',(2.08062785724354E-16,-1.,0.));
#6948=DIRECTION('',(-2.08062785724354E-16,1.,0.));
#6949=DIRECTION('',(-2.08062785724354E-16,1.,0.));
#6950=DIRECTION('',(-1.51129136379744E-16,0.726363130502167,0.687311139620981));
#6951=DIRECTION('',(-2.08062785724354E-16,1.,0.));
#6952=DIRECTION('',(-1.48478492226607E-16,0.713623494512439,0.700529448403031));
#6953=DIRECTION('',(0.,0.,1.));
#6954=DIRECTION('',(-2.08062785724354E-16,1.,0.));
#6955=DIRECTION('',(-2.08062785724354E-16,1.,0.));
#6956=DIRECTION('',(-1.36897654716019E-16,0.657963192405696,-0.753050089595178));
#6957=DIRECTION('',(-2.08062785724354E-16,1.,-3.25260651745651E-16));
#6958=DIRECTION('',(-1.36897654716019E-16,0.657963192405696,-0.753050089595178));
#6959=DIRECTION('',(-2.08062785724354E-16,1.,0.));
#6960=DIRECTION('',(1.05003810210904E-16,-0.504673672638485,-0.863310189992904));
#6961=DIRECTION('',(2.08062785724354E-16,-1.,8.26352012194584E-16));
#6962=DIRECTION('',(-9.5991465547126E-17,0.461358167501887,0.887213977166332));
#6963=DIRECTION('',(-1.24472345502453E-16,0.598244155335671,0.801313877707549));
#6964=DIRECTION('',(-1.14483523751169E-16,0.550235465475496,-0.835009540384398));
#6965=DIRECTION('',(2.08062785724354E-16,-1.,1.55823793811719E-16));
#6966=DIRECTION('',(-1.18559003008606E-16,0.569823203105985,0.821767313296188));
#6967=DIRECTION('',(-2.08062785724354E-16,1.,0.));
#6968=DIRECTION('',(1.17886862261459E-16,-0.566592732338198,-0.823997982801861));
#6969=DIRECTION('',(2.08062785724354E-16,-1.,0.));
#6970=DIRECTION('',(0.0115971971934994,0.999932750247363,0.));
#6971=DIRECTION('',(-0.999932750247363,0.0115971971934994,0.));
#6972=DIRECTION('',(0.721061097240498,-0.00836285013286186,-0.69282101352657));
#6973=DIRECTION('',(0.999932750247363,-0.0115971971934994,1.06952467327408E-16));
#6974=DIRECTION('',(0.999932750247363,-0.0115971971934994,0.));
#6975=DIRECTION('',(-0.710742006546821,0.0082431695547404,0.703404471328901));
#6976=DIRECTION('',(-0.00779121691231617,-0.999969648008891,0.));
#6977=DIRECTION('',(0.999969648008891,-0.00779121691231617,0.));
#6978=DIRECTION('',(-0.721074932658925,0.00561822173459559,-0.692834307086094));
#6979=DIRECTION('',(-0.999969648008891,0.00779121691231617,1.06956413899448E-16));
#6980=DIRECTION('',(-0.999969648008891,0.00779121691231617,0.));
#6981=DIRECTION('',(0.710755256419337,-0.00553781645808785,0.703417584412814));
#6982=DIRECTION('',(0.00447019518385563,0.999990008627595,0.));
#6983=DIRECTION('',(-0.999990008627595,0.00447019518385563,0.));
#6984=DIRECTION('',(0.712141076611897,-0.003183441417845,0.702029167985767));
#6985=DIRECTION('',(0.999990008627595,-0.00447019518385563,0.));
#6986=DIRECTION('',(0.999990008627595,-0.00447019518385563,0.));
#6987=DIRECTION('',(0.,0.,1.));
#6988=DIRECTION('',(1.,0.,0.));
#6989=DIRECTION('',(0.,0.,1.));
#6990=DIRECTION('',(1.,0.,0.));
#6991=DIRECTION('',(0.,0.,1.));
#6992=DIRECTION('',(1.,0.,0.));
#6993=DIRECTION('',(0.,0.,1.));
#6994=DIRECTION('',(1.,0.,0.));
#6995=DIRECTION('',(0.,0.,1.));
#6996=DIRECTION('',(1.,0.,0.));
#6997=DIRECTION('',(0.,0.,1.));
#6998=DIRECTION('',(1.,0.,0.));
#6999=DIRECTION('',(0.,0.,1.));
#7000=DIRECTION('',(1.,0.,0.));
#7001=DIRECTION('',(0.,0.,1.));
#7002=DIRECTION('',(1.,0.,0.));
#7003=DIRECTION('',(0.,0.,1.));
#7004=DIRECTION('',(1.,0.,0.));
#7005=DIRECTION('',(0.,0.,1.));
#7006=DIRECTION('',(1.,0.,0.));
#7007=DIRECTION('',(-1.43003870368922E-16,0.687311139620981,-0.726363130502167));
#7008=DIRECTION('',(0.,0.726363130502167,0.687311139620981));
#7009=DIRECTION('',(1.,2.08062785724354E-16,0.));
#7010=DIRECTION('',(1.,2.08062785724354E-16,0.));
#7011=DIRECTION('',(-2.08062785724354E-16,1.,0.));
#7012=DIRECTION('',(-1.,-2.08062785724354E-16,0.));
#7013=DIRECTION('',(1.,2.08062785724354E-16,0.));
#7014=DIRECTION('',(-1.4575410851668E-16,0.700529448403031,-0.713623494512439));
#7015=DIRECTION('',(0.,0.713623494512439,0.700529448403031));
#7016=DIRECTION('',(1.,2.08062785724354E-16,0.));
#7017=DIRECTION('',(0.,0.,-1.));
#7018=DIRECTION('',(-1.,0.,0.));
#7019=DIRECTION('',(0.,0.,1.));
#7020=DIRECTION('',(1.,0.,0.));
#7021=DIRECTION('',(-2.07878821677264E-16,0.999115824358256,0.0420424727736426));
#7022=DIRECTION('',(0.,-0.0420424727736426,0.999115824358256));
#7023=DIRECTION('',(-0.713313642842473,-0.0294652548187315,0.700225282100888));
#7024=DIRECTION('',(0.,0.,-1.));
#7025=DIRECTION('',(-1.,0.,0.));
#7026=DIRECTION('',(1.,2.08062785724354E-16,0.));
#7027=DIRECTION('',(1.65303737623062E-16,-0.794489687560272,-0.607277643553904));
#7028=DIRECTION('',(0.,0.607277643553904,-0.794489687560272));
#7029=DIRECTION('',(0.,0.,-1.));
#7030=DIRECTION('',(-1.,0.,0.));
#7031=DIRECTION('',(-1.46357266356862E-16,0.703428370659031,-0.710766155181844));
#7032=DIRECTION('',(0.,0.710766155181844,0.703428370659031));
#7033=DIRECTION('',(1.,2.08062785724354E-16,0.));
#7034=DIRECTION('',(1.,2.08062785724354E-16,0.));
#7035=DIRECTION('',(1.44155311084754E-16,-0.692845241799912,0.721086313082714));
#7036=DIRECTION('',(0.,-0.721086313082714,-0.692845241799912));
#7037=DIRECTION('',(1.,2.08062785724354E-16,0.));
#7038=DIRECTION('',(-2.22543248900774E-32,1.06959660338108E-16,1.));
#7039=DIRECTION('',(0.,-1.,1.06959660338108E-16));
#7040=DIRECTION('',(1.,2.08062785724354E-16,0.));
#7041=DIRECTION('',(1.44210337677907E-16,-0.693109712896755,-0.720832106588058));
#7042=DIRECTION('',(0.,0.720832106588058,-0.693109712896755));
#7043=DIRECTION('',(1.,2.08062785724354E-16,0.));
#7044=DIRECTION('',(-1.49978336136266E-16,0.720832106588059,-0.693109712896755));
#7045=DIRECTION('',(0.,0.693109712896755,0.720832106588059));
#7046=DIRECTION('',(0.,0.,-1.));
#7047=DIRECTION('',(-1.,0.,0.));
#7048=DIRECTION('',(1.,2.08062785724354E-16,0.));
#7049=DIRECTION('',(1.,2.08062785724354E-16,0.));
#7050=DIRECTION('',(1.56681699431147E-16,-0.753050089595178,-0.657963192405695));
#7051=DIRECTION('',(0.,0.657963192405696,-0.753050089595178));
#7052=DIRECTION('',(1.,2.08062785724354E-16,0.));
#7053=DIRECTION('',(6.76746372887194E-32,-3.25260651745651E-16,-1.));
#7054=DIRECTION('',(0.,1.,-3.25260651745651E-16));
#7055=DIRECTION('',(1.,2.08062785724354E-16,0.));
#7056=DIRECTION('',(1.56681699431147E-16,-0.753050089595178,-0.657963192405695));
#7057=DIRECTION('',(0.,0.657963192405696,-0.753050089595178));
#7058=DIRECTION('',(0.,0.,1.));
#7059=DIRECTION('',(1.,0.,0.));
#7060=DIRECTION('',(1.,2.08062785724354E-16,0.));
#7061=DIRECTION('',(1.,2.08062785724354E-16,0.));
#7062=DIRECTION('',(1.58428925134166E-16,-0.761447678317906,-0.648226374952663));
#7063=DIRECTION('',(0.,0.648226374952663,-0.761447678317906));
#7064=DIRECTION('',(1.,2.08062785724354E-16,0.));
#7065=DIRECTION('',(-1.48170807034156E-16,0.712144685164675,-0.702032725299687));
#7066=DIRECTION('',(0.,0.702032725299687,0.712144685164676));
#7067=DIRECTION('',(3.25258917464321E-31,-1.56327291462505E-15,1.));
#7068=DIRECTION('',(0.,-1.,-1.56327291462505E-15));
#7069=DIRECTION('',(1.,2.08062785724354E-16,0.));
#7070=DIRECTION('',(1.,2.08062785724354E-16,0.));
#7071=DIRECTION('',(1.44854789435101E-16,-0.69620710369132,-0.717840977354834));
#7072=DIRECTION('',(0.,0.717840977354834,-0.69620710369132));
#7073=DIRECTION('',(1.,2.08062785724354E-16,0.));
#7074=DIRECTION('',(1.12791062147866E-31,-5.42101086242752E-16,-1.));
#7075=DIRECTION('',(0.,1.,-5.42101086242752E-16));
#7076=DIRECTION('',(1.,2.08062785724354E-16,0.));
#7077=DIRECTION('',(-1.46874158583706E-16,0.70591267954226,0.708298869730474));
#7078=DIRECTION('',(0.,-0.708298869730474,0.70591267954226));
#7079=DIRECTION('',(1.44155311084754E-16,-0.692845241799913,0.721086313082713));
#7080=DIRECTION('',(0.,-0.721086313082713,-0.692845241799913));
#7081=DIRECTION('',(1.,2.08062785724354E-16,0.));
#7082=DIRECTION('',(1.,2.08062785724354E-16,0.));
#7083=DIRECTION('',(-1.46357266356862E-16,0.703428370659031,-0.710766155181844));
#7084=DIRECTION('',(0.,0.710766155181844,0.703428370659031));
#7085=DIRECTION('',(1.,2.08062785724354E-16,0.));
#7086=DIRECTION('',(3.67145734641756E-31,-1.76459107458148E-15,1.));
#7087=DIRECTION('',(0.,-1.,-1.76459107458148E-15));
#7088=DIRECTION('',(1.,2.08062785724354E-16,0.));
#7089=DIRECTION('',(-1.46357266356862E-16,0.703428370659031,-0.710766155181844));
#7090=DIRECTION('',(0.,0.710766155181844,0.703428370659031));
#7091=DIRECTION('',(1.,2.08062785724354E-16,0.));
#7092=DIRECTION('',(2.08062388359435E-16,-0.999998090168224,0.00195439502236369));
#7093=DIRECTION('',(0.,-0.00195439502236369,-0.999998090168225));
#7094=DIRECTION('',(1.79622723074145E-16,-0.863310189992903,0.504673672638485));
#7095=DIRECTION('',(0.,-0.504673672638485,-0.863310189992904));
#7096=DIRECTION('',(1.,2.08062785724354E-16,0.));
#7097=DIRECTION('',(1.,2.08062785724354E-16,0.));
#7098=DIRECTION('',(0.,0.,-1.));
#7099=DIRECTION('',(-1.,0.,0.));
#7100=DIRECTION('',(1.,2.08062785724354E-16,0.));
#7101=DIRECTION('',(-1.84596211622811E-16,0.887213977166332,-0.461358167501887));
#7102=DIRECTION('',(0.,0.461358167501887,0.887213977166332));
#7103=DIRECTION('',(1.,2.08062785724354E-16,0.));
#7104=DIRECTION('',(-1.71933101646131E-31,8.26352012194584E-16,1.));
#7105=DIRECTION('',(0.,-1.,8.26352012194584E-16));
#7106=DIRECTION('',(-1.66723597635417E-16,0.801313877707549,-0.598244155335671));
#7107=DIRECTION('',(0.,0.598244155335671,0.801313877707549));
#7108=DIRECTION('',(1.,2.08062785724354E-16,0.));
#7109=DIRECTION('',(1.,2.08062785724354E-16,0.));
#7110=DIRECTION('',(-3.24211326226038E-32,1.55823793811719E-16,1.));
#7111=DIRECTION('',(0.,-1.,1.55823793811719E-16));
#7112=DIRECTION('',(1.,2.08062785724354E-16,0.));
#7113=DIRECTION('',(1.73734411078791E-16,-0.835009540384398,-0.550235465475496));
#7114=DIRECTION('',(0.,0.550235465475496,-0.835009540384399));
#7115=DIRECTION('',(-1.57377005933852E-16,0.756391900579223,-0.654118714560401));
#7116=DIRECTION('',(0.,0.654118714560401,0.756391900579223));
#7117=DIRECTION('',(1.,2.08062785724354E-16,0.));
#7118=DIRECTION('',(1.,2.08062785724354E-16,0.));
#7119=DIRECTION('',(7.00376942750335E-32,-3.36618074352906E-16,1.));
#7120=DIRECTION('',(0.,-1.,-3.36618074352906E-16));
#7121=DIRECTION('',(1.,2.08062785724354E-16,0.));
#7122=DIRECTION('',(1.59650919638461E-16,-0.767320879044509,0.641263337937202));
#7123=DIRECTION('',(0.,-0.641263337937202,-0.76732087904451));
#7124=DIRECTION('',(1.,2.08062785724354E-16,0.));
#7125=DIRECTION('',(0.,0.,-1.));
#7126=DIRECTION('',(-1.,0.,0.));
#7127=DIRECTION('',(-1.70979196421623E-16,0.821767313296188,-0.569823203105985));
#7128=DIRECTION('',(0.,0.569823203105985,0.821767313296188));
#7129=DIRECTION('',(1.,2.08062785724354E-16,0.));
#7130=DIRECTION('',(1.,2.08062785724354E-16,0.));
#7131=DIRECTION('',(0.,0.,1.));
#7132=DIRECTION('',(1.,0.,0.));
#7133=DIRECTION('',(1.,2.08062785724354E-16,0.));
#7134=DIRECTION('',(1.71443315733004E-16,-0.82399798280186,0.566592732338198));
#7135=DIRECTION('',(0.,-0.566592732338198,-0.823997982801861));
#7136=DIRECTION('',(1.,2.08062785724354E-16,0.));
#7137=DIRECTION('',(0.,0.,-1.));
#7138=DIRECTION('',(-1.,0.,0.));
#7139=DIRECTION('',(1.43003870368922E-16,-0.68731113962098,-0.726363130502169));
#7140=DIRECTION('',(0.,0.726363130502169,-0.68731113962098));
#7141=DIRECTION('',(-1.,-2.08062785724354E-16,0.));
#7142=DIRECTION('',(-1.,-2.08062785724354E-16,0.));
#7143=DIRECTION('',(2.08062785724354E-16,-1.,0.));
#7144=DIRECTION('',(1.,2.08062785724354E-16,0.));
#7145=DIRECTION('',(-1.,-2.08062785724354E-16,0.));
#7146=DIRECTION('',(1.4575410851668E-16,-0.700529448403031,-0.713623494512439));
#7147=DIRECTION('',(0.,0.713623494512439,-0.700529448403032));
#7148=DIRECTION('',(-1.,-2.08062785724354E-16,0.));
#7149=DIRECTION('',(0.,0.,-1.));
#7150=DIRECTION('',(-1.,0.,0.));
#7151=DIRECTION('',(0.,0.,-1.));
#7152=DIRECTION('',(-1.,0.,0.));
#7153=DIRECTION('',(-1.,-2.08062785724354E-16,0.));
#7154=DIRECTION('',(-1.65303737623062E-16,0.794489687560271,-0.607277643553904));
#7155=DIRECTION('',(0.,0.607277643553904,0.794489687560272));
#7156=DIRECTION('',(1.66723597635417E-16,-0.801313877707549,-0.598244155335671));
#7157=DIRECTION('',(0.,0.598244155335671,-0.80131387770755));
#7158=DIRECTION('',(-1.,-2.08062785724354E-16,0.));
#7159=DIRECTION('',(-1.,-2.08062785724354E-16,0.));
#7160=DIRECTION('',(3.24211326226038E-32,-1.55823793811719E-16,1.));
#7161=DIRECTION('',(0.,-1.,-1.55823793811719E-16));
#7162=DIRECTION('',(-1.,-2.08062785724354E-16,0.));
#7163=DIRECTION('',(-1.73734411078791E-16,0.835009540384398,-0.550235465475496));
#7164=DIRECTION('',(0.,0.550235465475496,0.835009540384399));
#7165=DIRECTION('',(0.,0.,-1.));
#7166=DIRECTION('',(-1.,0.,0.));
#7167=DIRECTION('',(0.,0.,1.));
#7168=DIRECTION('',(1.,0.,0.));
#7169=DIRECTION('',(2.07878821677264E-16,-0.999115824358256,0.0420424727736372));
#7170=DIRECTION('',(0.,-0.0420424727736372,-0.999115824358256));
#7171=DIRECTION('',(0.713313642842473,0.0294652548187277,0.700225282100889));
#7172=DIRECTION('',(-3.25258917464321E-31,1.56327291462505E-15,1.));
#7173=DIRECTION('',(0.,-1.,1.56327291462505E-15));
#7174=DIRECTION('',(-1.,-2.08062785724354E-16,0.));
#7175=DIRECTION('',(-1.,-2.08062785724354E-16,0.));
#7176=DIRECTION('',(-1.44854789435101E-16,0.69620710369132,-0.717840977354834));
#7177=DIRECTION('',(0.,0.717840977354834,0.69620710369132));
#7178=DIRECTION('',(-1.,-2.08062785724354E-16,0.));
#7179=DIRECTION('',(-1.12791062147866E-31,5.42101086242752E-16,-1.));
#7180=DIRECTION('',(0.,1.,5.42101086242752E-16));
#7181=DIRECTION('',(-1.,-2.08062785724354E-16,0.));
#7182=DIRECTION('',(1.46874158583706E-16,-0.70591267954226,0.708298869730474));
#7183=DIRECTION('',(0.,-0.708298869730474,-0.70591267954226));
#7184=DIRECTION('',(0.,0.,-1.));
#7185=DIRECTION('',(-1.,0.,0.));
#7186=DIRECTION('',(-1.,-2.08062785724354E-16,0.));
#7187=DIRECTION('',(-1.,-2.08062785724354E-16,0.));
#7188=DIRECTION('',(-1.56681699431147E-16,0.753050089595178,-0.657963192405695));
#7189=DIRECTION('',(0.,0.657963192405696,0.753050089595178));
#7190=DIRECTION('',(-1.,-2.08062785724354E-16,0.));
#7191=DIRECTION('',(-6.76746372887194E-32,3.25260651745651E-16,-1.));
#7192=DIRECTION('',(0.,1.,3.25260651745651E-16));
#7193=DIRECTION('',(-1.,-2.08062785724354E-16,0.));
#7194=DIRECTION('',(-1.56681699431147E-16,0.753050089595178,-0.657963192405695));
#7195=DIRECTION('',(0.,0.657963192405696,0.753050089595178));
#7196=DIRECTION('',(-1.44155311084754E-16,0.692845241799913,0.721086313082713));
#7197=DIRECTION('',(0.,-0.721086313082713,0.692845241799913));
#7198=DIRECTION('',(-1.,-2.08062785724354E-16,0.));
#7199=DIRECTION('',(-1.,-2.08062785724354E-16,0.));
#7200=DIRECTION('',(1.46357266356862E-16,-0.703428370659031,-0.710766155181844));
#7201=DIRECTION('',(0.,0.710766155181844,-0.703428370659031));
#7202=DIRECTION('',(-1.,-2.08062785724354E-16,0.));
#7203=DIRECTION('',(-3.67145734641756E-31,1.76459107458148E-15,1.));
#7204=DIRECTION('',(0.,-1.,1.76459107458148E-15));
#7205=DIRECTION('',(-1.,-2.08062785724354E-16,0.));
#7206=DIRECTION('',(1.46357266356862E-16,-0.703428370659031,-0.710766155181844));
#7207=DIRECTION('',(0.,0.710766155181844,-0.703428370659031));
#7208=DIRECTION('',(-1.,-2.08062785724354E-16,0.));
#7209=DIRECTION('',(-2.08062388359435E-16,0.999998090168224,0.00195439502236369));
#7210=DIRECTION('',(0.,-0.00195439502236369,0.999998090168225));
#7211=DIRECTION('',(1.46357266356862E-16,-0.703428370659031,-0.710766155181844));
#7212=DIRECTION('',(0.,0.710766155181844,-0.703428370659031));
#7213=DIRECTION('',(-1.,-2.08062785724354E-16,0.));
#7214=DIRECTION('',(-1.,-2.08062785724354E-16,0.));
#7215=DIRECTION('',(-1.44155311084754E-16,0.692845241799912,0.721086313082713));
#7216=DIRECTION('',(0.,-0.721086313082713,0.692845241799913));
#7217=DIRECTION('',(-1.,-2.08062785724354E-16,0.));
#7218=DIRECTION('',(2.22543248900774E-32,-1.06959660338108E-16,1.));
#7219=DIRECTION('',(0.,-1.,-1.06959660338108E-16));
#7220=DIRECTION('',(-1.,-2.08062785724354E-16,0.));
#7221=DIRECTION('',(-1.44210337677907E-16,0.693109712896755,-0.720832106588058));
#7222=DIRECTION('',(0.,0.720832106588058,0.693109712896755));
#7223=DIRECTION('',(-1.,-2.08062785724354E-16,0.));
#7224=DIRECTION('',(1.49978336136266E-16,-0.720832106588059,-0.693109712896755));
#7225=DIRECTION('',(0.,0.693109712896755,-0.720832106588059));
#7226=DIRECTION('',(1.70979196421623E-16,-0.821767313296188,-0.569823203105985));
#7227=DIRECTION('',(0.,0.569823203105985,-0.821767313296188));
#7228=DIRECTION('',(-1.,-2.08062785724354E-16,0.));
#7229=DIRECTION('',(-1.,-2.08062785724354E-16,0.));
#7230=DIRECTION('',(0.,0.,1.));
#7231=DIRECTION('',(1.,0.,0.));
#7232=DIRECTION('',(-1.,-2.08062785724354E-16,0.));
#7233=DIRECTION('',(-1.71443315733004E-16,0.823997982801861,0.566592732338198));
#7234=DIRECTION('',(0.,-0.566592732338198,0.823997982801861));
#7235=DIRECTION('',(-1.,-2.08062785724354E-16,0.));
#7236=DIRECTION('',(0.,0.,-1.));
#7237=DIRECTION('',(-1.,0.,0.));
#7238=DIRECTION('',(-1.79622723074145E-16,0.863310189992903,0.504673672638485));
#7239=DIRECTION('',(0.,-0.504673672638485,0.863310189992904));
#7240=DIRECTION('',(-1.,-2.08062785724354E-16,0.));
#7241=DIRECTION('',(-1.,-2.08062785724354E-16,0.));
#7242=DIRECTION('',(0.,0.,-1.));
#7243=DIRECTION('',(-1.,0.,0.));
#7244=DIRECTION('',(-1.,-2.08062785724354E-16,0.));
#7245=DIRECTION('',(1.84596211622811E-16,-0.887213977166332,-0.461358167501887));
#7246=DIRECTION('',(0.,0.461358167501887,-0.887213977166332));
#7247=DIRECTION('',(-1.,-2.08062785724354E-16,0.));
#7248=DIRECTION('',(1.71933101646131E-31,-8.26352012194584E-16,1.));
#7249=DIRECTION('',(0.,-1.,-8.26352012194584E-16));
#7250=DIRECTION('',(2.48047805872756E-32,-1.19217766410844E-16,1.));
#7251=DIRECTION('',(0.,-1.,-1.19217766410844E-16));
#7252=DIRECTION('',(-1.,-2.08062785724354E-16,0.));
#7253=DIRECTION('',(-1.,-2.08062785724354E-16,0.));
#7254=DIRECTION('',(-1.58428925134165E-16,0.761447678317906,-0.648226374952663));
#7255=DIRECTION('',(0.,0.648226374952663,0.761447678317906));
#7256=DIRECTION('',(-1.,-2.08062785724354E-16,0.));
#7257=DIRECTION('',(1.48170807034156E-16,-0.712144685164675,-0.702032725299687));
#7258=DIRECTION('',(0.,0.702032725299687,-0.712144685164675));
#7259=DIRECTION('',(1.57377005933852E-16,-0.756391900579222,-0.654118714560401));
#7260=DIRECTION('',(0.,0.654118714560401,-0.756391900579223));
#7261=DIRECTION('',(-1.,-2.08062785724354E-16,0.));
#7262=DIRECTION('',(-1.,-2.08062785724354E-16,0.));
#7263=DIRECTION('',(-7.00376942750335E-32,3.36618074352906E-16,1.));
#7264=DIRECTION('',(0.,-1.,3.36618074352906E-16));
#7265=DIRECTION('',(-1.,-2.08062785724354E-16,0.));
#7266=DIRECTION('',(-1.59650919638461E-16,0.767320879044509,0.641263337937202));
#7267=DIRECTION('',(0.,-0.641263337937202,0.767320879044509));
#7268=DIRECTION('',(-1.,-2.08062785724354E-16,0.));
#7269=DIRECTION('',(0.,0.,-1.));
#7270=DIRECTION('',(-1.,0.,0.));
#7271=DIRECTION('',(0.687311139620981,1.52980884580707E-16,-0.726363130502167));
#7272=DIRECTION('',(-0.726363130502167,0.,-0.687311139620981));
#7273=DIRECTION('',(0.687311139620981,1.52980884580707E-16,-0.726363130502167));
#7274=DIRECTION('',(-0.726363130502167,-1.6167302961554E-16,-0.687311139620982));
#7275=DIRECTION('',(2.22578794030705E-16,-1.,0.));
#7276=DIRECTION('',(0.726363130502167,1.6167302961554E-16,0.687311139620981));
#7277=DIRECTION('',(2.22578794030705E-16,-1.,0.));
#7278=DIRECTION('',(0.,0.,-1.));
#7279=DIRECTION('',(-1.,0.,0.));
#7280=DIRECTION('',(2.22578794030705E-16,-1.,0.));
#7281=DIRECTION('',(0.700529448403031,1.55922999808542E-16,-0.713623494512439));
#7282=DIRECTION('',(-0.713623494512439,0.,-0.700529448403031));
#7283=DIRECTION('',(2.22578794030705E-16,-1.,0.));
#7284=DIRECTION('',(0.700529448403031,1.55922999808542E-16,-0.713623494512439));
#7285=DIRECTION('',(-0.713623494512439,-1.58837456800556E-16,-0.700529448403031));
#7286=DIRECTION('',(0.713623494512439,1.58837456800556E-16,0.700529448403031));
#7287=DIRECTION('',(1.,2.22578794030705E-16,0.));
#7288=DIRECTION('',(-2.22578794030705E-16,1.,0.));
#7289=DIRECTION('',(0.,0.,-1.));
#7290=DIRECTION('',(0.,0.,1.));
#7291=DIRECTION('',(0.,0.,1.));
#7292=DIRECTION('',(2.22578794030705E-16,-1.,0.));
#7293=DIRECTION('',(1.,2.22578794030705E-16,0.));
#7294=DIRECTION('',(2.22578794030705E-16,-1.,0.));
#7295=DIRECTION('',(1.,2.22578794030705E-16,0.));
#7296=DIRECTION('',(-1.76459107458148E-15,-3.92760553337691E-31,1.));
#7297=DIRECTION('',(1.,0.,1.76459107458148E-15));
#7298=DIRECTION('',(2.22578794030705E-16,-1.,0.));
#7299=DIRECTION('',(2.22578794030705E-16,-1.,0.));
#7300=DIRECTION('',(0.703428370659031,1.56568238428271E-16,-0.710766155181844));
#7301=DIRECTION('',(-0.710766155181844,0.,-0.703428370659031));
#7302=DIRECTION('',(0.703428370659031,1.56568238428271E-16,-0.710766155181844));
#7303=DIRECTION('',(-0.710766155181844,-1.58201473658216E-16,-0.703428370659031));
#7304=DIRECTION('',(2.22578794030705E-16,-1.,0.));
#7305=DIRECTION('',(0.710766155181844,1.58201473658216E-16,0.703428370659031));
#7306=DIRECTION('',(0.703428370659031,1.56568238428271E-16,-0.710766155181844));
#7307=DIRECTION('',(-0.710766155181844,0.,-0.703428370659031));
#7308=DIRECTION('',(0.710766155181844,1.58201473658216E-16,0.703428370659031));
#7309=DIRECTION('',(2.22578794030705E-16,-1.,0.));
#7310=DIRECTION('',(2.22578794030705E-16,-1.,0.));
#7311=DIRECTION('',(1.,2.22578794030705E-16,0.));
#7312=DIRECTION('',(-0.00195439502236369,-4.35006887137322E-19,-0.999998090168225));
#7313=DIRECTION('',(-0.692845241799913,-1.54212658369737E-16,0.721086313082713));
#7314=DIRECTION('',(0.721086313082713,0.,0.692845241799913));
#7315=DIRECTION('',(-0.692845241799913,-1.54212658369737E-16,0.721086313082713));
#7316=DIRECTION('',(-0.721086313082713,-1.60498521957998E-16,-0.692845241799913));
#7317=DIRECTION('',(2.22578794030705E-16,-1.,0.));
#7318=DIRECTION('',(-0.999998090168224,-2.22578368942652E-16,0.00195439502236369));
#7319=DIRECTION('',(0.00195439502236369,0.,0.999998090168225));
#7320=DIRECTION('',(-0.999998090168224,-2.22578368942652E-16,0.00195439502236369));
#7321=DIRECTION('',(-0.00195439502236369,-4.35006887137322E-19,-0.999998090168225));
#7322=DIRECTION('',(0.703428370659031,1.56568238428271E-16,-0.710766155181844));
#7323=DIRECTION('',(-0.710766155181844,0.,-0.703428370659031));
#7324=DIRECTION('',(2.22578794030705E-16,-1.,0.));
#7325=DIRECTION('',(2.22578794030705E-16,-1.,0.));
#7326=DIRECTION('',(-0.693109712896755,-1.54271524027528E-16,-0.720832106588058));
#7327=DIRECTION('',(-0.720832106588058,0.,0.693109712896755));
#7328=DIRECTION('',(2.22578794030705E-16,-1.,0.));
#7329=DIRECTION('',(2.22578794030705E-16,-1.,0.));
#7330=DIRECTION('',(0.720832106588059,1.60441940982982E-16,-0.693109712896755));
#7331=DIRECTION('',(-0.693109712896755,0.,-0.720832106588059));
#7332=DIRECTION('',(-0.692845241799912,-1.54212658369737E-16,0.721086313082713));
#7333=DIRECTION('',(0.721086313082713,0.,0.692845241799912));
#7334=DIRECTION('',(2.22578794030705E-16,-1.,0.));
#7335=DIRECTION('',(1.06959660338108E-16,2.38069522079898E-32,1.));
#7336=DIRECTION('',(1.,0.,-1.06959660338108E-16));
#7337=DIRECTION('',(2.22578794030705E-16,-1.,0.));
#7338=DIRECTION('',(1.,2.22578794030705E-16,0.));
#7339=DIRECTION('',(0.607277643553904,1.35167125544036E-16,-0.794489687560272));
#7340=DIRECTION('',(0.0225580964351798,5.02095390017065E-18,-0.999745533766078));
#7341=DIRECTION('',(0.602398004142884,1.34081021288627E-16,-0.798195868571537));
#7342=DIRECTION('',(-0.798195868571537,-1.77661473826944E-16,-0.602398004142884));
#7343=DIRECTION('',(-0.602398004142884,0.,0.798195868571537));
#7344=DIRECTION('',(-0.798195868571537,-1.77661473826944E-16,-0.602398004142884));
#7345=DIRECTION('',(0.602398004142884,1.34081021288627E-16,-0.798195868571537));
#7346=DIRECTION('',(2.22578794030705E-16,-1.,0.));
#7347=DIRECTION('',(2.22578794030705E-16,-1.,0.));
#7348=DIRECTION('',(2.78202591025357E-15,6.19219972066415E-31,-1.));
#7349=DIRECTION('',(-1.,0.,-2.78202591025357E-15));
#7350=DIRECTION('',(2.22578794030705E-16,-1.,0.));
#7351=DIRECTION('',(-0.794489687560271,-1.76836556526997E-16,-0.607277643553904));
#7352=DIRECTION('',(-0.607277643553904,0.,0.794489687560272));
#7353=DIRECTION('',(-0.794489687560271,-1.76836556526997E-16,-0.607277643553904));
#7354=DIRECTION('',(0.607277643553904,1.35167125544036E-16,-0.794489687560272));
#7355=DIRECTION('',(2.22578794030705E-16,-1.,0.));
#7356=DIRECTION('',(-0.999745533766078,-2.22522155243238E-16,-0.0225580964351798));
#7357=DIRECTION('',(-0.0225580964351798,0.,0.999745533766078));
#7358=DIRECTION('',(0.801313877707549,1.78355476540214E-16,-0.598244155335671));
#7359=DIRECTION('',(-0.598244155335671,0.,-0.80131387770755));
#7360=DIRECTION('',(2.22578794030705E-16,-1.,0.));
#7361=DIRECTION('',(2.22578794030705E-16,-1.,0.));
#7362=DIRECTION('',(1.55823793811719E-16,3.46830721079017E-32,1.));
#7363=DIRECTION('',(1.,0.,-1.55823793811719E-16));
#7364=DIRECTION('',(2.22578794030705E-16,-1.,0.));
#7365=DIRECTION('',(-0.835009540384398,-1.85855416502893E-16,-0.550235465475496));
#7366=DIRECTION('',(-0.550235465475496,0.,0.835009540384399));
#7367=DIRECTION('',(2.22578794030705E-16,-1.,0.));
#7368=DIRECTION('',(1.,2.22578794030705E-16,0.));
#7369=DIRECTION('',(0.712144685164675,1.58508305199329E-16,-0.702032725299687));
#7370=DIRECTION('',(-0.0420424727736426,-9.35776288802613E-18,0.999115824358256));
#7371=DIRECTION('',(-0.712144685164675,-1.58508305199329E-16,0.702032725299687));
#7372=DIRECTION('',(-1.,-2.22578794030705E-16,0.));
#7373=DIRECTION('',(0.,0.,1.));
#7374=DIRECTION('',(1.,0.,0.));
#7375=DIRECTION('',(2.22578794030705E-16,-1.,0.));
#7376=DIRECTION('',(2.22578794030705E-16,-1.,0.));
#7377=DIRECTION('',(-0.702032725299687,-1.56257597367293E-16,-0.712144685164675));
#7378=DIRECTION('',(-0.712144685164675,0.,0.702032725299687));
#7379=DIRECTION('',(-0.702032725299687,-1.56257597367293E-16,-0.712144685164675));
#7380=DIRECTION('',(0.712144685164675,1.58508305199329E-16,-0.702032725299687));
#7381=DIRECTION('',(2.22578794030705E-16,-1.,0.));
#7382=DIRECTION('',(0.999115824358256,2.22381995282654E-16,0.0420424727736426));
#7383=DIRECTION('',(0.0420424727736426,0.,-0.999115824358256));
#7384=DIRECTION('',(2.22578794030705E-16,-1.,0.));
#7385=DIRECTION('',(0.702032725299687,1.56257597367293E-16,0.712144685164675));
#7386=DIRECTION('',(0.712144685164675,0.,-0.702032725299687));
#7387=DIRECTION('',(0.702032725299687,1.56257597367293E-16,0.712144685164675));
#7388=DIRECTION('',(0.712144685164675,1.58508305199329E-16,-0.702032725299687));
#7389=DIRECTION('',(-1.56327291462505E-15,-3.47951400078111E-31,1.));
#7390=DIRECTION('',(1.,0.,1.56327291462505E-15));
#7391=DIRECTION('',(2.22578794030705E-16,-1.,0.));
#7392=DIRECTION('',(2.22578794030705E-16,-1.,0.));
#7393=DIRECTION('',(-0.69620710369132,-1.54960937535224E-16,-0.717840977354834));
#7394=DIRECTION('',(-0.717840977354834,0.,0.69620710369132));
#7395=DIRECTION('',(2.22578794030705E-16,-1.,0.));
#7396=DIRECTION('',(-5.42101086242751E-16,-1.20660206018647E-31,-1.));
#7397=DIRECTION('',(-1.,0.,5.42101086242751E-16));
#7398=DIRECTION('',(2.22578794030705E-16,-1.,0.));
#7399=DIRECTION('',(0.705912679542259,1.571211929035E-16,0.708298869730474));
#7400=DIRECTION('',(0.708298869730474,0.,-0.70591267954226));
#7401=DIRECTION('',(8.67361737988403E-16,1.93056329629835E-31,-1.));
#7402=DIRECTION('',(-1.,0.,-8.67361737988403E-16));
#7403=DIRECTION('',(2.22578794030705E-16,-1.,0.));
#7404=DIRECTION('',(2.22578794030705E-16,-1.,0.));
#7405=DIRECTION('',(-0.753050089595178,-1.67612980786809E-16,-0.657963192405695));
#7406=DIRECTION('',(-0.657963192405695,0.,0.753050089595178));
#7407=DIRECTION('',(2.22578794030705E-16,-1.,0.));
#7408=DIRECTION('',(-3.25260651745651E-16,-7.23961236111883E-32,-1.));
#7409=DIRECTION('',(-1.,0.,3.25260651745651E-16));
#7410=DIRECTION('',(2.22578794030705E-16,-1.,0.));
#7411=DIRECTION('',(-0.753050089595178,-1.67612980786809E-16,-0.657963192405695));
#7412=DIRECTION('',(-0.657963192405696,0.,0.753050089595178));
#7413=DIRECTION('',(0.821767313296188,1.82907977567318E-16,-0.569823203105985));
#7414=DIRECTION('',(-0.569823203105985,0.,-0.821767313296188));
#7415=DIRECTION('',(2.22578794030705E-16,-1.,0.));
#7416=DIRECTION('',(2.22578794030705E-16,-1.,0.));
#7417=DIRECTION('',(0.,0.,1.));
#7418=DIRECTION('',(1.,0.,0.));
#7419=DIRECTION('',(2.22578794030705E-16,-1.,0.));
#7420=DIRECTION('',(-0.823997982801861,-1.83404477295772E-16,0.566592732338198));
#7421=DIRECTION('',(0.566592732338198,0.,0.823997982801861));
#7422=DIRECTION('',(2.22578794030705E-16,-1.,0.));
#7423=DIRECTION('',(0.,0.,-1.));
#7424=DIRECTION('',(-1.,0.,0.));
#7425=DIRECTION('',(-0.863310189992903,-1.92154540963039E-16,0.504673672638485));
#7426=DIRECTION('',(0.504673672638485,0.,0.863310189992904));
#7427=DIRECTION('',(2.22578794030705E-16,-1.,0.));
#7428=DIRECTION('',(2.22578794030705E-16,-1.,0.));
#7429=DIRECTION('',(0.,0.,-1.));
#7430=DIRECTION('',(-1.,0.,0.));
#7431=DIRECTION('',(2.22578794030705E-16,-1.,0.));
#7432=DIRECTION('',(0.887213977166332,1.97475017084867E-16,-0.461358167501887));
#7433=DIRECTION('',(-0.461358167501887,0.,-0.887213977166332));
#7434=DIRECTION('',(2.22578794030705E-16,-1.,0.));
#7435=DIRECTION('',(8.26352012194584E-16,1.83928434319117E-31,1.));
#7436=DIRECTION('',(1.,0.,-8.26352012194584E-16));
#7437=DIRECTION('',(2.38435532821689E-16,5.307069334952E-32,1.));
#7438=DIRECTION('',(1.,0.,-2.38435532821689E-16));
#7439=DIRECTION('',(2.22578794030705E-16,-1.,0.));
#7440=DIRECTION('',(2.22578794030705E-16,-1.,0.));
#7441=DIRECTION('',(-0.761447678317906,-1.69482105957479E-16,-0.648226374952663));
#7442=DIRECTION('',(-0.648226374952663,0.,0.761447678317906));
#7443=DIRECTION('',(2.22578794030705E-16,-1.,0.));
#7444=DIRECTION('',(0.712144685164675,1.58508305199329E-16,-0.702032725299687));
#7445=DIRECTION('',(-0.702032725299687,0.,-0.712144685164676));
#7446=DIRECTION('',(0.756391900579223,1.68356797045516E-16,-0.654118714560401));
#7447=DIRECTION('',(-0.654118714560401,0.,-0.756391900579223));
#7448=DIRECTION('',(2.22578794030705E-16,-1.,0.));
#7449=DIRECTION('',(2.22578794030705E-16,-1.,0.));
#7450=DIRECTION('',(-3.36618074352906E-16,-7.49240450384079E-32,1.));
#7451=DIRECTION('',(1.,0.,3.36618074352906E-16));
#7452=DIRECTION('',(2.22578794030705E-16,-1.,0.));
#7453=DIRECTION('',(-0.767320879044509,-1.70789355892307E-16,0.641263337937202));
#7454=DIRECTION('',(0.641263337937202,0.,0.76732087904451));
#7455=DIRECTION('',(2.22578794030705E-16,-1.,0.));
#7456=DIRECTION('',(-1.4786017850494E-15,-3.29105402167943E-31,-1.));
#7457=DIRECTION('',(-1.,0.,1.4786017850494E-15));
#7458=DIRECTION('',(0.,0.,-1.));
#7459=DIRECTION('',(-1.,0.,0.));
#7460=DIRECTION('',(0.,0.,-1.));
#7461=DIRECTION('',(-1.,0.,0.));
#7462=DIRECTION('',(2.22578794030705E-16,-1.,0.));
#7463=DIRECTION('',(1.,2.22578794030705E-16,0.));
#7464=DIRECTION('',(2.22578794030705E-16,-1.,0.));
#7465=DIRECTION('',(2.22578794030705E-16,-1.,0.));
#7466=DIRECTION('',(-0.643222792748291,-1.43167753502977E-16,-0.765679070426434));
#7467=DIRECTION('',(-0.765679070426435,0.,0.643222792748291));
#7468=DIRECTION('',(-0.643222792748291,-1.43167753502977E-16,-0.765679070426434));
#7469=DIRECTION('',(0.765679070426435,1.70423924110067E-16,-0.643222792748291));
#7470=DIRECTION('',(2.22578794030705E-16,-1.,0.));
#7471=DIRECTION('',(0.765679070426435,1.70423924110067E-16,-0.643222792748291));
#7472=DIRECTION('',(0.999745533766078,2.22522155243237E-16,0.0225580964351825));
#7473=DIRECTION('',(0.0225580964351825,0.,-0.999745533766078));
#7474=DIRECTION('',(-0.0225580964351825,-5.02095390017126E-18,0.999745533766078));
#7475=DIRECTION('',(2.22578794030705E-16,-1.,0.));
#7476=DIRECTION('',(1.,2.22578794030705E-16,0.));
#7477=DIRECTION('',(0.,0.,1.));
#7478=DIRECTION('',(1.,0.,0.));
#7479=DIRECTION('',(-2.22578794030705E-16,1.,0.));
#7480=DIRECTION('',(-2.22578794030705E-16,1.,0.));
#7481=DIRECTION('',(-1.,-2.22578794030705E-16,0.));
#7482=DIRECTION('',(2.22578794030705E-16,-1.,0.));
#7483=DIRECTION('',(-2.22578794030705E-16,1.,0.));
#7484=DIRECTION('',(-1.,-2.22578794030705E-16,0.));
#7485=DIRECTION('',(2.22578794030705E-16,-1.,0.));
#7486=DIRECTION('',(-2.22578794030705E-16,1.,0.));
#7487=DIRECTION('',(-1.,-2.22578794030705E-16,0.));
#7488=DIRECTION('',(2.22578794030705E-16,-1.,0.));
#7489=DIRECTION('',(0.,0.,1.));
#7490=DIRECTION('',(-2.22578794030705E-16,1.,0.));
#7491=DIRECTION('',(-2.22578794030705E-16,1.,0.));
#7492=DIRECTION('',(0.,0.,1.));
#7493=DIRECTION('',(-0.700529448403031,-1.55922999808541E-16,-0.713623494512439));
#7494=DIRECTION('',(-0.713623494512439,0.,0.700529448403031));
#7495=DIRECTION('',(-0.700529448403031,-1.55922999808541E-16,-0.713623494512439));
#7496=DIRECTION('',(0.713623494512439,1.58837456800556E-16,-0.700529448403031));
#7497=DIRECTION('',(-0.713623494512439,-1.58837456800556E-16,0.700529448403031));
#7498=DIRECTION('',(-0.713623494512439,-1.58837456800556E-16,0.700529448403031));
#7499=DIRECTION('',(-2.22578794030705E-16,1.,0.));
#7500=DIRECTION('',(-2.22578794030705E-16,1.,0.));
#7501=DIRECTION('',(-1.,-2.22578794030705E-16,0.));
#7502=DIRECTION('',(-2.22578794030705E-16,1.,0.));
#7503=DIRECTION('',(-1.,-2.22578794030705E-16,0.));
#7504=DIRECTION('',(-0.72636313050217,-1.6167302961554E-16,0.687311139620978));
#7505=DIRECTION('',(-0.687311139620978,-1.52980884580707E-16,-0.72636313050217));
#7506=DIRECTION('',(-0.72636313050217,0.,0.687311139620978));
#7507=DIRECTION('',(-0.687311139620978,-1.52980884580707E-16,-0.72636313050217));
#7508=DIRECTION('',(0.72636313050217,1.6167302961554E-16,-0.687311139620978));
#7509=DIRECTION('',(-2.22578794030705E-16,1.,0.));
#7510=DIRECTION('',(0.,0.,-1.));
#7511=DIRECTION('',(-1.,0.,0.));
#7512=DIRECTION('',(-3.52918214916295E-15,-7.85521106675382E-31,1.));
#7513=DIRECTION('',(1.,0.,3.52918214916295E-15));
#7514=DIRECTION('',(-2.22578794030705E-16,1.,0.));
#7515=DIRECTION('',(-2.22578794030705E-16,1.,0.));
#7516=DIRECTION('',(-0.703428370659031,-1.56568238428271E-16,-0.710766155181844));
#7517=DIRECTION('',(-0.710766155181844,0.,0.703428370659031));
#7518=DIRECTION('',(-0.703428370659031,-1.56568238428271E-16,-0.710766155181844));
#7519=DIRECTION('',(0.710766155181844,1.58201473658216E-16,-0.703428370659031));
#7520=DIRECTION('',(-2.22578794030705E-16,1.,0.));
#7521=DIRECTION('',(-0.710766155181844,-1.58201473658216E-16,0.703428370659031));
#7522=DIRECTION('',(-0.703428370659031,-1.56568238428271E-16,-0.710766155181844));
#7523=DIRECTION('',(-0.710766155181844,0.,0.703428370659031));
#7524=DIRECTION('',(-0.710766155181844,-1.58201473658216E-16,0.703428370659031));
#7525=DIRECTION('',(-2.22578794030705E-16,1.,0.));
#7526=DIRECTION('',(-2.22578794030705E-16,1.,0.));
#7527=DIRECTION('',(-1.,-2.22578794030705E-16,0.));
#7528=DIRECTION('',(0.00195439502236369,4.35006887137321E-19,-0.999998090168225));
#7529=DIRECTION('',(0.692845241799913,1.54212658369736E-16,0.721086313082713));
#7530=DIRECTION('',(0.721086313082713,0.,-0.692845241799913));
#7531=DIRECTION('',(0.692845241799913,1.54212658369736E-16,0.721086313082713));
#7532=DIRECTION('',(0.721086313082713,1.60498521957998E-16,-0.692845241799913));
#7533=DIRECTION('',(-2.22578794030705E-16,1.,0.));
#7534=DIRECTION('',(0.999998090168224,2.22578368942652E-16,0.00195439502236369));
#7535=DIRECTION('',(0.00195439502236369,0.,-0.999998090168225));
#7536=DIRECTION('',(-2.22578794030705E-16,1.,0.));
#7537=DIRECTION('',(-1.,-2.22578794030705E-16,0.));
#7538=DIRECTION('',(-0.712144685164698,-1.58508305199334E-16,-0.702032725299664));
#7539=DIRECTION('',(0.712144685164718,1.58508305199339E-16,0.702032725299644));
#7540=DIRECTION('',(0.702032725299664,1.56257597367288E-16,-0.712144685164698));
#7541=DIRECTION('',(-0.712144685164698,0.,-0.702032725299664));
#7542=DIRECTION('',(-2.22578794030705E-16,1.,0.));
#7543=DIRECTION('',(0.702032725299664,1.56257597367288E-16,-0.712144685164698));
#7544=DIRECTION('',(-0.712144685164698,-1.58508305199334E-16,-0.702032725299664));
#7545=DIRECTION('',(-2.22578794030705E-16,1.,0.));
#7546=DIRECTION('',(-0.702032725299644,-1.56257597367284E-16,0.712144685164717));
#7547=DIRECTION('',(0.712144685164718,0.,0.702032725299644));
#7548=DIRECTION('',(-0.702032725299644,-1.56257597367284E-16,0.712144685164717));
#7549=DIRECTION('',(-0.712144685164718,-1.58508305199339E-16,-0.702032725299644));
#7550=DIRECTION('',(-2.22578794030705E-16,1.,0.));
#7551=DIRECTION('',(-2.22578794030705E-16,1.,0.));
#7552=DIRECTION('',(0.,0.,1.));
#7553=DIRECTION('',(1.,0.,0.));
#7554=DIRECTION('',(-0.999115824358256,-2.22381995282654E-16,0.0420424727736453));
#7555=DIRECTION('',(0.0420424727736453,0.,0.999115824358256));
#7556=DIRECTION('',(-0.999115824358256,-2.22381995282654E-16,0.0420424727736453));
#7557=DIRECTION('',(-0.0420424727736453,-9.35776288802673E-18,-0.999115824358256));
#7558=DIRECTION('',(-2.22578794030705E-16,1.,0.));
#7559=DIRECTION('',(-1.,-2.22578794030705E-16,0.));
#7560=DIRECTION('',(-0.607277643553912,-1.35167125544038E-16,-0.794489687560265));
#7561=DIRECTION('',(-0.0225580964351797,-5.02095390017065E-18,-0.999745533766078));
#7562=DIRECTION('',(-0.602398004142895,-1.34081021288629E-16,-0.798195868571528));
#7563=DIRECTION('',(0.798195868571528,1.77661473826942E-16,-0.602398004142895));
#7564=DIRECTION('',(-0.602398004142895,0.,-0.798195868571528));
#7565=DIRECTION('',(0.798195868571528,1.77661473826942E-16,-0.602398004142895));
#7566=DIRECTION('',(-0.602398004142895,-1.34081021288629E-16,-0.798195868571528));
#7567=DIRECTION('',(-2.22578794030705E-16,1.,0.));
#7568=DIRECTION('',(-2.22578794030705E-16,1.,0.));
#7569=DIRECTION('',(0.794489687560265,1.76836556526995E-16,-0.607277643553912));
#7570=DIRECTION('',(-0.607277643553912,0.,-0.794489687560265));
#7571=DIRECTION('',(0.794489687560265,1.76836556526995E-16,-0.607277643553912));
#7572=DIRECTION('',(-0.607277643553912,-1.35167125544038E-16,-0.794489687560265));
#7573=DIRECTION('',(-2.22578794030705E-16,1.,0.));
#7574=DIRECTION('',(-2.22578794030705E-16,1.,0.));
#7575=DIRECTION('',(0.999745533766078,2.22522155243237E-16,-0.0225580964351797));
#7576=DIRECTION('',(-0.0225580964351797,0.,-0.999745533766078));
#7577=DIRECTION('',(0.999745533766078,2.22522155243237E-16,-0.0225580964351797));
#7578=DIRECTION('',(-0.0225580964351797,-5.02095390017065E-18,-0.999745533766078));
#7579=DIRECTION('',(2.78202591025357E-15,6.19219972066415E-31,-1.));
#7580=DIRECTION('',(-1.,0.,-2.78202591025357E-15));
#7581=DIRECTION('',(-0.70342837065903,-1.5656823842827E-16,-0.710766155181845));
#7582=DIRECTION('',(-0.710766155181845,0.,0.70342837065903));
#7583=DIRECTION('',(-2.22578794030705E-16,1.,0.));
#7584=DIRECTION('',(-2.22578794030705E-16,1.,0.));
#7585=DIRECTION('',(0.693109712896755,1.54271524027528E-16,-0.720832106588058));
#7586=DIRECTION('',(-0.720832106588058,0.,-0.693109712896755));
#7587=DIRECTION('',(-2.22578794030705E-16,1.,0.));
#7588=DIRECTION('',(-2.22578794030705E-16,1.,0.));
#7589=DIRECTION('',(-0.720832106588058,-1.60441940982982E-16,-0.693109712896755));
#7590=DIRECTION('',(-0.693109712896755,0.,0.720832106588058));
#7591=DIRECTION('',(0.692845241799913,1.54212658369736E-16,0.721086313082713));
#7592=DIRECTION('',(0.721086313082713,0.,-0.692845241799913));
#7593=DIRECTION('',(-2.22578794030705E-16,1.,0.));
#7594=DIRECTION('',(-1.06959660338108E-16,-2.38069522079898E-32,1.));
#7595=DIRECTION('',(1.,0.,1.06959660338108E-16));
#7596=DIRECTION('',(3.36618074352905E-16,7.49240450384079E-32,1.));
#7597=DIRECTION('',(1.,0.,-3.36618074352905E-16));
#7598=DIRECTION('',(-2.22578794030705E-16,1.,0.));
#7599=DIRECTION('',(-2.22578794030705E-16,1.,0.));
#7600=DIRECTION('',(0.,0.,-1.));
#7601=DIRECTION('',(-1.,0.,0.));
#7602=DIRECTION('',(-2.22578794030705E-16,1.,0.));
#7603=DIRECTION('',(-2.22578794030705E-16,1.,0.));
#7604=DIRECTION('',(-0.75639190057922,-1.68356797045516E-16,-0.654118714560404));
#7605=DIRECTION('',(-0.654118714560404,0.,0.75639190057922));
#7606=DIRECTION('',(0.767320879044507,1.70789355892307E-16,0.641263337937204));
#7607=DIRECTION('',(0.641263337937204,0.,-0.767320879044507));
#7608=DIRECTION('',(-0.801313877707545,-1.78355476540213E-16,-0.598244155335677));
#7609=DIRECTION('',(-0.598244155335677,0.,0.801313877707545));
#7610=DIRECTION('',(-2.22578794030705E-16,1.,0.));
#7611=DIRECTION('',(-2.22578794030705E-16,1.,0.));
#7612=DIRECTION('',(-1.55823793811719E-16,-3.46830721079017E-32,1.));
#7613=DIRECTION('',(1.,0.,1.55823793811719E-16));
#7614=DIRECTION('',(-2.22578794030705E-16,1.,0.));
#7615=DIRECTION('',(0.835009540384401,1.85855416502893E-16,-0.550235465475492));
#7616=DIRECTION('',(-0.550235465475492,0.,-0.835009540384401));
#7617=DIRECTION('',(-0.821767313296185,-1.82907977567317E-16,-0.569823203105989));
#7618=DIRECTION('',(-0.56982320310599,0.,0.821767313296185));
#7619=DIRECTION('',(-2.22578794030705E-16,1.,0.));
#7620=DIRECTION('',(-2.22578794030705E-16,1.,0.));
#7621=DIRECTION('',(0.,0.,1.));
#7622=DIRECTION('',(1.,0.,0.));
#7623=DIRECTION('',(-2.22578794030705E-16,1.,0.));
#7624=DIRECTION('',(0.823997982801859,1.83404477295771E-16,0.5665927323382));
#7625=DIRECTION('',(0.5665927323382,0.,-0.823997982801859));
#7626=DIRECTION('',(-2.22578794030705E-16,1.,0.));
#7627=DIRECTION('',(0.,0.,-1.));
#7628=DIRECTION('',(-1.,0.,0.));
#7629=DIRECTION('',(0.863310189992902,1.92154540963039E-16,0.504673672638488));
#7630=DIRECTION('',(0.504673672638488,0.,-0.863310189992902));
#7631=DIRECTION('',(-2.22578794030705E-16,1.,0.));
#7632=DIRECTION('',(-2.22578794030705E-16,1.,0.));
#7633=DIRECTION('',(0.,0.,-1.));
#7634=DIRECTION('',(-1.,0.,0.));
#7635=DIRECTION('',(-2.22578794030705E-16,1.,0.));
#7636=DIRECTION('',(-0.887213977166327,-1.97475017084866E-16,-0.461358167501897));
#7637=DIRECTION('',(-0.461358167501897,0.,0.887213977166327));
#7638=DIRECTION('',(-2.22578794030705E-16,1.,0.));
#7639=DIRECTION('',(-8.26352012194584E-16,-1.83928434319117E-31,1.));
#7640=DIRECTION('',(1.,0.,8.26352012194584E-16));
#7641=DIRECTION('',(-0.756817411975714,-1.68451506858994E-16,-0.653626349629804));
#7642=DIRECTION('',(-0.653626349629804,0.,0.756817411975714));
#7643=DIRECTION('',(-2.22578794030705E-16,1.,0.));
#7644=DIRECTION('',(-2.22578794030705E-16,1.,0.));
#7645=DIRECTION('',(0.,0.,1.));
#7646=DIRECTION('',(1.,0.,0.));
#7647=DIRECTION('',(-2.22578794030705E-16,1.,0.));
#7648=DIRECTION('',(-0.789292203480856,-1.75679706788607E-16,0.614017766456586));
#7649=DIRECTION('',(0.614017766456586,0.,0.789292203480856));
#7650=DIRECTION('',(-2.22578794030705E-16,1.,0.));
#7651=DIRECTION('',(0.736139760167485,1.63849100056131E-16,-0.6768295601557));
#7652=DIRECTION('',(-0.6768295601557,0.,-0.736139760167485));
#7653=DIRECTION('',(-0.832529537579817,-1.85303420469456E-16,-0.553980657656146));
#7654=DIRECTION('',(-0.553980657656146,0.,0.832529537579818));
#7655=DIRECTION('',(-0.799665143587569,-1.77988503288111E-16,0.600446215852072));
#7656=DIRECTION('',(0.600446215852072,0.,0.799665143587569));
#7657=DIRECTION('',(-2.22578794030705E-16,1.,0.));
#7658=DIRECTION('',(-2.22578794030705E-16,1.,0.));
#7659=DIRECTION('',(-1.56327291462505E-15,-3.47951400078111E-31,1.));
#7660=DIRECTION('',(1.,0.,1.56327291462505E-15));
#7661=DIRECTION('',(-2.22578794030705E-16,1.,0.));
#7662=DIRECTION('',(0.798015284136464,1.77621279561164E-16,-0.602637209508837));
#7663=DIRECTION('',(-0.602637209508837,0.,-0.798015284136465));
#7664=DIRECTION('',(-2.22578794030705E-16,1.,0.));
#7665=DIRECTION('',(0.,0.,-1.));
#7666=DIRECTION('',(-1.,0.,0.));
#7667=DIRECTION('',(0.,0.,-1.));
#7668=DIRECTION('',(-1.,0.,0.));
#7669=DIRECTION('',(0.,0.,-1.));
#7670=DIRECTION('',(-1.,0.,0.));
#7671=DIRECTION('',(-2.22578794030705E-16,1.,0.));
#7672=DIRECTION('',(-2.22578794030705E-16,1.,0.));
#7673=DIRECTION('',(-1.,-2.22578794030705E-16,0.));
#7674=DIRECTION('',(0.643222792748197,1.43167753502956E-16,-0.765679070426514));
#7675=DIRECTION('',(-0.765679070426514,0.,-0.643222792748197));
#7676=DIRECTION('',(-2.22578794030705E-16,1.,0.));
#7677=DIRECTION('',(0.643222792748197,1.43167753502956E-16,-0.765679070426514));
#7678=DIRECTION('',(-0.765679070426514,-1.70423924110085E-16,-0.643222792748197));
#7679=DIRECTION('',(-0.765679070426514,-1.70423924110085E-16,-0.643222792748197));
#7680=DIRECTION('',(-0.999745533766078,-2.22522155243237E-16,0.0225580964351825));
#7681=DIRECTION('',(0.0225580964351826,0.,0.999745533766078));
#7682=DIRECTION('',(-0.999745533766078,-2.22522155243237E-16,0.0225580964351825));
#7683=DIRECTION('',(-0.0225580964351826,-5.02095390017127E-18,-0.999745533766078));
#7684=DIRECTION('',(-2.22578794030705E-16,1.,0.));
#7685=DIRECTION('',(-1.,-2.22578794030705E-16,0.));
#7686=DIRECTION('',(0.,0.,-1.));
#7687=DIRECTION('',(-1.,0.,0.));
#7688=DIRECTION('',(0.,0.,-1.));
#7689=DIRECTION('',(-1.,0.,0.));
#7690=DIRECTION('',(0.,0.,-1.));
#7691=DIRECTION('',(-1.,0.,0.));
#7692=DIRECTION('',(0.,0.,-1.));
#7693=DIRECTION('',(-1.,0.,0.));
#7694=DIRECTION('',(0.,0.,-1.));
#7695=DIRECTION('',(-1.,0.,0.));
#7696=DIRECTION('',(0.,0.,-1.));
#7697=DIRECTION('',(-1.,0.,0.));
#7698=DIRECTION('',(0.,0.,-1.));
#7699=DIRECTION('',(-1.,0.,0.));
#7700=DIRECTION('',(0.,0.,-1.));
#7701=DIRECTION('',(-1.,0.,0.));
#7702=CARTESIAN_POINT('',(0.,0.,0.));
#7703=CARTESIAN_POINT('',(-0.0605650059814014,-0.0607,0.0142250036980656));
#7704=CARTESIAN_POINT('',(-0.0605650059814014,-0.065071458858981,0.026988));
#7705=CARTESIAN_POINT('',(-0.0605650059814014,-0.065071458858981,0.0162250036980656));
#7706=CARTESIAN_POINT('',(-0.0605650059814014,-0.065071458858981,0.0122250036980656));
#7707=CARTESIAN_POINT('',(-0.0605650059814014,-0.0607,0.0162250036980656));
#7708=CARTESIAN_POINT('',(-0.0605650059814014,-0.0667,0.0162250036980656));
#7709=CARTESIAN_POINT('',(-0.0605650059814014,-0.0667,0.0142250036980656));
#7710=CARTESIAN_POINT('',(-0.0605650059814014,-0.0667,0.0122250036980656));
#7711=CARTESIAN_POINT('',(-0.0605650059814014,-0.0607,0.0122250036980656));
#7712=CARTESIAN_POINT('',(-0.0605612494464907,-0.0607,0.00630291134041518));
#7713=CARTESIAN_POINT('',(-0.0605650059814014,-0.0607,0.00438081898276478));
#7714=CARTESIAN_POINT('',(-0.0605650059814014,-0.065071458858981,0.00438081898276478));
#7715=CARTESIAN_POINT('',(-0.0605650059814014,-0.0667,0.00438081898276478));
#7716=CARTESIAN_POINT('',(-0.0599906630814076,-0.0645916759967804,0.298252731530351));
#7717=CARTESIAN_POINT('',(-0.06055749291158,-0.0650803121653776,0.00822500369806558));
#7718=CARTESIAN_POINT('',(-0.06055749291158,-0.0607,0.00822500369806558));
#7719=CARTESIAN_POINT('',(-0.06055749291158,-0.0667,0.00822500369806558));
#7720=CARTESIAN_POINT('',(-0.0605612494464907,-0.0667,0.00630291134041518));
#7721=CARTESIAN_POINT('',(-0.06027987876777,0.0607,0.013511455883431));
#7722=CARTESIAN_POINT('',(-0.0603331599410114,0.0607,0.0122452586354117));
#7723=CARTESIAN_POINT('',(-0.0603331599410114,0.0607,0.0122452586354117));
#7724=CARTESIAN_POINT('',(-0.0603331599410114,0.0638974477713384,0.0122452586354117));
#7725=CARTESIAN_POINT('',(-0.0600909739732742,0.0646055489778519,0.018000672549967));
#7726=CARTESIAN_POINT('',(-0.0602265975945285,0.0638695682749849,0.0147776531314503));
#7727=CARTESIAN_POINT('',(-0.0602265975945285,0.0607,0.0147776531314503));
#7728=CARTESIAN_POINT('',(-0.0602265975945285,0.0607,0.0147776531314503));
#7729=CARTESIAN_POINT('',(-0.06027987876777,0.0607,0.013511455883431));
#7730=CARTESIAN_POINT('',(-0.0604758017926191,0.0607,0.00373324675821191));
#7731=CARTESIAN_POINT('',(-0.0600909739732742,0.0646055489778519,0.0207883158667471));
#7732=CARTESIAN_POINT('',(-0.06051187758784,0.0652243393372468,0.00213441437211918));
#7733=CARTESIAN_POINT('',(-0.0604397259973982,0.0652676920041718,0.00533207914430461));
#7734=CARTESIAN_POINT('',(-0.06051187758784,0.0607,0.00213441437211918));
#7735=CARTESIAN_POINT('',(-0.06051187758784,0.0667,0.00213441437211918));
#7736=CARTESIAN_POINT('',(-0.0604758017926191,0.0667,0.00373324675821191));
#7737=CARTESIAN_POINT('',(-0.0604397259973982,0.0667,0.00533207914430461));
#7738=CARTESIAN_POINT('',(-0.0604397259973982,0.0607,0.00533207914430461));
#7739=CARTESIAN_POINT('',(-0.0601691611951186,0.0607,0.0173231597503557));
#7740=CARTESIAN_POINT('',(-0.0601838800960544,0.0607,0.0166708371789555));
#7741=CARTESIAN_POINT('',(-0.0601838800960544,0.0607,0.0166708371789555));
#7742=CARTESIAN_POINT('',(-0.0601838800960544,0.0638629657744432,0.0166708371789555));
#7743=CARTESIAN_POINT('',(-0.0600909739732742,0.0646055489778519,0.020788315866746));
#7744=CARTESIAN_POINT('',(-0.0601544422941828,0.0638598726848965,0.0179754823217559));
#7745=CARTESIAN_POINT('',(-0.0601544422941828,0.0607,0.0179754823217559));
#7746=CARTESIAN_POINT('',(-0.0601544422941828,0.0607,0.0179754823217559));
#7747=CARTESIAN_POINT('',(-0.0601691611951186,0.0607,0.0173231597503557));
#7748=CARTESIAN_POINT('',(-2.08166817117217E-17,0.0667,0.02));
#7749=CARTESIAN_POINT('',(-0.0258024731248124,0.0667,0.00213441437211921));
#7750=CARTESIAN_POINT('',(-0.0231917735950672,0.0667,0.00213441437211919));
#7751=CARTESIAN_POINT('',(-0.0284131726545576,0.0667,0.00213441437211918));
#7752=CARTESIAN_POINT('',(-0.0278219575274061,0.0667,0.0100549483469375));
#7753=CARTESIAN_POINT('',(-0.0324521414597449,0.0667,0.0179754823217559));
#7754=CARTESIAN_POINT('',(-0.0345513963176955,0.0667,0.0179754823217559));
#7755=CARTESIAN_POINT('',(-0.0366506511756461,0.0667,0.0179754823217559));
#7756=CARTESIAN_POINT('',(-0.032531911915102,0.0667,0.0100549483469375));
#7757=CARTESIAN_POINT('',(-0.0544577232253248,0.0667,0.0100549483469375));
#7758=CARTESIAN_POINT('',(-0.0484035688628095,0.0667,0.0179754823217557));
#7759=CARTESIAN_POINT('',(-0.0496506625506026,0.0667,0.0179754823217557));
#7760=CARTESIAN_POINT('',(-0.0508977562383956,0.0667,0.0179754823217557));
#7761=CARTESIAN_POINT('',(-0.0556687411178968,0.0667,0.0116537807330302));
#7762=CARTESIAN_POINT('',(0.0502254881781775,0.0667,0.00894558847052145));
#7763=CARTESIAN_POINT('',(0.0552579393458802,0.0667,0.00396509115855736));
#7764=CARTESIAN_POINT('',(0.0431585252553048,0.0667,0.0159395937113482));
#7765=CARTESIAN_POINT('',(0.042179729945445,0.0667,0.016957538016552));
#7766=CARTESIAN_POINT('',(0.0412009346355853,0.0667,0.0179754823217559));
#7767=CARTESIAN_POINT('',(0.0329636020976974,0.0667,0.0100549483469376));
#7768=CARTESIAN_POINT('',(0.0247262695598094,0.0667,0.0021344143721192));
#7769=CARTESIAN_POINT('',(0.040944752962741,0.0667,0.0021344143721192));
#7770=CARTESIAN_POINT('',(0.0571632363656727,0.0667,0.00213441437211921));
#7771=CARTESIAN_POINT('',(0.0562105878557765,0.0667,0.00304975276533828));
#7772=CARTESIAN_POINT('',(-0.0131655168701988,0.0667,0.0100549483469375));
#7773=CARTESIAN_POINT('',(-0.00631593334309764,0.0667,0.00213441437211921));
#7774=CARTESIAN_POINT('',(-0.0200151003972999,0.0667,0.0179754823217559));
#7775=CARTESIAN_POINT('',(-0.0223615380839268,0.0667,0.0179754823217559));
#7776=CARTESIAN_POINT('',(-0.0247079757705537,0.0667,0.0179754823217559));
#7777=CARTESIAN_POINT('',(-0.0180886484543704,0.0667,0.0100549483469375));
#7778=CARTESIAN_POINT('',(-0.0114693211381872,0.0667,0.00213441437211921));
#7779=CARTESIAN_POINT('',(-0.00889262724064241,0.0667,0.00213441437211921));
#7780=CARTESIAN_POINT('',(0.0126611424685597,0.0667,0.00973223351926096));
#7781=CARTESIAN_POINT('',(0.0135521488264203,0.0667,0.0107013182714581));
#7782=CARTESIAN_POINT('',(0.0117701361106991,0.0667,0.00876314876706377));
#7783=CARTESIAN_POINT('',(0.0163815610157876,0.0667,0.014338400296607));
#7784=CARTESIAN_POINT('',(0.0192109732051549,0.0667,0.0179754823217559));
#7785=CARTESIAN_POINT('',(0.00197924293301675,0.0667,0.0179754823217559));
#7786=CARTESIAN_POINT('',(-0.00916082679484512,0.0667,0.0179754823217558));
#7787=CARTESIAN_POINT('',(-0.00601965613758428,0.0667,0.014338400296607));
#7788=CARTESIAN_POINT('',(-0.00287848548032343,0.0667,0.0107013182714581));
#7789=CARTESIAN_POINT('',(-0.00223363843993207,0.0667,0.00973223351926096));
#7790=CARTESIAN_POINT('',(-0.0015887913995407,0.0667,0.00876314876706377));
#7791=CARTESIAN_POINT('',(-0.0015887913995407,0.0667,0.00495433869337109));
#7792=CARTESIAN_POINT('',(-0.0015887913995407,0.0667,0.0011455286196784));
#7793=CARTESIAN_POINT('',(0.00509067235557919,0.0667,0.0011455286196784));
#7794=CARTESIAN_POINT('',(0.0117701361106991,0.0667,0.0011455286196784));
#7795=CARTESIAN_POINT('',(0.0117701361106991,0.0667,0.00495433869337109));
#7796=CARTESIAN_POINT('',(-2.08166817117217E-17,0.0667,0.));
#7797=CARTESIAN_POINT('',(0.06235,0.0667,0.));
#7798=CARTESIAN_POINT('',(-0.06235,0.0667,0.));
#7799=CARTESIAN_POINT('',(-0.06235,0.0667,0.02));
#7800=CARTESIAN_POINT('',(-0.06235,0.0667,0.02));
#7801=CARTESIAN_POINT('',(-2.08166817117217E-17,0.0667,0.02));
#7802=CARTESIAN_POINT('',(0.06235,0.0667,0.02));
#7803=CARTESIAN_POINT('',(0.06235,0.0667,0.02));
#7804=CARTESIAN_POINT('',(0.0602824261922064,0.0667,0.0169949850097919));
#7805=CARTESIAN_POINT('',(0.0613186338948197,0.0667,0.0160144876978277));
#7806=CARTESIAN_POINT('',(0.059246218489593,0.0667,0.0179754823217559));
#7807=CARTESIAN_POINT('',(0.057246218489593,0.0667,0.0179754823217559));
#7808=CARTESIAN_POINT('',(0.055246218489593,0.0667,0.0179754823217559));
#7809=CARTESIAN_POINT('',(0.0582824261922064,0.0667,0.0149949850097918));
#7810=CARTESIAN_POINT('',(0.0613186338948197,0.0667,0.0120144876978277));
#7811=CARTESIAN_POINT('',(0.0613186338948197,0.0667,0.0140144876978277));
#7812=CARTESIAN_POINT('',(-0.0574267795145912,0.0667,0.0151103704785837));
#7813=CARTESIAN_POINT('',(-0.0545203990881711,0.0667,0.0179754823217559));
#7814=CARTESIAN_POINT('',(-0.0603331599410114,0.0667,0.0122452586354117));
#7815=CARTESIAN_POINT('',(-0.055751553252559,0.0667,0.0179754823217559));
#7816=CARTESIAN_POINT('',(-0.0569827074169468,0.0667,0.0179754823217559));
#7817=CARTESIAN_POINT('',(-0.0586046525057376,0.0667,0.0163765677266031));
#7818=CARTESIAN_POINT('',(-0.0602265975945285,0.0667,0.0147776531314503));
#7819=CARTESIAN_POINT('',(-0.06027987876777,0.0667,0.013511455883431));
#7820=CARTESIAN_POINT('',(-0.0593926499369373,0.0667,0.0179754823217559));
#7821=CARTESIAN_POINT('',(-0.0586308575796917,0.0667,0.0179754823217559));
#7822=CARTESIAN_POINT('',(-0.0601544422941828,0.0667,0.0179754823217559));
#7823=CARTESIAN_POINT('',(-0.0601691611951186,0.0667,0.0173231597503557));
#7824=CARTESIAN_POINT('',(-0.0601838800960544,0.0667,0.0166708371789555));
#7825=CARTESIAN_POINT('',(-0.0594073688378729,0.0667,0.0173231597503556));
#7826=CARTESIAN_POINT('',(0.0324499380831775,0.0667,0.0179754823217559));
#7827=CARTESIAN_POINT('',(0.0302305898686108,0.0667,0.0179754823217559));
#7828=CARTESIAN_POINT('',(0.0346692862977443,0.0667,0.0179754823217559));
#7829=CARTESIAN_POINT('',(0.0242832821850834,0.0667,0.0100549483469375));
#7830=CARTESIAN_POINT('',(0.0183359745015559,0.0667,0.00213441437211921));
#7831=CARTESIAN_POINT('',(0.0205212806845634,0.0667,0.00213441437211921));
#7832=CARTESIAN_POINT('',(0.0227065868675709,0.0667,0.00213441437211921));
#7833=CARTESIAN_POINT('',(0.0286879365826576,0.0667,0.0100549483469375));
#7834=CARTESIAN_POINT('',(0.0603659853849234,0.0667,0.00508564137574599));
#7835=CARTESIAN_POINT('',(0.0594133368750272,0.0667,0.00600097976896507));
#7836=CARTESIAN_POINT('',(0.0613186338948197,0.0667,0.00417030298252691));
#7837=CARTESIAN_POINT('',(0.061314877359909,0.0667,0.00609239534017732));
#7838=CARTESIAN_POINT('',(0.0613111208249984,0.0667,0.00801448769782772));
#7839=CARTESIAN_POINT('',(0.0562786696572957,0.0667,0.0129949850097918));
#7840=CARTESIAN_POINT('',(0.051246218489593,0.0667,0.0179754823217559));
#7841=CARTESIAN_POINT('',(0.0492800706370224,0.0667,0.0179754823217559));
#7842=CARTESIAN_POINT('',(0.0473139227844518,0.0667,0.0179754823217559));
#7843=CARTESIAN_POINT('',(0.0543808857073245,0.0667,0.0109814770809292));
#7844=CARTESIAN_POINT('',(-0.0386271846606761,0.0667,0.0100549483469375));
#7845=CARTESIAN_POINT('',(-0.0327138799128177,0.0667,0.00213441437211921));
#7846=CARTESIAN_POINT('',(-0.0445404894085342,0.0667,0.0179754823217559));
#7847=CARTESIAN_POINT('',(-0.0497597815096068,0.0667,0.0100549483469376));
#7848=CARTESIAN_POINT('',(-0.0549790736106795,0.0667,0.00213441437211921));
#7849=CARTESIAN_POINT('',(-0.0438464767617487,0.0667,0.00213441437211921));
#7850=CARTESIAN_POINT('',(-0.0208715307247231,0.0667,0.0100549483469375));
#7851=CARTESIAN_POINT('',(-0.0153793385106796,0.0667,0.00213441437211921));
#7852=CARTESIAN_POINT('',(-0.0263637229387665,0.0667,0.0179754823217559));
#7853=CARTESIAN_POINT('',(-0.0283876519119991,0.0667,0.0179754823217559));
#7854=CARTESIAN_POINT('',(-0.0304115808852317,0.0667,0.0179754823217559));
#7855=CARTESIAN_POINT('',(-0.0249653090738492,0.0667,0.0100549483469375));
#7856=CARTESIAN_POINT('',(-0.0195190372624666,0.0667,0.00213441437211921));
#7857=CARTESIAN_POINT('',(-0.0174491878865731,0.0667,0.00213441437211921));
#7858=CARTESIAN_POINT('',(0.0217326303912877,0.0620454475637641,0.02));
#7859=CARTESIAN_POINT('',(0.0303043146079853,0.0620424154858665,0.0286611004767325));
#7860=CARTESIAN_POINT('',(0.0552579393458802,0.0620335885934937,0.00396509115855736));
#7861=CARTESIAN_POINT('',(0.0431585252553048,0.0620378685418809,0.0159395937113482));
#7862=CARTESIAN_POINT('',(0.0298148757269367,0.0620425886159977,0.0284116868647435));
#7863=CARTESIAN_POINT('',(0.0563654623863455,0.0620331968272961,0.00290094383687309));
#7864=CARTESIAN_POINT('',(0.0563654623863455,0.0620331968272961,0.02));
#7865=CARTESIAN_POINT('',(0.0563654623863455,0.0620331968272961,0.00901738871009992));
#7866=CARTESIAN_POINT('',(0.0333783422804495,0.0620413281043056,0.0317671951328566));
#7867=CARTESIAN_POINT('',(0.0473139227844518,0.0620363986453371,0.0179754823217559));
#7868=CARTESIAN_POINT('',(0.0217326303912877,0.0620454475637641,0.0179754823217558));
#7869=CARTESIAN_POINT('',(0.051246218489593,0.0620350076670191,0.0179754823217559));
#7870=CARTESIAN_POINT('',(0.0353240871862028,0.0620406398323192,0.033733237243693));
#7871=CARTESIAN_POINT('',(0.0563654623863455,0.0620331968272961,0.0129090883086961));
#7872=CARTESIAN_POINT('',(0.0563654623863455,0.0620331968272961,0.02));
#7873=CARTESIAN_POINT('',(0.0563654623863455,0.0620331968272961,0.0168767750683517));
#7874=CARTESIAN_POINT('',(0.0371670528890601,0.0620399879166125,0.0357229191748284));
#7875=CARTESIAN_POINT('',(0.055246218489593,0.0620335927395341,0.0179754823217559));
#7876=CARTESIAN_POINT('',(0.0217326303912877,0.0620454475637641,0.0179754823217559));
#7877=CARTESIAN_POINT('',(0.0563654623863455,0.0620331968272961,0.0179754823217559));
#7878=CARTESIAN_POINT('',(0.0563654623863455,0.0620331968272961,0.02));
#7879=CARTESIAN_POINT('',(0.0563654623863455,0.0620331968272961,0.02));
#7880=CARTESIAN_POINT('',(0.0217326303912877,0.0620454475637641,0.02));
#7881=CARTESIAN_POINT('',(-0.0129002016037703,0.0620576983002321,0.02));
#7882=CARTESIAN_POINT('',(-0.0129002016037703,0.0620576983002321,0.02));
#7883=CARTESIAN_POINT('',(-0.0129002016037703,0.0620576983002321,0.0097481503389315));
#7884=CARTESIAN_POINT('',(-0.00315411433299992,0.0620542507985446,-0.00152176337834094));
#7885=CARTESIAN_POINT('',(-0.00631593334309764,0.0620553692346995,0.00213441437211921));
#7886=CARTESIAN_POINT('',(0.0217326303912876,0.0620454475637641,0.0021344143721192));
#7887=CARTESIAN_POINT('',(-0.0114693211381872,0.0620571921522075,0.0021344143721192));
#7888=CARTESIAN_POINT('',(-0.006606903614658,0.0620554721601582,-0.00368384197859893));
#7889=CARTESIAN_POINT('',(-0.0129002016037703,0.0620576983002321,0.00384657284384882));
#7890=CARTESIAN_POINT('',(-0.0129002016037703,0.0620576983002321,0.02));
#7891=CARTESIAN_POINT('',(-0.0129002016037703,0.0620576983002321,0.));
#7892=CARTESIAN_POINT('',(0.0217326303912877,0.0620454475637641,0.));
#7893=CARTESIAN_POINT('',(0.0563654623863455,0.0620331968272961,0.));
#7894=CARTESIAN_POINT('',(0.0563654623863455,0.0620331968272961,0.02));
#7895=CARTESIAN_POINT('',(0.0563654623863455,0.0620331968272961,0.0021344143721192));
#7896=CARTESIAN_POINT('',(0.0217326303912877,0.0620454475637641,0.0021344143721192));
#7897=CARTESIAN_POINT('',(0.0247262695598094,0.0620443886181792,0.0021344143721192));
#7898=CARTESIAN_POINT('',(0.0320967048742698,0.0620417814603036,0.00922139101763801));
#7899=CARTESIAN_POINT('',(0.0412009346355853,0.0620385610040739,0.0179754823217559));
#7900=CARTESIAN_POINT('',(0.0308368589315159,0.0620422271079664,0.0287540912253586));
#7901=CARTESIAN_POINT('',(0.0217326303912877,0.0620454475637641,0.00213441437211921));
#7902=CARTESIAN_POINT('',(0.0227065868675709,0.0620451030443173,0.00213441437211921));
#7903=CARTESIAN_POINT('',(0.0183359745015559,0.062046649069208,0.00213441437211921));
#7904=CARTESIAN_POINT('',(0.0281388562936082,0.0620431814774881,0.0151897433405755));
#7905=CARTESIAN_POINT('',(0.0302305898686108,0.0620424415646565,0.0179754823217559));
#7906=CARTESIAN_POINT('',(0.0217326303912877,0.0620454475637641,0.0179754823217558));
#7907=CARTESIAN_POINT('',(0.0346692862977443,0.0620408714562627,0.0179754823217559));
#7908=CARTESIAN_POINT('',(0.0309446780690407,0.0620421889689011,0.0130433369994511));
#7909=CARTESIAN_POINT('',(0.021142844027317,0.0620456561899983,0.0204588153153013));
#7910=CARTESIAN_POINT('',(0.0135521488264203,0.0620483412608157,0.0107013182714581));
#7911=CARTESIAN_POINT('',(0.0192109732051549,0.0620463395542792,0.0179754823217559));
#7912=CARTESIAN_POINT('',(0.0219325990113416,0.06204537682849,0.019816142670978));
#7913=CARTESIAN_POINT('',(0.0117701361106991,0.0620489716155082,0.00876314876706377));
#7914=CARTESIAN_POINT('',(0.0117701361106991,0.0620489716155082,0.02));
#7915=CARTESIAN_POINT('',(0.0117701361106991,0.0620489716155082,0.0011455286196784));
#7916=CARTESIAN_POINT('',(0.0217326303912877,0.0620454475637641,0.0011455286196784));
#7917=CARTESIAN_POINT('',(-0.0015887913995407,0.0620536970939342,0.0011455286196784));
#7918=CARTESIAN_POINT('',(-0.00158879139954069,0.0620536970939342,0.02));
#7919=CARTESIAN_POINT('',(-0.0015887913995407,0.0620536970939342,0.00876314876706377));
#7920=CARTESIAN_POINT('',(0.000385932207622983,0.0620529985712575,0.00579550773339367));
#7921=CARTESIAN_POINT('',(-0.00287848548032343,0.0620541532998347,0.0107013182714581));
#7922=CARTESIAN_POINT('',(0.0030362258407661,0.0620520610779313,0.00385282368866521));
#7923=CARTESIAN_POINT('',(-0.00916082679484512,0.0620563755641837,0.0179754823217558));
#7924=CARTESIAN_POINT('',(0.0217326303912877,0.0620454475637641,0.0179754823217559));
#7925=CARTESIAN_POINT('',(0.0575621598709191,0.000659658778604542,0.02));
#7926=CARTESIAN_POINT('',(0.0575621598709191,0.0607,0.02));
#7927=CARTESIAN_POINT('',(0.0575621598709191,0.0607,0.00783304565210784));
#7928=CARTESIAN_POINT('',(0.0575621598709191,0.0607,0.0117247452507041));
#7929=CARTESIAN_POINT('',(0.0575621598709191,0.00065965877860454,0.00783304565210786));
#7930=CARTESIAN_POINT('',(0.0575621598709191,0.0620193175572091,0.00783304565210784));
#7931=CARTESIAN_POINT('',(0.0575621598709191,0.0620193175572091,0.02));
#7932=CARTESIAN_POINT('',(0.0575621598709191,0.0620193175572091,0.));
#7933=CARTESIAN_POINT('',(0.0575621598709191,0.000659658778604542,0.));
#7934=CARTESIAN_POINT('',(0.0575621598709191,-0.0622458048164845,0.));
#7935=CARTESIAN_POINT('',(0.0575621598709191,-0.0622458048164845,0.02));
#7936=CARTESIAN_POINT('',(0.0575621598709191,-0.0622458048164845,0.00718994639428272));
#7937=CARTESIAN_POINT('',(0.0575621598709191,0.000659658778604539,0.00718994639428276));
#7938=CARTESIAN_POINT('',(0.0575621598709191,-0.0607,0.00718994639428277));
#7939=CARTESIAN_POINT('',(0.0575621598709191,-0.0607,0.02));
#7940=CARTESIAN_POINT('',(0.0575621598709191,-0.0607,0.0103540388423876));
#7941=CARTESIAN_POINT('',(0.0575621598709191,0.00065965877860454,0.0103540388423875));
#7942=CARTESIAN_POINT('',(0.0575621598709191,-0.0622458048164845,0.0103540388423875));
#7943=CARTESIAN_POINT('',(0.0575621598709191,-0.0622458048164845,0.02));
#7944=CARTESIAN_POINT('',(0.0575621598709191,-0.0622458048164845,0.0159303553500438));
#7945=CARTESIAN_POINT('',(0.0575621598709191,0.000659658778604542,0.0159303553500438));
#7946=CARTESIAN_POINT('',(0.0575621598709191,-0.0607,0.0159303553500438));
#7947=CARTESIAN_POINT('',(0.0575621598709191,-0.0607,0.02));
#7948=CARTESIAN_POINT('',(0.0575621598709191,-0.0607,0.0181859983219938));
#7949=CARTESIAN_POINT('',(0.0575621598709191,0.000659658778604542,0.0181859983219938));
#7950=CARTESIAN_POINT('',(0.0575621598709191,-0.0622458048164845,0.0181859983219938));
#7951=CARTESIAN_POINT('',(0.0575621598709191,-0.0622458048164845,0.02));
#7952=CARTESIAN_POINT('',(0.0575621598709191,-0.0622458048164845,0.02));
#7953=CARTESIAN_POINT('',(0.0575621598709191,0.000659658778604542,0.02));
#7954=CARTESIAN_POINT('',(0.0575621598709191,0.0620193175572091,0.02));
#7955=CARTESIAN_POINT('',(0.0575621598709191,0.0620193175572091,0.02));
#7956=CARTESIAN_POINT('',(0.0575621598709191,0.0620193175572091,0.0179754823217559));
#7957=CARTESIAN_POINT('',(0.0575621598709191,0.000659658778604542,0.0179754823217559));
#7958=CARTESIAN_POINT('',(0.0575621598709191,0.0608365516473515,0.0179754823217559));
#7959=CARTESIAN_POINT('',(0.0575621598709191,0.0607602719256602,0.0213561005089742));
#7960=CARTESIAN_POINT('',(0.0575621598709191,0.0608306930370412,0.0182351283210803));
#7961=CARTESIAN_POINT('',(0.0575621598709191,0.000659658778604542,0.0182351283210803));
#7962=CARTESIAN_POINT('',(0.0575621598709191,0.0593071083225501,0.0182351283210803));
#7963=CARTESIAN_POINT('',(0.0575621598709191,0.0240549909858109,0.0478493181813304));
#7964=CARTESIAN_POINT('',(0.0575621598709191,0.0607,0.0170650040361548));
#7965=CARTESIAN_POINT('',(0.0575621598709191,0.0607,0.02));
#7966=CARTESIAN_POINT('',(0.0575621598709191,0.0607,0.0157020353978951));
#7967=CARTESIAN_POINT('',(0.0575621598709191,0.000659658778604541,0.0157020353978952));
#7968=CARTESIAN_POINT('',(0.0575621598709191,0.0620193175572091,0.0157020353978951));
#7969=CARTESIAN_POINT('',(0.0575621598709191,0.0620193175572091,0.02));
#7970=CARTESIAN_POINT('',(0.0575621598709191,0.0620193175572091,0.0117247452507041));
#7971=CARTESIAN_POINT('',(0.0575621598709191,0.000659658778604541,0.0117247452507041));
#7972=CARTESIAN_POINT('',(0.0575621598709191,0.0129935707667134,0.00933377968618546));
#7973=CARTESIAN_POINT('',(0.0575621598709191,0.00699218408595603,0.00239406037144363));
#7974=CARTESIAN_POINT('',(0.0575621598709191,0.0206913511401584,0.0182351283210803));
#7975=CARTESIAN_POINT('',(0.0575621598709191,0.000659658778604548,0.00239406037144363));
#7976=CARTESIAN_POINT('',(0.0575621598709191,0.0121455718810456,0.00239406037144363));
#7977=CARTESIAN_POINT('',(0.0575621598709191,0.0160854361777444,0.00710841086773704));
#7978=CARTESIAN_POINT('',(0.0575621598709191,0.025384226513412,0.0182351283210803));
#7979=CARTESIAN_POINT('',(0.0575621598709191,0.000659658778604542,0.0182351283210803));
#7980=CARTESIAN_POINT('',(0.0575621598709191,-0.0209886215526052,0.0425306860851924));
#7981=CARTESIAN_POINT('',(0.0575621598709191,-0.0587370861321688,0.0062606257682895));
#7982=CARTESIAN_POINT('',(0.0575621598709191,-0.0606423831519613,0.00442994898185134));
#7983=CARTESIAN_POINT('',(0.0575621598709191,-0.0218612148104633,0.0427557991686365));
#7984=CARTESIAN_POINT('',(0.0575621598709191,-0.0466376720415934,0.0182351283210803));
#7985=CARTESIAN_POINT('',(0.0575621598709191,0.000659658778604546,0.0182351283210805));
#7986=CARTESIAN_POINT('',(0.0575621598709191,-0.0505699677467346,0.0182351283210803));
#7987=CARTESIAN_POINT('',(0.0575621598709191,-0.0238069598392117,0.0447218411577476));
#7988=CARTESIAN_POINT('',(0.0575621598709191,-0.06063487008214,0.00827413369715215));
#7989=CARTESIAN_POINT('',(0.0575621598709191,-0.0606117190269182,0.0201197487044963));
#7990=CARTESIAN_POINT('',(0.0575621598709191,-0.0152787912464048,0.00400767337783186));
#7991=CARTESIAN_POINT('',(0.0575621598709191,-0.0136597237586975,0.00239406037144363));
#7992=CARTESIAN_POINT('',(0.0575621598709191,-0.0295543391257524,0.0182351283210803));
#7993=CARTESIAN_POINT('',(0.0575621598709191,0.000659658778604545,0.0182351283210804));
#7994=CARTESIAN_POINT('',(0.0575621598709191,-0.0339930355548859,0.0182351283210803));
#7995=CARTESIAN_POINT('',(0.0575621598709191,-0.0170186750915128,0.00177233125596401));
#7996=CARTESIAN_POINT('',(0.0575621598709191,-0.0176597237586975,0.00239406037144363));
#7997=CARTESIAN_POINT('',(0.0575621598709191,0.000659658778604533,0.00239406037144362));
#7998=CARTESIAN_POINT('',(0.0575621598709191,0.00965591854841105,0.0111314808700134));
#7999=CARTESIAN_POINT('',(0.0575621598709191,0.00104256335180253,0.00239406037144363));
#8000=CARTESIAN_POINT('',(0.0575621598709191,0.0166586991399526,0.0182351283210803));
#8001=CARTESIAN_POINT('',(0.0575621598709191,0.000659658778604542,0.0182351283210803));
#8002=CARTESIAN_POINT('',(0.0575621598709191,-0.0124430619180202,0.0182351283210803));
#8003=CARTESIAN_POINT('',(0.0575621598709191,-0.00780845615193568,0.0127910274068564));
#8004=CARTESIAN_POINT('',(0.0575621598709191,-0.0187871869436827,0.0396497047048228));
#8005=CARTESIAN_POINT('',(0.0575621598709191,-0.0545816886030218,0.00422473715788179));
#8006=CARTESIAN_POINT('',(0.0575621598709191,-0.0424822745124464,0.0161992397106726));
#8007=CARTESIAN_POINT('',(0.0575621598709191,-0.0179767548210705,0.0393960526260714));
#8008=CARTESIAN_POINT('',(0.0575621598709191,-0.0564869856228143,0.00239406037144363));
#8009=CARTESIAN_POINT('',(0.0575621598709191,0.000659658778604541,0.00239406037144363));
#8010=CARTESIAN_POINT('',(0.0575621598709191,-0.0240500188169511,0.00239406037144363));
#8011=CARTESIAN_POINT('',(0.0575621598709191,-0.0200071013373553,-0.00149337104002824));
#8012=CARTESIAN_POINT('',(0.0575621598709191,-0.0405246838927269,0.0182351283210803));
#8013=CARTESIAN_POINT('',(0.0575621598709191,-0.019857923776767,0.0397284993611086));
#8014=CARTESIAN_POINT('',(0.0575621598709191,0.0607602719256601,0.0213561005089743));
#8015=CARTESIAN_POINT('',(0.0575621598709191,0.0611159767402566,0.00559172514362905));
#8016=CARTESIAN_POINT('',(0.0575621598709191,0.0611881283306984,0.00239406037144363));
#8017=CARTESIAN_POINT('',(0.0575621598709191,0.0322494313978188,0.0438407848579796));
#8018=CARTESIAN_POINT('',(0.0575621598709191,0.0515740069812539,0.0182351283210803));
#8019=CARTESIAN_POINT('',(0.0575621598709191,0.000659658778604542,0.0182351283210803));
#8020=CARTESIAN_POINT('',(0.0575621598709191,0.0490798196056681,0.0182351283210803));
#8021=CARTESIAN_POINT('',(0.0575621598709191,0.0303716276524902,0.0427106968480462));
#8022=CARTESIAN_POINT('',(0.0575621598709191,0.0278694148711268,0.0476016807872382));
#8023=CARTESIAN_POINT('',(0.0575621598709191,0.0609028483373869,0.0150372991307748));
#8024=CARTESIAN_POINT('',(0.0575621598709191,0.0576589581598052,0.0182351283210803));
#8025=CARTESIAN_POINT('',(0.0575621598709191,0.000659658778604542,0.0182351283210803));
#8026=CARTESIAN_POINT('',(0.0575621598709191,0.0551966498310295,0.0182351283210803));
#8027=CARTESIAN_POINT('',(0.0575621598709191,0.0266558663408275,0.0463706525104964));
#8028=CARTESIAN_POINT('',(0.0575621598709191,0.0610094106838698,0.0125049046347361));
#8029=CARTESIAN_POINT('',(0.0575621598709191,0.0605879045738762,0.0225217613221552));
#8030=CARTESIAN_POINT('',(0.0575621598709191,-0.0264391254943911,0.0486384966613382));
#8031=CARTESIAN_POINT('',(0.0575621598709191,-0.0606423831519613,0.0162741336971522));
#8032=CARTESIAN_POINT('',(0.0575621598709191,-0.0585699677467346,0.0182351283210803));
#8033=CARTESIAN_POINT('',(0.0575621598709191,-0.0606423831519613,0.02));
#8034=CARTESIAN_POINT('',(0.0575621598709191,-0.0606423831519613,0.0122741336971521));
#8035=CARTESIAN_POINT('',(0.0575621598709191,-0.0255615268908606,0.0467113027016356));
#8036=CARTESIAN_POINT('',(0.0575621598709191,-0.0545699677467346,0.0182351283210803));
#8037=CARTESIAN_POINT('',(0.0575621598709191,0.000659658778604542,0.0182351283210803));
#8038=CARTESIAN_POINT('',(0.0575621598709191,0.000659658778604542,0.0182351283210803));
#8039=CARTESIAN_POINT('',(0.0575621598709191,-0.0225347224622965,0.0182351283210803));
#8040=CARTESIAN_POINT('',(0.0575621598709191,-0.0185347224622965,0.0182351283210803));
#8041=CARTESIAN_POINT('',(0.0575621598709191,-0.013367971139063,0.00774362517176537));
#8042=CARTESIAN_POINT('',(0.0575621598709191,-0.00869389064610005,0.00239406037144363));
#8043=CARTESIAN_POINT('',(0.0575621598709191,0.000659658778604537,0.00239406037144363));
#8044=CARTESIAN_POINT('',(0.0575621598709191,-0.00469389064610004,0.00239406037144363));
#8045=CARTESIAN_POINT('',(0.0575621598709191,-0.0110996333893058,0.00972554213573112));
#8046=CARTESIAN_POINT('',(0.0575621598709191,0.000659658778604541,0.0182351283210804));
#8047=CARTESIAN_POINT('',(0.0575621598709191,0.0373269019185046,0.0182351283210803));
#8048=CARTESIAN_POINT('',(0.0575621598709191,0.0331283922026032,0.0182351283210803));
#8049=CARTESIAN_POINT('',(0.0575621598709191,0.0256276882020671,0.00540419509262577));
#8050=CARTESIAN_POINT('',(0.0575621598709191,0.0238680243379256,0.00239406037144363));
#8051=CARTESIAN_POINT('',(0.0575621598709191,0.000659658778604542,0.00239406037144363));
#8052=CARTESIAN_POINT('',(0.0575621598709191,0.029089423397416,0.00239406037144363));
#8053=CARTESIAN_POINT('',(0.0575621598709191,0.0302446326977353,0.00461558349597286));
#8054=CARTESIAN_POINT('',(0.0575621598709191,0.0301159824217355,-0.00199147418686097));
#8055=CARTESIAN_POINT('',(0.0575621598709191,0.0333901306556761,0.00239406037144363));
#8056=CARTESIAN_POINT('',(0.0575621598709191,0.0452167401513925,0.0182351283210803));
#8057=CARTESIAN_POINT('',(0.0575621598709191,0.00065965877860454,0.00239406037144364));
#8058=CARTESIAN_POINT('',(0.0575621598709191,0.055655324353538,0.00239406037144363));
#8059=CARTESIAN_POINT('',(0.0575621598709191,0.0309158061648496,0.0399375031486488));
#8060=CARTESIAN_POINT('',(0.0575621598709191,0.0193007479448983,0.00707404764553677));
#8061=CARTESIAN_POINT('',(0.0575621598709191,0.0160555892535379,0.00239406037144363));
#8062=CARTESIAN_POINT('',(0.0575621598709191,0.0270399736816249,0.0182351283210803));
#8063=CARTESIAN_POINT('',(0.0575621598709191,0.000659658778604542,0.00239406037144363));
#8064=CARTESIAN_POINT('',(0.0575621598709191,0.0201952880053249,0.00239406037144363));
#8065=CARTESIAN_POINT('',(0.0575621598709191,0.0221435245932181,0.00522738831022582));
#8066=CARTESIAN_POINT('',(0.0575621598709191,0.0310878316280901,0.0182351283210803));
#8067=CARTESIAN_POINT('',(0.0575621598709191,0.000659658778604542,0.0182351283210803));
#8068=CARTESIAN_POINT('',(-0.0580120089536094,-8.27686759965265E-5,0.02));
#8069=CARTESIAN_POINT('',(-0.0580120089536094,-0.0126813261924586,0.00910491738254626));
#8070=CARTESIAN_POINT('',(-0.0580120089536094,-0.00697303471354829,0.00250411947739094));
#8071=CARTESIAN_POINT('',(-0.0580120089536094,-0.0206722017677506,0.0183451874270276));
#8072=CARTESIAN_POINT('',(-0.0580120089536094,-8.27686759965324E-5,0.00250411947739093));
#8073=CARTESIAN_POINT('',(-0.0580120089536094,-0.0121264225086378,0.00250411947739094));
#8074=CARTESIAN_POINT('',(-0.0580120089536094,-0.0157827782991894,0.00687923025221));
#8075=CARTESIAN_POINT('',(-0.0580120089536094,-0.0253650771410042,0.0183451874270276));
#8076=CARTESIAN_POINT('',(-0.0580120089536094,-8.27686759965265E-5,0.0183451874270276));
#8077=CARTESIAN_POINT('',(-0.0580120089536094,-0.00930686276035936,0.0109068816444673));
#8078=CARTESIAN_POINT('',(-0.0580120089536094,-0.00102341397939479,0.00250411947739093));
#8079=CARTESIAN_POINT('',(-0.0580120089536094,-0.0166395497675449,0.0183451874270276));
#8080=CARTESIAN_POINT('',(-0.0580120089536094,-8.27686759965263E-5,0.0183451874270276));
#8081=CARTESIAN_POINT('',(-0.0580120089536094,0.012462211290428,0.0183451874270276));
#8082=CARTESIAN_POINT('',(-0.0580120089536094,0.00800764262191815,0.0131125694688457));
#8083=CARTESIAN_POINT('',(-0.0580120089536094,-8.27686759965252E-5,0.0183451874270277));
#8084=CARTESIAN_POINT('',(-0.0580120089536094,-0.0373077525460968,0.0183451874270276));
#8085=CARTESIAN_POINT('',(-0.0580120089536094,-0.0331092428301955,0.0183451874270276));
#8086=CARTESIAN_POINT('',(-0.0580120089536094,-0.0254185331231392,0.00518922463691973));
#8087=CARTESIAN_POINT('',(-0.0580120089536094,-0.0238488749655179,0.00250411947739093));
#8088=CARTESIAN_POINT('',(-0.0580120089536094,-8.27686759965265E-5,0.00250411947739094));
#8089=CARTESIAN_POINT('',(-0.0580120089536094,-0.0290702740250082,0.00250411947739094));
#8090=CARTESIAN_POINT('',(-0.0580120089536094,-0.0300617176840268,0.00441071338601743));
#8091=CARTESIAN_POINT('',(-0.0580120089536094,0.0191431271242375,0.0394264499526178));
#8092=CARTESIAN_POINT('',(-0.0580120089536094,0.0546008379754295,0.0043347962638291));
#8093=CARTESIAN_POINT('',(-0.0580120089536094,0.0425014238848542,0.01630929881662));
#8094=CARTESIAN_POINT('',(-0.0580120089536094,0.018340895778613,0.0391746316111442));
#8095=CARTESIAN_POINT('',(-0.0580120089536094,0.0565061349952221,0.00250411947739094));
#8096=CARTESIAN_POINT('',(-0.0580120089536094,-8.27686759965247E-5,0.00250411947739093));
#8097=CARTESIAN_POINT('',(-0.0580120089536094,0.0240691681893587,0.00250411947739093));
#8098=CARTESIAN_POINT('',(-0.0580120089536094,0.0202610649330491,-0.00115752840224546));
#8099=CARTESIAN_POINT('',(-0.0580120089536094,0.0405438332651346,0.0183451874270276));
#8100=CARTESIAN_POINT('',(-0.0580120089536094,0.0201999996560891,0.0395027158292731));
#8101=CARTESIAN_POINT('',(-0.0580120089536094,-8.27686759965265E-5,0.0183451874270276));
#8102=CARTESIAN_POINT('',(-0.0580120089536094,0.0225538718347042,0.0183451874270276));
#8103=CARTESIAN_POINT('',(-0.0580120089536094,0.0185538718347042,0.0183451874270276));
#8104=CARTESIAN_POINT('',(-0.0580120089536094,0.0135740431511694,0.00806762042520112));
#8105=CARTESIAN_POINT('',(-0.0580120089536094,0.00871304001850778,0.00250411947739094));
#8106=CARTESIAN_POINT('',(-0.0580120089536094,-8.27686759965209E-5,0.00250411947739093));
#8107=CARTESIAN_POINT('',(-0.0580120089536094,0.00471304001850778,0.00250411947739093));
#8108=CARTESIAN_POINT('',(-0.0580120089536094,0.0113057054014122,0.0100495373891669));
#8109=CARTESIAN_POINT('',(-0.0580120089536094,0.0155227228139936,0.00434175740954825));
#8110=CARTESIAN_POINT('',(-0.0580120089536094,0.0136788731311052,0.00250411947739093));
#8111=CARTESIAN_POINT('',(-0.0580120089536094,0.0295734884981602,0.0183451874270277));
#8112=CARTESIAN_POINT('',(-0.0580120089536094,-8.27686759965291E-5,0.0183451874270277));
#8113=CARTESIAN_POINT('',(-0.0580120089536094,0.0340121849272936,0.0183451874270276));
#8114=CARTESIAN_POINT('',(-0.0580120089536094,0.017270222048694,0.00210778408350715));
#8115=CARTESIAN_POINT('',(-0.0580120089536094,0.0176788731311053,0.00250411947739094));
#8116=CARTESIAN_POINT('',(-0.0580120089536094,-8.27686759965171E-5,0.00250411947739093));
#8117=CARTESIAN_POINT('',(-0.0580120089536094,-0.029844459552128,-0.00221945496624823));
#8118=CARTESIAN_POINT('',(-0.0580120089536094,-0.0333709812832684,0.00250411947739094));
#8119=CARTESIAN_POINT('',(-0.0580120089536094,-0.0451975907789848,0.0183451874270276));
#8120=CARTESIAN_POINT('',(-0.0580120089536094,-8.27686759965238E-5,0.00250411947739094));
#8121=CARTESIAN_POINT('',(-0.0580120089536094,-0.0556361749811303,0.00250411947739093));
#8122=CARTESIAN_POINT('',(-0.0580120089536094,-0.0307783625903599,0.0402270795585657));
#8123=CARTESIAN_POINT('',(-0.0580120089536094,0.0268074864006086,0.0484181191479245));
#8124=CARTESIAN_POINT('',(-0.0580120089536094,0.060661532524369,0.0163841928030995));
#8125=CARTESIAN_POINT('',(-0.0580120089536094,0.0585891171191424,0.0183451874270276));
#8126=CARTESIAN_POINT('',(-0.0580120089536094,0.060661532524369,0.02));
#8127=CARTESIAN_POINT('',(-0.0580120089536094,0.060661532524369,0.0123841928030994));
#8128=CARTESIAN_POINT('',(-0.0580120089536094,0.0259197305843469,0.046488528684304));
#8129=CARTESIAN_POINT('',(-0.0580120089536094,0.0545891171191424,0.0183451874270276));
#8130=CARTESIAN_POINT('',(-0.0580120089536094,-8.27686759965265E-5,0.0183451874270276));
#8131=CARTESIAN_POINT('',(-0.0580120089536094,-0.0607433208291578,0.021368734882093));
#8132=CARTESIAN_POINT('',(-0.0580120089536094,-0.0610968273678489,0.00570178424957636));
#8133=CARTESIAN_POINT('',(-0.0580120089536094,-0.0611689789582907,0.00250411947739094));
#8134=CARTESIAN_POINT('',(-0.0580120089536094,-0.0320808070935982,0.044148902842289));
#8135=CARTESIAN_POINT('',(-0.0580120089536094,-0.0515548576088462,0.0183451874270276));
#8136=CARTESIAN_POINT('',(-0.0580120089536094,-8.27686759965265E-5,0.0183451874270276));
#8137=CARTESIAN_POINT('',(-0.0580120089536094,-0.0490606702332604,0.0183451874270276));
#8138=CARTESIAN_POINT('',(-0.0580120089536094,-0.0301998920890737,0.0430203815396007));
#8139=CARTESIAN_POINT('',(-0.0580120089536094,0.0213527625101477,0.0423092650702652));
#8140=CARTESIAN_POINT('',(-0.0580120089536094,0.0587562355045765,0.00637068487423681));
#8141=CARTESIAN_POINT('',(-0.0580120089536094,0.060661532524369,0.00454000808779865));
#8142=CARTESIAN_POINT('',(-0.0580120089536094,0.0222171549910181,0.0425325444164314));
#8143=CARTESIAN_POINT('',(-0.0580120089536094,0.0466568214140012,0.0183451874270276));
#8144=CARTESIAN_POINT('',(-0.0580120089536094,-8.27686759965295E-5,0.0183451874270277));
#8145=CARTESIAN_POINT('',(-0.0580120089536094,0.0505891171191423,0.0183451874270276));
#8146=CARTESIAN_POINT('',(-0.0580120089536094,0.0241629000197665,0.0444985864055426));
#8147=CARTESIAN_POINT('',(-0.0580120089536094,0.0606540194545477,0.00838419280309945));
#8148=CARTESIAN_POINT('',(-0.0580120089536094,0.0606310856282638,0.0201186590812596));
#8149=CARTESIAN_POINT('',(-0.0580120089536094,-0.0190489644974322,0.00684861483434236));
#8150=CARTESIAN_POINT('',(-0.0580120089536094,-0.0160364398811302,0.00250411947739094));
#8151=CARTESIAN_POINT('',(-0.0580120089536094,-0.0270208243092172,0.0183451874270276));
#8152=CARTESIAN_POINT('',(-0.0580120089536094,-8.27686759965265E-5,0.00250411947739094));
#8153=CARTESIAN_POINT('',(-0.0580120089536094,-0.0201761386329172,0.00250411947739094));
#8154=CARTESIAN_POINT('',(-0.0580120089536094,-0.0218939417721142,0.00500232716831504));
#8155=CARTESIAN_POINT('',(-0.0580120089536094,-0.0310686822556824,0.0183451874270276));
#8156=CARTESIAN_POINT('',(-0.0580120089536094,-8.27686759965265E-5,0.0183451874270276));
#8157=CARTESIAN_POINT('',(-0.0580120089536094,-8.27686759965232E-5,0.00854887883667748));
#8158=CARTESIAN_POINT('',(-0.0580120089536094,0.062067411839962,0.0085488788366775));
#8159=CARTESIAN_POINT('',(-0.0580120089536094,0.0607,0.0085488788366775));
#8160=CARTESIAN_POINT('',(-0.0580120089536094,0.062067411839962,0.02));
#8161=CARTESIAN_POINT('',(-0.0580120089536094,0.062067411839962,0.0145334508910921));
#8162=CARTESIAN_POINT('',(-0.0580120089536094,-8.27686759965253E-5,0.0145334508910921));
#8163=CARTESIAN_POINT('',(-0.0580120089536094,0.0607,0.0145334508910921));
#8164=CARTESIAN_POINT('',(-0.0580120089536094,0.0607,0.02));
#8165=CARTESIAN_POINT('',(-0.0580120089536094,0.0607,0.0169607961519483));
#8166=CARTESIAN_POINT('',(-0.0580120089536094,-8.27686759965259E-5,0.0169607961519483));
#8167=CARTESIAN_POINT('',(-0.0580120089536094,0.062067411839962,0.0169607961519483));
#8168=CARTESIAN_POINT('',(-0.0580120089536094,0.062067411839962,0.02));
#8169=CARTESIAN_POINT('',(-0.0580120089536094,0.062067411839962,0.02));
#8170=CARTESIAN_POINT('',(-0.0580120089536094,-8.27686759965265E-5,0.02));
#8171=CARTESIAN_POINT('',(-0.0580120089536094,-0.0622329491919551,0.02));
#8172=CARTESIAN_POINT('',(-0.0580120089536094,-0.0622329491919551,0.02));
#8173=CARTESIAN_POINT('',(-0.0580120089536094,-0.0622329491919551,0.0181859983219938));
#8174=CARTESIAN_POINT('',(-0.0580120089536094,-8.27686759965265E-5,0.0181859983219938));
#8175=CARTESIAN_POINT('',(-0.0580120089536094,-0.0608151355818379,0.0181859983219938));
#8176=CARTESIAN_POINT('',(-0.0580120089536094,-0.0607433208291578,0.0213687348820931));
#8177=CARTESIAN_POINT('',(-0.0580120089536094,-0.0608115436646335,0.0183451874270277));
#8178=CARTESIAN_POINT('',(-0.0580120089536094,-8.27686759965265E-5,0.0183451874270277));
#8179=CARTESIAN_POINT('',(-0.0580120089536094,-0.0592879589501423,0.0183451874270277));
#8180=CARTESIAN_POINT('',(-0.0580120089536094,-0.0237630624122802,0.0481885304747245));
#8181=CARTESIAN_POINT('',(-0.0580120089536094,-0.0607,0.017158976359434));
#8182=CARTESIAN_POINT('',(-0.0580120089536094,-0.0607,0.02));
#8183=CARTESIAN_POINT('',(-0.0580120089536094,-0.0607,0.0153284488039981));
#8184=CARTESIAN_POINT('',(-0.0580120089536094,-0.0276224311841627,0.0479363391187316));
#8185=CARTESIAN_POINT('',(-0.0580120089536094,-0.0576398087873975,0.0183451874270276));
#8186=CARTESIAN_POINT('',(-0.0580120089536094,-8.27686759965265E-5,0.0183451874270276));
#8187=CARTESIAN_POINT('',(-0.0580120089536094,-0.0551775004586218,0.0183451874270276));
#8188=CARTESIAN_POINT('',(-0.0580120089536094,-0.0264088826538634,0.0467053108419899));
#8189=CARTESIAN_POINT('',(-0.0580120089536094,-0.0609902613114621,0.0126149637406834));
#8190=CARTESIAN_POINT('',(-0.0580120089536094,-0.0605723924217013,0.0225453839258825));
#8191=CARTESIAN_POINT('',(-0.0580120089536094,-0.0609012125956141,0.0147311566112002));
#8192=CARTESIAN_POINT('',(-0.0580120089536094,-8.27686759965254E-5,0.0147311566112002));
#8193=CARTESIAN_POINT('',(-0.0580120089536094,-0.0622329491919551,0.0147311566112002));
#8194=CARTESIAN_POINT('',(-0.0580120089536094,-0.0622329491919551,0.02));
#8195=CARTESIAN_POINT('',(-0.0580120089536094,-0.0622329491919551,0.0107442086715155));
#8196=CARTESIAN_POINT('',(-0.0580120089536094,-8.27686759965245E-5,0.0107442086715155));
#8197=CARTESIAN_POINT('',(-0.0580120089536094,-0.0607,0.0107442086715155));
#8198=CARTESIAN_POINT('',(-0.0580120089536094,-0.0607,0.02));
#8199=CARTESIAN_POINT('',(-0.0580120089536094,-0.0607,0.0068525090729193));
#8200=CARTESIAN_POINT('',(-0.0580120089536094,-8.27686759965236E-5,0.00685250907291931));
#8201=CARTESIAN_POINT('',(-0.0580120089536094,-0.0622329491919551,0.00685250907291929));
#8202=CARTESIAN_POINT('',(-0.0580120089536094,-0.0622329491919551,0.02));
#8203=CARTESIAN_POINT('',(-0.0580120089536094,-0.0622329491919551,0.));
#8204=CARTESIAN_POINT('',(-0.0580120089536094,-8.27686759965265E-5,0.));
#8205=CARTESIAN_POINT('',(-0.0580120089536094,0.062067411839962,0.));
#8206=CARTESIAN_POINT('',(-0.0580120089536094,0.062067411839962,0.02));
#8207=CARTESIAN_POINT('',(-0.0580120089536094,0.062067411839962,0.0054049445344489));
#8208=CARTESIAN_POINT('',(-0.0580120089536094,-8.27686759965223E-5,0.00540494453444888));
#8209=CARTESIAN_POINT('',(-0.0580120089536094,0.0607,0.00540494453444889));
#8210=CARTESIAN_POINT('',(-0.0580120089536094,0.0607,0.02));
#8211=CARTESIAN_POINT('',(-0.0531216210159084,0.0620588402807713,0.02));
#8212=CARTESIAN_POINT('',(-0.05635,0.0620599822613104,0.02));
#8213=CARTESIAN_POINT('',(-0.05635,0.0620599822613104,0.0161718604720117));
#8214=CARTESIAN_POINT('',(-0.05635,0.0620599822613104,0.0107510917775843));
#8215=CARTESIAN_POINT('',(-0.0507313077886418,0.0620579947508005,0.0181960316330246));
#8216=CARTESIAN_POINT('',(-0.0508977562383956,0.0620580536289221,0.0179754823217557));
#8217=CARTESIAN_POINT('',(-0.0531216210159083,0.0620588402807713,0.0179754823217557));
#8218=CARTESIAN_POINT('',(-0.0498932420318167,0.0620576983002321,0.0179754823217557));
#8219=CARTESIAN_POINT('',(-0.0498932420318167,0.0620576983002321,0.02));
#8220=CARTESIAN_POINT('',(-0.0498932420318167,0.0620576983002321,0.02));
#8221=CARTESIAN_POINT('',(-0.0531216210159084,0.0620588402807713,0.02));
#8222=CARTESIAN_POINT('',(-0.05635,0.0620599822613104,0.02));
#8223=CARTESIAN_POINT('',(-0.05635,0.0620599822613104,0.02));
#8224=CARTESIAN_POINT('',(-0.05635,0.0620599822613104,0.0179754823217559));
#8225=CARTESIAN_POINT('',(-0.0531216210159084,0.0620588402807713,0.0179754823217559));
#8226=CARTESIAN_POINT('',(-0.054520399088171,0.0620593350731562,0.0179754823217558));
#8227=CARTESIAN_POINT('',(-0.0527988534018154,0.0620587261075792,0.0196725832551715));
#8228=CARTESIAN_POINT('',(-0.0531216210159084,0.0620588402807713,0.02));
#8229=CARTESIAN_POINT('',(-0.0491667404323709,0.0620574413134619,0.0169770396023642));
#8230=CARTESIAN_POINT('',(-0.05635,0.0620599822613104,0.00757931895493301));
#8231=CARTESIAN_POINT('',(-0.0498932420318167,0.0620576983002321,0.0160265715011874));
#8232=CARTESIAN_POINT('',(-0.05635,0.0620599822613104,0.02));
#8233=CARTESIAN_POINT('',(-0.05635,0.0620599822613104,0.));
#8234=CARTESIAN_POINT('',(-0.0531216210159084,0.0620588402807713,0.));
#8235=CARTESIAN_POINT('',(-0.0498932420318167,0.0620576983002321,0.));
#8236=CARTESIAN_POINT('',(-0.0498932420318167,0.0620576983002321,0.02));
#8237=CARTESIAN_POINT('',(-0.0498932420318167,0.0620576983002321,0.0021344143721192));
#8238=CARTESIAN_POINT('',(-0.0531216210159084,0.0620588402807713,0.0021344143721192));
#8239=CARTESIAN_POINT('',(-0.0549790736106796,0.0620594973209534,0.00213441437211918));
#8240=CARTESIAN_POINT('',(-0.0462083366544827,0.0620563948317577,0.0154444416134523));
#8241=CARTESIAN_POINT('',(-0.0498932420318167,0.0620576983002321,0.00985241540185808));
#8242=CARTESIAN_POINT('',(-0.0498932420318167,0.0620576983002321,0.02));
#8243=CARTESIAN_POINT('',(-0.0498932420318167,0.0627376894308873,0.02));
#8244=CARTESIAN_POINT('',(-0.0498932420318167,0.0627376894308873,0.0179754823217557));
#8245=CARTESIAN_POINT('',(-0.0498932420318167,0.0634176805615425,0.0179754823217557));
#8246=CARTESIAN_POINT('',(-0.0498932420318167,0.0634176805615425,0.02));
#8247=CARTESIAN_POINT('',(-0.0498932420318167,0.0634176805615425,0.02));
#8248=CARTESIAN_POINT('',(-0.0498932420318167,0.0627376894308873,0.02));
#8249=CARTESIAN_POINT('',(-0.0498932420318167,0.0627376894308873,0.02));
#8250=CARTESIAN_POINT('',(-0.0498932420318167,0.0627376894308873,0.0021344143721192));
#8251=CARTESIAN_POINT('',(-0.0498932420318167,0.0634176805615425,0.0021344143721192));
#8252=CARTESIAN_POINT('',(-0.0498932420318167,0.0627376894308873,0.));
#8253=CARTESIAN_POINT('',(-0.0498932420318167,0.0634176805615425,0.));
#8254=CARTESIAN_POINT('',(-0.0498932420318167,0.0634176805615425,0.02));
#8255=CARTESIAN_POINT('',(-0.0498932420318167,0.0627376894308873,0.02));
#8256=CARTESIAN_POINT('',(-0.0498932420318167,0.0634176805615425,0.02));
#8257=CARTESIAN_POINT('',(-0.0498932420318167,0.0634176805615425,0.0160265715011874));
#8258=CARTESIAN_POINT('',(-0.0498932420318167,0.0634176805615425,0.00985241540185808));
#8259=CARTESIAN_POINT('',(-0.0498932420318167,0.0627376894308873,0.0160265715011874));
#8260=CARTESIAN_POINT('',(-0.0498932420318167,0.0627376894308873,0.00985241540185808));
#8261=CARTESIAN_POINT('',(-0.0313967218177935,0.0634176805615425,0.02));
#8262=CARTESIAN_POINT('',(-0.0313967218177935,0.0634176805615425,0.0179754823217559));
#8263=CARTESIAN_POINT('',(-0.0366506511756461,0.0634176805615425,0.0179754823217559));
#8264=CARTESIAN_POINT('',(-0.0324521414597449,0.0634176805615425,0.0179754823217559));
#8265=CARTESIAN_POINT('',(-0.0330653927633911,0.0634176805615425,0.0190245287217717));
#8266=CARTESIAN_POINT('',(-0.0231917735950672,0.0634176805615425,0.00213441437211919));
#8267=CARTESIAN_POINT('',(-0.0313967218177935,0.0634176805615425,0.0021344143721192));
#8268=CARTESIAN_POINT('',(-0.0284131726545576,0.0634176805615425,0.00213441437211918));
#8269=CARTESIAN_POINT('',(-0.0363610276623589,0.0634176805615425,0.0174185223561482));
#8270=CARTESIAN_POINT('',(-0.0313967218177935,0.0634176805615425,0.0179754823217558));
#8271=CARTESIAN_POINT('',(-0.0484035688628097,0.0634176805615425,0.0179754823217557));
#8272=CARTESIAN_POINT('',(-0.0411548986117819,0.0634176805615425,0.0274587785110631));
#8273=CARTESIAN_POINT('',(-0.0396309261705495,0.0634176805615425,0.0254259874237763));
#8274=CARTESIAN_POINT('',(-0.0445404894085342,0.0634176805615425,0.0179754823217559));
#8275=CARTESIAN_POINT('',(-0.0408069026561916,0.0634176805615425,0.0129745561086138));
#8276=CARTESIAN_POINT('',(-0.0327138799128177,0.0634176805615425,0.00213441437211921));
#8277=CARTESIAN_POINT('',(-0.0313967218177935,0.0634176805615425,0.00213441437211921));
#8278=CARTESIAN_POINT('',(-0.0313967218177935,0.0634176805615425,0.));
#8279=CARTESIAN_POINT('',(-0.0129002016037703,0.0634176805615425,0.));
#8280=CARTESIAN_POINT('',(-0.0129002016037703,0.0634176805615425,0.02));
#8281=CARTESIAN_POINT('',(-0.0129002016037703,0.0634176805615425,0.00384657284384882));
#8282=CARTESIAN_POINT('',(-0.0284546865509091,0.0634176805615425,0.0224587097876452));
#8283=CARTESIAN_POINT('',(-0.0247079757705537,0.0634176805615425,0.0179754823217559));
#8284=CARTESIAN_POINT('',(-0.0313967218177935,0.0634176805615425,0.0179754823217559));
#8285=CARTESIAN_POINT('',(-0.0200151003972999,0.0634176805615425,0.0179754823217559));
#8286=CARTESIAN_POINT('',(-0.0258866402774249,0.0634176805615425,0.0247650529461631));
#8287=CARTESIAN_POINT('',(-0.0129002016037703,0.0634176805615425,0.0097481503389315));
#8288=CARTESIAN_POINT('',(-0.0129002016037703,0.0634176805615425,0.02));
#8289=CARTESIAN_POINT('',(-0.0129002016037703,0.0634176805615425,0.02));
#8290=CARTESIAN_POINT('',(-0.0313967218177935,0.0634176805615425,0.02));
#8291=CARTESIAN_POINT('',(-0.0289459349031278,0.0634176805615425,0.0216994047186465));
#8292=CARTESIAN_POINT('',(-0.0153793385106795,0.0634176805615425,0.00213441437211921));
#8293=CARTESIAN_POINT('',(-0.0263637229387665,0.0634176805615425,0.0179754823217559));
#8294=CARTESIAN_POINT('',(-0.0313967218177935,0.0634176805615425,0.0021344143721192));
#8295=CARTESIAN_POINT('',(-0.0195190372624666,0.0634176805615425,0.00213441437211921));
#8296=CARTESIAN_POINT('',(-0.031673027179485,0.0634176805615425,0.0198100085035303));
#8297=CARTESIAN_POINT('',(-0.0304115808852317,0.0634176805615425,0.0179754823217559));
#8298=CARTESIAN_POINT('',(-0.0313967218177935,0.0634176805615425,0.0179754823217559));
#8299=CARTESIAN_POINT('',(-0.0129002016037703,0.0627376894308873,0.02));
#8300=CARTESIAN_POINT('',(-0.0129002016037703,0.0627376894308873,0.0097481503389315));
#8301=CARTESIAN_POINT('',(-0.0129002016037703,0.0627376894308873,0.02));
#8302=CARTESIAN_POINT('',(-0.0129002016037703,0.0627376894308873,0.02));
#8303=CARTESIAN_POINT('',(-0.0129002016037703,0.0627376894308873,0.00384657284384882));
#8304=CARTESIAN_POINT('',(-0.0129002016037703,0.0627376894308873,0.));
#8305=CARTESIAN_POINT('',(0.0569638111286323,0.0620262571922526,0.02));
#8306=CARTESIAN_POINT('',(0.0531227373770207,0.0620708058778729,0.0161183361790046));
#8307=CARTESIAN_POINT('',(0.0551089589043807,0.0620477697259746,0.0181102233753454));
#8308=CARTESIAN_POINT('',(0.0569638111286323,0.0620262571922526,0.02));
#8309=CARTESIAN_POINT('',(0.0569638111286323,0.0620262571922526,0.0179754823217559));
#8310=CARTESIAN_POINT('',(0.0569638111286323,0.0620262571922526,0.02));
#8311=CARTESIAN_POINT('',(-0.0571810044768047,0.0620636970506362,0.02));
#8312=CARTESIAN_POINT('',(-0.0522044264589591,0.0620414505532757,0.0162441041225145));
#8313=CARTESIAN_POINT('',(-0.0548575934634654,0.0620533108461418,0.0176430758723711));
#8314=CARTESIAN_POINT('',(-0.0571810044768047,0.0620636970506362,0.02));
#8315=CARTESIAN_POINT('',(-0.0506638326205234,0.06203456372931,0.0150184226214171));
#8316=CARTESIAN_POINT('',(-0.0571810044768047,0.0620636970506362,0.));
#8317=CARTESIAN_POINT('',(0.05635,0.0581030302574497,0.0153700164779082));
#8318=CARTESIAN_POINT('',(0.0613186338948197,0.0581030302574497,0.0153700164779082));
#8319=CARTESIAN_POINT('',(0.0613186338948197,0.0607,0.0128099219018154));
#8320=CARTESIAN_POINT('',(0.0613186338948197,0.0610094106838698,0.0125049046347361));
#8321=CARTESIAN_POINT('',(0.05635,0.0607,0.0128099219018154));
#8322=CARTESIAN_POINT('',(0.0605083317189463,0.0607,0.0128099219018154));
#8323=CARTESIAN_POINT('',(0.0573757622628055,0.0575806159584508,0.0158850128567366));
#8324=CARTESIAN_POINT('',(0.0608190502597813,0.0610094106838698,0.0125049046347361));
#8325=CARTESIAN_POINT('',(0.05635,0.0610094106838698,0.0125049046347361));
#8326=CARTESIAN_POINT('',(0.05635,0.0551966498310295,0.0182351283210803));
#8327=CARTESIAN_POINT('',(0.06235,0.0551966498310295,0.0182351283210803));
#8328=CARTESIAN_POINT('',(0.06235,0.0581030302574497,0.0153700164779082));
#8329=CARTESIAN_POINT('',(0.06235,0.0610094106838698,0.0125049046347361));
#8330=CARTESIAN_POINT('',(0.05635,0.0610094106838698,0.0125049046347361));
#8331=CARTESIAN_POINT('',(0.05635,0.0609561295106284,0.0137711018827554));
#8332=CARTESIAN_POINT('',(0.0613186338948197,0.0609561295106284,0.0137711018827554));
#8333=CARTESIAN_POINT('',(0.0613186338948197,0.0609028483373869,0.0150372991307748));
#8334=CARTESIAN_POINT('',(0.06235,0.0609561295106284,0.0137711018827554));
#8335=CARTESIAN_POINT('',(0.06235,0.0609028483373869,0.0150372991307748));
#8336=CARTESIAN_POINT('',(0.05635,0.0609028483373869,0.0150372991307748));
#8337=CARTESIAN_POINT('',(0.05635,0.0592809032485961,0.0166362137259276));
#8338=CARTESIAN_POINT('',(0.0613186338948197,0.0592809032485961,0.0166362137259276));
#8339=CARTESIAN_POINT('',(0.0613186338948197,0.0607,0.0152372671626717));
#8340=CARTESIAN_POINT('',(0.06235,0.0592809032485961,0.0166362137259276));
#8341=CARTESIAN_POINT('',(0.06235,0.0576589581598052,0.0182351283210803));
#8342=CARTESIAN_POINT('',(0.05635,0.0576589581598052,0.0182351283210803));
#8343=CARTESIAN_POINT('',(0.05635,0.0609028483373869,0.0150372991307748));
#8344=CARTESIAN_POINT('',(0.0582393211507953,0.0609028483373869,0.0150372991307748));
#8345=CARTESIAN_POINT('',(0.0565223648289495,0.0591931189202455,0.0167227515777916));
#8346=CARTESIAN_POINT('',(0.0580356153879064,0.0607,0.0152372671626717));
#8347=CARTESIAN_POINT('',(0.05635,0.0607,0.0152372671626717));
#8348=CARTESIAN_POINT('',(0.05635,0.0611520525354775,0.00399289275753634));
#8349=CARTESIAN_POINT('',(0.0613189616549847,0.0611518335220488,0.00400259914822461));
#8350=CARTESIAN_POINT('',(0.0613186338948197,0.0611480494798711,0.00417030298252691));
#8351=CARTESIAN_POINT('',(0.0613158558691178,0.0611159767402566,0.00559172514362905));
#8352=CARTESIAN_POINT('',(0.0588244049087121,0.0610939742611575,0.00656684643874123));
#8353=CARTESIAN_POINT('',(0.0598392731319162,0.0611159767402566,0.00559172514362905));
#8354=CARTESIAN_POINT('',(0.05635,0.0611159767402566,0.00559172514362905));
#8355=CARTESIAN_POINT('',(0.05635,0.0611881283306984,0.00239406037144363));
#8356=CARTESIAN_POINT('',(0.06235,0.0611881283306984,0.00239406037144363));
#8357=CARTESIAN_POINT('',(0.06235,0.0611520525354775,0.00399289275753634));
#8358=CARTESIAN_POINT('',(0.06235,0.0611159767402566,0.00559172514362905));
#8359=CARTESIAN_POINT('',(0.05635,0.0611159767402566,0.00559172514362905));
#8360=CARTESIAN_POINT('',(0.05635,0.0563449918607553,0.0119134267323547));
#8361=CARTESIAN_POINT('',(0.0545216576601082,0.0572599506428139,0.0107010782273301));
#8362=CARTESIAN_POINT('',(0.0594133368750272,0.0608071124887667,0.00600097976896507));
#8363=CARTESIAN_POINT('',(0.0545863985535037,0.0572018329913653,0.0107780859015892));
#8364=CARTESIAN_POINT('',(0.0592699290263113,0.0607,0.00614290710839514));
#8365=CARTESIAN_POINT('',(0.05635,0.0607,0.00614290710839514));
#8366=CARTESIAN_POINT('',(0.0613147786397721,0.0607,0.00614290710839514));
#8367=CARTESIAN_POINT('',(0.0613034886887016,0.0563403368857567,0.011919594717286));
#8368=CARTESIAN_POINT('',(0.06235,0.0563449918607553,0.0119134267323547));
#8369=CARTESIAN_POINT('',(0.06235,0.0515740069812539,0.0182351283210803));
#8370=CARTESIAN_POINT('',(0.05635,0.0515740069812539,0.0182351283210803));
#8371=CARTESIAN_POINT('',(0.05635,0.0600836195807314,0.0175828057496801));
#8372=CARTESIAN_POINT('',(0.0586147123974367,0.0589048696840016,0.0185730362911837));
#8373=CARTESIAN_POINT('',(0.0602084287894991,0.0607,0.0170650040361548));
#8374=CARTESIAN_POINT('',(0.0603505929213037,0.0608601308389128,0.0169304831782799));
#8375=CARTESIAN_POINT('',(0.05635,0.0607,0.0170650040361548));
#8376=CARTESIAN_POINT('',(0.05635,0.0593071083225501,0.0182351283210803));
#8377=CARTESIAN_POINT('',(0.06235,0.0593071083225501,0.0182351283210803));
#8378=CARTESIAN_POINT('',(0.06235,0.0600836195807314,0.0175828057496801));
#8379=CARTESIAN_POINT('',(0.06235,0.0608601308389128,0.0169304831782799));
#8380=CARTESIAN_POINT('',(0.05635,0.0608601308389128,0.0169304831782799));
#8381=CARTESIAN_POINT('',(0.05635,0.060845411937977,0.0175828057496801));
#8382=CARTESIAN_POINT('',(0.0579146227042011,0.0608081211158176,0.0192354865515129));
#8383=CARTESIAN_POINT('',(0.059246218489593,0.0608365516473515,0.0179754823217559));
#8384=CARTESIAN_POINT('',(0.06235,0.060845411937977,0.0175828057496801));
#8385=CARTESIAN_POINT('',(0.06235,0.0608306930370412,0.0182351283210803));
#8386=CARTESIAN_POINT('',(0.05635,0.0608306930370412,0.0182351283210803));
#8387=CARTESIAN_POINT('',(0.05635,0.0608365516473515,0.0179754823217559));
#8388=CARTESIAN_POINT('',(6.93889390390723E-18,-0.0667,0.02));
#8389=CARTESIAN_POINT('',(0.00218519578152614,-0.0667,0.0181859983219938));
#8390=CARTESIAN_POINT('',(0.0167360763105126,-0.0667,0.0181859983219938));
#8391=CARTESIAN_POINT('',(-0.0123656847474603,-0.0667,0.0181859983219938));
#8392=CARTESIAN_POINT('',(0.00892800841643753,-0.0667,0.0102654643471754));
#8393=CARTESIAN_POINT('',(0.00111994052236247,-0.0667,0.00234493037235706));
#8394=CARTESIAN_POINT('',(-0.00562287211254892,-0.0667,0.0102654643471754));
#8395=CARTESIAN_POINT('',(0.0285755854408243,-0.0667,0.0102654643471754));
#8396=CARTESIAN_POINT('',(0.0332057693731631,-0.0667,0.0181859983219938));
#8397=CARTESIAN_POINT('',(0.0239454015084856,-0.0667,0.00234493037235707));
#8398=CARTESIAN_POINT('',(0.0353050242311138,-0.0667,0.0181859983219938));
#8399=CARTESIAN_POINT('',(0.0374042790890645,-0.0667,0.0181859983219938));
#8400=CARTESIAN_POINT('',(0.0332855398285202,-0.0667,0.0102654643471754));
#8401=CARTESIAN_POINT('',(0.0291668005679759,-0.0667,0.00234493037235707));
#8402=CARTESIAN_POINT('',(0.0265561010382307,-0.0667,0.00234493037235707));
#8403=CARTESIAN_POINT('',(-0.0316963101697592,-0.0667,0.0181859983219938));
#8404=CARTESIAN_POINT('',(-0.0294769619551925,-0.0667,0.0181859983219938));
#8405=CARTESIAN_POINT('',(-0.0339156583843259,-0.0667,0.0181859983219938));
#8406=CARTESIAN_POINT('',(-0.0215296542716651,-0.0667,0.0102654643471754));
#8407=CARTESIAN_POINT('',(-0.0135823465881376,-0.0667,0.00234493037235707));
#8408=CARTESIAN_POINT('',(-0.0155823465881376,-0.0667,0.00234493037235707));
#8409=CARTESIAN_POINT('',(-0.0175823465881376,-0.0667,0.00234493037235707));
#8410=CARTESIAN_POINT('',(-0.0257490024862317,-0.0667,0.0102654643471754));
#8411=CARTESIAN_POINT('',(0.0565051811659773,-0.0667,0.0181859983219938));
#8412=CARTESIAN_POINT('',(0.0577363353303651,-0.0667,0.0181859983219938));
#8413=CARTESIAN_POINT('',(0.0552740270015895,-0.0667,0.0181859983219938));
#8414=CARTESIAN_POINT('',(0.059358280419156,-0.0667,0.016587083726841));
#8415=CARTESIAN_POINT('',(0.0609802255079469,-0.0667,0.0149881691316882));
#8416=CARTESIAN_POINT('',(0.0610335066811883,-0.0667,0.0137219718836689));
#8417=CARTESIAN_POINT('',(0.0610867878544298,-0.0667,0.0124557746356495));
#8418=CARTESIAN_POINT('',(0.0581804074280096,-0.0667,0.0153208864788216));
#8419=CARTESIAN_POINT('',(6.93889390390723E-18,-0.0667,0.));
#8420=CARTESIAN_POINT('',(0.06235,-0.0667,0.));
#8421=CARTESIAN_POINT('',(-0.06235,-0.0667,0.));
#8422=CARTESIAN_POINT('',(0.06235,-0.0667,0.02));
#8423=CARTESIAN_POINT('',(0.06235,-0.0667,0.02));
#8424=CARTESIAN_POINT('',(6.93889390390723E-18,-0.0667,0.02));
#8425=CARTESIAN_POINT('',(-0.06235,-0.0667,0.02));
#8426=CARTESIAN_POINT('',(-0.06235,-0.0667,0.02));
#8427=CARTESIAN_POINT('',(-0.059528798278788,-0.0667,0.0172055010100297));
#8428=CARTESIAN_POINT('',(-0.0584925905761747,-0.0667,0.0181859983219938));
#8429=CARTESIAN_POINT('',(-0.0564925905761747,-0.0667,0.0181859983219938));
#8430=CARTESIAN_POINT('',(-0.0544925905761747,-0.0667,0.0181859983219938));
#8431=CARTESIAN_POINT('',(-0.057528798278788,-0.0667,0.0152055010100297));
#8432=CARTESIAN_POINT('',(0.0564223690313152,-0.0667,0.0118642967332681));
#8433=CARTESIAN_POINT('',(0.0516513841518139,-0.0667,0.0181859983219938));
#8434=CARTESIAN_POINT('',(0.0611933539108165,-0.0667,0.00554259514454248));
#8435=CARTESIAN_POINT('',(0.0612294297060374,-0.0667,0.00394376275844977));
#8436=CARTESIAN_POINT('',(0.0612655055012584,-0.0667,0.00234493037235707));
#8437=CARTESIAN_POINT('',(0.0552113511387432,-0.0667,0.0102654643471754));
#8438=CARTESIAN_POINT('',(0.049157196776228,-0.0667,0.0181859983219938));
#8439=CARTESIAN_POINT('',(0.050404290464021,-0.0667,0.0181859983219938));
#8440=CARTESIAN_POINT('',(0.044600104675167,-0.0667,0.00234493037235707));
#8441=CARTESIAN_POINT('',(0.0557327015240979,-0.0667,0.00234493037235707));
#8442=CARTESIAN_POINT('',(0.0334675078262361,-0.0667,0.00234493037235707));
#8443=CARTESIAN_POINT('',(0.0393808125740943,-0.0667,0.0102654643471754));
#8444=CARTESIAN_POINT('',(0.0452941173219525,-0.0667,0.0181859983219938));
#8445=CARTESIAN_POINT('',(0.0505134094230252,-0.0667,0.0102654643471754));
#8446=CARTESIAN_POINT('',(0.0601609967512914,-0.0667,0.0175336757505936));
#8447=CARTESIAN_POINT('',(0.05938448549311,-0.0667,0.0181859983219938));
#8448=CARTESIAN_POINT('',(0.0609375080094727,-0.0667,0.0168813531791933));
#8449=CARTESIAN_POINT('',(0.0601462778503556,-0.0667,0.0181859983219938));
#8450=CARTESIAN_POINT('',(0.0609080702076012,-0.0667,0.0181859983219938));
#8451=CARTESIAN_POINT('',(0.0609227891085369,-0.0667,0.0175336757505936));
#8452=CARTESIAN_POINT('',(-0.0155369293836383,-0.0667,0.0102654643471754));
#8453=CARTESIAN_POINT('',(-0.0224573452917365,-0.0667,0.0181859983219938));
#8454=CARTESIAN_POINT('',(-0.00861651347554011,-0.0667,0.00234493037235707));
#8455=CARTESIAN_POINT('',(-0.0204573452917365,-0.0667,0.0181859983219938));
#8456=CARTESIAN_POINT('',(-0.0184573452917365,-0.0667,0.0181859983219938));
#8457=CARTESIAN_POINT('',(-0.0115369293836383,-0.0667,0.0102654643471754));
#8458=CARTESIAN_POINT('',(-0.00461651347554011,-0.0667,0.00234493037235707));
#8459=CARTESIAN_POINT('',(-0.00661651347554011,-0.0667,0.00234493037235707));
#8460=CARTESIAN_POINT('',(-0.0536272577939062,-0.0667,0.011191993081167));
#8461=CARTESIAN_POINT('',(-0.0586597089616088,-0.0667,0.00621149576920294));
#8462=CARTESIAN_POINT('',(-0.0465602948710335,-0.0667,0.0181859983219938));
#8463=CARTESIAN_POINT('',(-0.0596123574715051,-0.0667,0.00529615737598386));
#8464=CARTESIAN_POINT('',(-0.0555250417438774,-0.0667,0.0132055010100297));
#8465=CARTESIAN_POINT('',(-0.0504925905761747,-0.0667,0.0181859983219938));
#8466=CARTESIAN_POINT('',(-0.0485264427236041,-0.0667,0.0181859983219938));
#8467=CARTESIAN_POINT('',(-0.0554569599423581,-0.0667,0.00326026876557615));
#8468=CARTESIAN_POINT('',(-0.0545043114324619,-0.0667,0.00417560715879522));
#8469=CARTESIAN_POINT('',(-0.0564096084522544,-0.0667,0.00234493037235707));
#8470=CARTESIAN_POINT('',(-0.0494718602647592,-0.0667,0.00915610447075933));
#8471=CARTESIAN_POINT('',(-0.0424048973418865,-0.0667,0.016150109711586));
#8472=CARTESIAN_POINT('',(-0.0414261020320267,-0.0667,0.0171680540167899));
#8473=CARTESIAN_POINT('',(-0.0404473067221669,-0.0667,0.0181859983219938));
#8474=CARTESIAN_POINT('',(-0.032209974184279,-0.0667,0.0102654643471754));
#8475=CARTESIAN_POINT('',(-0.0239726416463911,-0.0667,0.00234493037235706));
#8476=CARTESIAN_POINT('',(-0.0401911250493227,-0.0667,0.00234493037235707));
#8477=CARTESIAN_POINT('',(0.0182028157999914,-0.0667,0.00234493037235707));
#8478=CARTESIAN_POINT('',(0.0202726651758849,-0.0667,0.00234493037235707));
#8479=CARTESIAN_POINT('',(0.0161329664240978,-0.0667,0.00234493037235707));
#8480=CARTESIAN_POINT('',(0.0216251586381414,-0.0667,0.0102654643471754));
#8481=CARTESIAN_POINT('',(0.0271173508521849,-0.0667,0.0181859983219938));
#8482=CARTESIAN_POINT('',(0.0291412798254174,-0.0667,0.0181859983219938));
#8483=CARTESIAN_POINT('',(0.03116520879865,-0.0667,0.0181859983219938));
#8484=CARTESIAN_POINT('',(0.0257189369872674,-0.0667,0.0102654643471754));
#8485=CARTESIAN_POINT('',(0.00964625515406074,-0.0667,0.00234493037235707));
#8486=CARTESIAN_POINT('',(0.0122229490516055,-0.0667,0.00234493037235707));
#8487=CARTESIAN_POINT('',(0.00706956125651596,-0.0667,0.00234493037235707));
#8488=CARTESIAN_POINT('',(0.0139191447836171,-0.0667,0.0102654643471754));
#8489=CARTESIAN_POINT('',(0.0207687283107182,-0.0667,0.0181859983219938));
#8490=CARTESIAN_POINT('',(0.0231151659973451,-0.0667,0.0181859983219938));
#8491=CARTESIAN_POINT('',(0.025461603683972,-0.0667,0.0181859983219938));
#8492=CARTESIAN_POINT('',(0.0188422763677887,-0.0667,0.0102654643471754));
#8493=CARTESIAN_POINT('',(0.000600057902364184,-0.0622458048164845,0.02));
#8494=CARTESIAN_POINT('',(0.0193566542671794,-0.0622458048164845,0.00699395358389869));
#8495=CARTESIAN_POINT('',(0.0161329664240978,-0.0622458048164845,0.00234493037235707));
#8496=CARTESIAN_POINT('',(0.0271173508521849,-0.0622458048164845,0.0181859983219938));
#8497=CARTESIAN_POINT('',(0.000600057902364184,-0.0622458048164845,0.00234493037235707));
#8498=CARTESIAN_POINT('',(0.0202726651758849,-0.0622458048164845,0.00234493037235707));
#8499=CARTESIAN_POINT('',(0.0221998654529165,-0.0622458048164845,0.00514766512360569));
#8500=CARTESIAN_POINT('',(0.03116520879865,-0.0622458048164845,0.0181859983219938));
#8501=CARTESIAN_POINT('',(0.000600057902364184,-0.0622458048164845,0.0181859983219938));
#8502=CARTESIAN_POINT('',(-0.0187544458339774,-0.0622458048164845,0.0395563994571954));
#8503=CARTESIAN_POINT('',(-0.0545043114324619,-0.0622458048164845,0.00417560715879522));
#8504=CARTESIAN_POINT('',(-0.0424048973418865,-0.0622458048164845,0.016150109711586));
#8505=CARTESIAN_POINT('',(-0.0179460560975914,-0.0622458048164845,0.0393020723235359));
#8506=CARTESIAN_POINT('',(-0.0563620440661907,-0.0622458048164845,0.00239063191732533));
#8507=CARTESIAN_POINT('',(-0.0563620440661907,-0.0622458048164845,0.02));
#8508=CARTESIAN_POINT('',(-0.0563620440661907,-0.0622458048164845,0.00848544010648067));
#8509=CARTESIAN_POINT('',(-0.021828473700758,-0.0622458048164845,0.0426624939210091));
#8510=CARTESIAN_POINT('',(-0.0465602948710335,-0.0622458048164845,0.0181859983219938));
#8511=CARTESIAN_POINT('',(0.000600057902364188,-0.0622458048164845,0.0181859983219939));
#8512=CARTESIAN_POINT('',(-0.0504925905761747,-0.0622458048164845,0.0181859983219938));
#8513=CARTESIAN_POINT('',(-0.0237742187295064,-0.0622458048164845,0.0446285359101202));
#8514=CARTESIAN_POINT('',(-0.0563620440661907,-0.0622458048164845,0.0123771397050769));
#8515=CARTESIAN_POINT('',(-0.0563620440661907,-0.0622458048164845,0.02));
#8516=CARTESIAN_POINT('',(-0.0563620440661907,-0.0622458048164845,0.0163508468278984));
#8517=CARTESIAN_POINT('',(-0.0255293461660655,-0.0622458048164845,0.0466178055517126));
#8518=CARTESIAN_POINT('',(-0.0544925905761747,-0.0622458048164845,0.0181859983219938));
#8519=CARTESIAN_POINT('',(0.000600057902364184,-0.0622458048164845,0.0181859983219938));
#8520=CARTESIAN_POINT('',(-0.0563620440661907,-0.0622458048164845,0.0181859983219938));
#8521=CARTESIAN_POINT('',(-0.0563620440661907,-0.0622458048164845,0.02));
#8522=CARTESIAN_POINT('',(-0.0563620440661907,-0.0622458048164845,0.02));
#8523=CARTESIAN_POINT('',(0.000600057902364184,-0.0622458048164845,0.02));
#8524=CARTESIAN_POINT('',(0.000600057902364184,-0.0622458048164845,0.0181859983219938));
#8525=CARTESIAN_POINT('',(0.0552740270015895,-0.0622458048164845,0.0181859983219938));
#8526=CARTESIAN_POINT('',(0.026639212600017,-0.0622458048164845,0.0464142182491539));
#8527=CARTESIAN_POINT('',(0.0322534782591628,-0.0622458048164845,0.0438888197722139));
#8528=CARTESIAN_POINT('',(0.0516513841518139,-0.0622458048164845,0.0181859983219938));
#8529=CARTESIAN_POINT('',(0.00060005790236419,-0.0622458048164845,0.0181859983219936));
#8530=CARTESIAN_POINT('',(0.049157196776228,-0.0622458048164845,0.0181859983219938));
#8531=CARTESIAN_POINT('',(0.0303747851815487,-0.0622458048164845,0.0427586669816801));
#8532=CARTESIAN_POINT('',(0.000600057902364184,-0.0622458048164845,0.));
#8533=CARTESIAN_POINT('',(-0.0563620440661907,-0.0622458048164845,0.));
#8534=CARTESIAN_POINT('',(-0.0563620440661907,-0.0622458048164845,0.02));
#8535=CARTESIAN_POINT('',(-0.0563620440661907,-0.0622458048164845,0.00234493037235707));
#8536=CARTESIAN_POINT('',(0.000600057902364183,-0.0622458048164845,0.00234493037235706));
#8537=CARTESIAN_POINT('',(-0.0239726416463911,-0.0622458048164845,0.00234493037235706));
#8538=CARTESIAN_POINT('',(-0.02002544393336,-0.0622458048164845,-0.00145046254732767));
#8539=CARTESIAN_POINT('',(-0.0404473067221669,-0.0622458048164845,0.0181859983219938));
#8540=CARTESIAN_POINT('',(-0.0198218048864428,-0.0622458048164845,0.0396364608693215));
#8541=CARTESIAN_POINT('',(0.0301678876927417,-0.0622458048164845,-0.00207472234058707));
#8542=CARTESIAN_POINT('',(0.0334675078262361,-0.0622458048164845,0.00234493037235707));
#8543=CARTESIAN_POINT('',(0.0452941173219524,-0.0622458048164845,0.0181859983219938));
#8544=CARTESIAN_POINT('',(0.000600057902364182,-0.0622458048164845,0.00234493037235708));
#8545=CARTESIAN_POINT('',(0.0557327015240979,-0.0622458048164845,0.00234493037235707));
#8546=CARTESIAN_POINT('',(0.0309291391200809,-0.0622458048164845,0.039985563414751));
#8547=CARTESIAN_POINT('',(-0.0152946990804502,-0.0622458048164845,0.0040515141152186));
#8548=CARTESIAN_POINT('',(-0.0135823465881376,-0.0622458048164845,0.00234493037235706));
#8549=CARTESIAN_POINT('',(-0.0294769619551925,-0.0622458048164845,0.0181859983219938));
#8550=CARTESIAN_POINT('',(0.000600057902364187,-0.0622458048164845,0.0181859983219939));
#8551=CARTESIAN_POINT('',(-0.0339156583843259,-0.0622458048164845,0.0181859983219938));
#8552=CARTESIAN_POINT('',(-0.0170364356177075,-0.0622458048164845,0.00181547174908796));
#8553=CARTESIAN_POINT('',(-0.0175823465881376,-0.0622458048164845,0.00234493037235707));
#8554=CARTESIAN_POINT('',(0.000600057902364175,-0.0622458048164845,0.00234493037235706));
#8555=CARTESIAN_POINT('',(0.000600057902364186,-0.0622458048164845,0.0181859983219938));
#8556=CARTESIAN_POINT('',(-0.0224573452917365,-0.0622458048164845,0.0181859983219938));
#8557=CARTESIAN_POINT('',(-0.0184573452917365,-0.0622458048164845,0.0181859983219938));
#8558=CARTESIAN_POINT('',(-0.0133742367913494,-0.0622458048164845,0.0077902258092333));
#8559=CARTESIAN_POINT('',(-0.00861651347554011,-0.0622458048164845,0.00234493037235707));
#8560=CARTESIAN_POINT('',(0.000600057902364179,-0.0622458048164845,0.00234493037235707));
#8561=CARTESIAN_POINT('',(-0.00461651347554011,-0.0622458048164845,0.00234493037235707));
#8562=CARTESIAN_POINT('',(-0.0111058990415922,-0.0622458048164845,0.00977214277319905));
#8563=CARTESIAN_POINT('',(0.000600057902364183,-0.0622458048164845,0.0181859983219938));
#8564=CARTESIAN_POINT('',(0.0374042790890645,-0.0622458048164845,0.0181859983219938));
#8565=CARTESIAN_POINT('',(0.0332057693731631,-0.0622458048164845,0.0181859983219938));
#8566=CARTESIAN_POINT('',(0.0256915831239149,-0.0622458048164845,0.00533200194733564));
#8567=CARTESIAN_POINT('',(0.0239454015084856,-0.0622458048164845,0.00234493037235707));
#8568=CARTESIAN_POINT('',(0.000600057902364184,-0.0622458048164845,0.00234493037235707));
#8569=CARTESIAN_POINT('',(0.0291668005679759,-0.0622458048164845,0.00234493037235707));
#8570=CARTESIAN_POINT('',(0.0303129639639086,-0.0622458048164845,0.00454905778705981));
#8571=CARTESIAN_POINT('',(0.00969034858354117,-0.0622458048164845,0.0110387851322694));
#8572=CARTESIAN_POINT('',(0.00111994052236247,-0.0622458048164845,0.00234493037235706));
#8573=CARTESIAN_POINT('',(0.0167360763105126,-0.0622458048164845,0.0181859983219938));
#8574=CARTESIAN_POINT('',(0.000600057902364184,-0.0622458048164845,0.0181859983219938));
#8575=CARTESIAN_POINT('',(-0.0123656847474603,-0.0622458048164845,0.0181859983219938));
#8576=CARTESIAN_POINT('',(-0.0078128869042972,-0.0622458048164845,0.0128379941656056));
#8577=CARTESIAN_POINT('',(0.0130366470177607,-0.0622458048164845,0.00924498572836445));
#8578=CARTESIAN_POINT('',(0.00706956125651596,-0.0622458048164845,0.00234493037235707));
#8579=CARTESIAN_POINT('',(0.0207687283107182,-0.0622458048164845,0.0181859983219938));
#8580=CARTESIAN_POINT('',(0.00060005790236419,-0.0622458048164845,0.00234493037235707));
#8581=CARTESIAN_POINT('',(0.0122229490516055,-0.0622458048164845,0.00234493037235707));
#8582=CARTESIAN_POINT('',(0.016130660067602,-0.0622458048164845,0.00702080699660276));
#8583=CARTESIAN_POINT('',(0.025461603683972,-0.0622458048164845,0.0181859983219938));
#8584=CARTESIAN_POINT('',(0.000600057902364182,-0.0622458048164845,0.0181859983219939));
#8585=CARTESIAN_POINT('',(-0.0571870265099001,-0.0622393770042198,0.02));
#8586=CARTESIAN_POINT('',(-0.0529677202028723,-0.0622722515326847,0.0157364213580593));
#8587=CARTESIAN_POINT('',(-0.0549579785382848,-0.0622567445276135,0.017729149612699));
#8588=CARTESIAN_POINT('',(-0.0571870265099001,-0.0622393770042198,0.02));
#8589=CARTESIAN_POINT('',(-0.0571870265099001,-0.0622393770042198,0.0181859983219938));
#8590=CARTESIAN_POINT('',(-0.0571870265099001,-0.0622393770042198,0.02));
#8591=CARTESIAN_POINT('',(-0.05635,-0.0611329031630698,0.00410295186348364));
#8592=CARTESIAN_POINT('',(-0.0605655329507834,-0.0611327173579882,0.00411118650335826));
#8593=CARTESIAN_POINT('',(-0.0605650059814014,-0.0611266334143575,0.00438081898276478));
#8594=CARTESIAN_POINT('',(-0.0605624242885286,-0.0610968273678489,0.00570178424957636));
#8595=CARTESIAN_POINT('',(-0.0585127434115789,-0.0610821400867845,0.00635270546934468));
#8596=CARTESIAN_POINT('',(-0.0591901968371819,-0.0610968273678489,0.00570178424957636));
#8597=CARTESIAN_POINT('',(-0.05635,-0.0610968273678489,0.00570178424957636));
#8598=CARTESIAN_POINT('',(-0.05635,-0.0611689789582907,0.00250411947739094));
#8599=CARTESIAN_POINT('',(-0.06235,-0.0611689789582907,0.00250411947739094));
#8600=CARTESIAN_POINT('',(-0.06235,-0.0611329031630698,0.00410295186348364));
#8601=CARTESIAN_POINT('',(-0.06235,-0.0610968273678489,0.00570178424957636));
#8602=CARTESIAN_POINT('',(-0.05635,-0.0610968273678489,0.00570178424957636));
#8603=CARTESIAN_POINT('',(-0.05635,-0.0563258424883475,0.012023485838302));
#8604=CARTESIAN_POINT('',(-0.0541376148032222,-0.0574329881365789,0.0105564838292522));
#8605=CARTESIAN_POINT('',(-0.0586597089616088,-0.0607121483508287,0.00621149576920294));
#8606=CARTESIAN_POINT('',(-0.0541912869111162,-0.0573746475726349,0.0106337868694183));
#8607=CARTESIAN_POINT('',(-0.058643444108856,-0.0607,0.00622759270739777));
#8608=CARTESIAN_POINT('',(-0.05635,-0.0607,0.00622759270739777));
#8609=CARTESIAN_POINT('',(-0.0605613966491333,-0.0607,0.00622759270739777));
#8610=CARTESIAN_POINT('',(-0.0605500589416427,-0.0563218955389156,0.0120287156675982));
#8611=CARTESIAN_POINT('',(-0.06235,-0.0563258424883475,0.012023485838302));
#8612=CARTESIAN_POINT('',(-0.06235,-0.0515548576088462,0.0183451874270276));
#8613=CARTESIAN_POINT('',(-0.05635,-0.0515548576088462,0.0183451874270276));
#8614=CARTESIAN_POINT('',(-0.05635,-0.0600644702083237,0.0176928648556274));
#8615=CARTESIAN_POINT('',(-0.0581718774311503,-0.0591162094771803,0.0184894687322358));
#8616=CARTESIAN_POINT('',(-0.0595779663904396,-0.0607,0.017158976359434));
#8617=CARTESIAN_POINT('',(-0.0597031297126472,-0.0608409814665051,0.0170405422842272));
#8618=CARTESIAN_POINT('',(-0.05635,-0.0607,0.017158976359434));
#8619=CARTESIAN_POINT('',(-0.05635,-0.0592879589501423,0.0183451874270277));
#8620=CARTESIAN_POINT('',(-0.06235,-0.0592879589501423,0.0183451874270277));
#8621=CARTESIAN_POINT('',(-0.06235,-0.0600644702083237,0.0176928648556274));
#8622=CARTESIAN_POINT('',(-0.06235,-0.0608409814665051,0.0170405422842272));
#8623=CARTESIAN_POINT('',(-0.05635,-0.0608409814665051,0.0170405422842272));
#8624=CARTESIAN_POINT('',(-0.05635,-0.0608262625655693,0.0176928648556274));
#8625=CARTESIAN_POINT('',(-0.0576086811448004,-0.0607962634772267,0.0190223854857801));
#8626=CARTESIAN_POINT('',(-0.0584925905761747,-0.0608151355818379,0.0181859983219938));
#8627=CARTESIAN_POINT('',(-0.06235,-0.0608262625655693,0.0176928648556274));
#8628=CARTESIAN_POINT('',(-0.06235,-0.0608115436646335,0.0183451874270277));
#8629=CARTESIAN_POINT('',(-0.05635,-0.0608115436646335,0.0183451874270277));
#8630=CARTESIAN_POINT('',(-0.05635,-0.0608151355818379,0.0181859983219938));
#8631=CARTESIAN_POINT('',(-0.05635,-0.0580838808850419,0.0154800755838556));
#8632=CARTESIAN_POINT('',(-0.0605650059814014,-0.0580838808850419,0.0154800755838556));
#8633=CARTESIAN_POINT('',(-0.0605650059814014,-0.0607,0.0129011035431417));
#8634=CARTESIAN_POINT('',(-0.0605650059814014,-0.0609902613114621,0.0126149637406834));
#8635=CARTESIAN_POINT('',(-0.05635,-0.0607,0.0129011035431417));
#8636=CARTESIAN_POINT('',(-0.0598762687196311,-0.0607,0.0129011035431417));
#8637=CARTESIAN_POINT('',(-0.0569448549698136,-0.0577809249728102,0.0157787297325705));
#8638=CARTESIAN_POINT('',(-0.0601677569450225,-0.0609902613114621,0.0126149637406834));
#8639=CARTESIAN_POINT('',(-0.05635,-0.0609902613114621,0.0126149637406834));
#8640=CARTESIAN_POINT('',(-0.05635,-0.0551775004586218,0.0183451874270276));
#8641=CARTESIAN_POINT('',(-0.06235,-0.0551775004586218,0.0183451874270276));
#8642=CARTESIAN_POINT('',(-0.06235,-0.0580838808850419,0.0154800755838556));
#8643=CARTESIAN_POINT('',(-0.06235,-0.0609902613114621,0.0126149637406834));
#8644=CARTESIAN_POINT('',(-0.05635,-0.0609902613114621,0.0126149637406834));
#8645=CARTESIAN_POINT('',(-0.05635,-0.0609369801382206,0.0138811609887027));
#8646=CARTESIAN_POINT('',(-0.0605650059814014,-0.0609369801382206,0.0138811609887027));
#8647=CARTESIAN_POINT('',(-0.0605650059814014,-0.0608836989649792,0.0151473582367221));
#8648=CARTESIAN_POINT('',(-0.06235,-0.0609369801382206,0.0138811609887027));
#8649=CARTESIAN_POINT('',(-0.06235,-0.0608836989649792,0.015147358236722));
#8650=CARTESIAN_POINT('',(-0.05635,-0.0608836989649792,0.0151473582367221));
#8651=CARTESIAN_POINT('',(-0.05635,-0.0592617538761883,0.0167462728318749));
#8652=CARTESIAN_POINT('',(-0.0605650059814014,-0.0592617538761883,0.0167462728318749));
#8653=CARTESIAN_POINT('',(-0.0605650059814014,-0.0607,0.0153284488039981));
#8654=CARTESIAN_POINT('',(-0.06235,-0.0592617538761883,0.0167462728318749));
#8655=CARTESIAN_POINT('',(-0.06235,-0.0576398087873975,0.0183451874270276));
#8656=CARTESIAN_POINT('',(-0.05635,-0.0576398087873975,0.0183451874270276));
#8657=CARTESIAN_POINT('',(-0.05635,-0.0607,0.0153284488039981));
#8658=CARTESIAN_POINT('',(-0.06235,0.,0.02));
#8659=CARTESIAN_POINT('',(-0.06235,-0.00208866923855847,0.0183451874270276));
#8660=CARTESIAN_POINT('',(-0.06235,-0.016639549767545,0.0183451874270276));
#8661=CARTESIAN_POINT('',(-0.06235,0.012462211290428,0.0183451874270276));
#8662=CARTESIAN_POINT('',(-0.06235,-0.00883148187346986,0.0104246534522093));
#8663=CARTESIAN_POINT('',(-0.06235,-0.00102341397939479,0.00250411947739093));
#8664=CARTESIAN_POINT('',(-0.06235,0.00571939865551659,0.0104246534522093));
#8665=CARTESIAN_POINT('',(-0.06235,-0.0284790588978566,0.0104246534522093));
#8666=CARTESIAN_POINT('',(-0.06235,-0.0331092428301955,0.0183451874270276));
#8667=CARTESIAN_POINT('',(-0.06235,-0.0238488749655179,0.00250411947739093));
#8668=CARTESIAN_POINT('',(-0.06235,-0.0352084976881461,0.0183451874270276));
#8669=CARTESIAN_POINT('',(-0.06235,-0.0373077525460968,0.0183451874270276));
#8670=CARTESIAN_POINT('',(-0.06235,-0.0331890132855525,0.0104246534522093));
#8671=CARTESIAN_POINT('',(-0.06235,-0.0290702740250082,0.00250411947739094));
#8672=CARTESIAN_POINT('',(-0.06235,-0.0264595744952631,0.00250411947739094));
#8673=CARTESIAN_POINT('',(-0.06235,0.0317928367127269,0.0183451874270276));
#8674=CARTESIAN_POINT('',(-0.06235,0.0295734884981602,0.0183451874270276));
#8675=CARTESIAN_POINT('',(-0.06235,0.0340121849272936,0.0183451874270276));
#8676=CARTESIAN_POINT('',(-0.06235,0.0216261808146327,0.0104246534522093));
#8677=CARTESIAN_POINT('',(-0.06235,0.0136788731311052,0.00250411947739094));
#8678=CARTESIAN_POINT('',(-0.06235,0.0156788731311053,0.00250411947739094));
#8679=CARTESIAN_POINT('',(-0.06235,0.0176788731311053,0.00250411947739094));
#8680=CARTESIAN_POINT('',(-0.06235,0.0258455290291994,0.0104246534522093));
#8681=CARTESIAN_POINT('',(-0.06235,-0.0564086546230096,0.0183451874270276));
#8682=CARTESIAN_POINT('',(-0.06235,0.,0.));
#8683=CARTESIAN_POINT('',(-0.06235,0.,0.02));
#8684=CARTESIAN_POINT('',(-0.06235,0.060661532524369,0.0143841928030994));
#8685=CARTESIAN_POINT('',(-0.06235,0.060661532524369,0.0123841928030994));
#8686=CARTESIAN_POINT('',(-0.06235,0.060661532524369,0.0163841928030995));
#8687=CARTESIAN_POINT('',(-0.06235,0.0596253248217557,0.0173646901150636));
#8688=CARTESIAN_POINT('',(-0.06235,0.0585891171191424,0.0183451874270276));
#8689=CARTESIAN_POINT('',(-0.06235,0.0565891171191424,0.0183451874270276));
#8690=CARTESIAN_POINT('',(-0.06235,0.0545891171191424,0.0183451874270276));
#8691=CARTESIAN_POINT('',(-0.06235,0.0576253248217557,0.0153646901150636));
#8692=CARTESIAN_POINT('',(-0.06235,-0.0551148245957755,0.0104246534522093));
#8693=CARTESIAN_POINT('',(-0.06235,-0.0490606702332603,0.0183451874270276));
#8694=CARTESIAN_POINT('',(-0.06235,-0.0503077639210533,0.0183451874270276));
#8695=CARTESIAN_POINT('',(-0.06235,-0.0445035781321994,0.00250411947739094));
#8696=CARTESIAN_POINT('',(-0.06235,-0.0556361749811302,0.00250411947739094));
#8697=CARTESIAN_POINT('',(-0.06235,-0.0333709812832684,0.00250411947739094));
#8698=CARTESIAN_POINT('',(-0.06235,-0.0392842860311266,0.0104246534522093));
#8699=CARTESIAN_POINT('',(-0.06235,-0.0451975907789848,0.0183451874270276));
#8700=CARTESIAN_POINT('',(-0.06235,-0.0504168828800575,0.0104246534522093));
#8701=CARTESIAN_POINT('',(-0.06235,-0.0600497513073879,0.0183451874270277));
#8702=CARTESIAN_POINT('',(-0.06235,0.015633455926606,0.0104246534522093));
#8703=CARTESIAN_POINT('',(-0.06235,0.0225538718347042,0.0183451874270276));
#8704=CARTESIAN_POINT('',(-0.06235,0.00871304001850778,0.00250411947739094));
#8705=CARTESIAN_POINT('',(-0.06235,0.0205538718347042,0.0183451874270276));
#8706=CARTESIAN_POINT('',(-0.06235,0.0185538718347042,0.0183451874270276));
#8707=CARTESIAN_POINT('',(-0.06235,0.011633455926606,0.0104246534522093));
#8708=CARTESIAN_POINT('',(-0.06235,0.00471304001850778,0.00250411947739093));
#8709=CARTESIAN_POINT('',(-0.06235,0.00671304001850778,0.00250411947739094));
#8710=CARTESIAN_POINT('',(-0.06235,0.0537237843368738,0.0113511821862009));
#8711=CARTESIAN_POINT('',(-0.06235,0.0587562355045765,0.00637068487423681));
#8712=CARTESIAN_POINT('',(-0.06235,0.0466568214140012,0.0183451874270276));
#8713=CARTESIAN_POINT('',(-0.06235,0.0597088840144728,0.00545534648101773));
#8714=CARTESIAN_POINT('',(-0.06235,0.060661532524369,0.00454000808779865));
#8715=CARTESIAN_POINT('',(-0.06235,0.0606577759894584,0.00646210044544905));
#8716=CARTESIAN_POINT('',(-0.06235,0.0606540194545477,0.00838419280309945));
#8717=CARTESIAN_POINT('',(-0.06235,0.055621568286845,0.0133646901150636));
#8718=CARTESIAN_POINT('',(-0.06235,0.0505891171191423,0.0183451874270276));
#8719=CARTESIAN_POINT('',(-0.06235,0.0486229692665718,0.0183451874270276));
#8720=CARTESIAN_POINT('',(-0.06235,0.0555534864853258,0.00341945787061002));
#8721=CARTESIAN_POINT('',(-0.06235,0.0546008379754295,0.0043347962638291));
#8722=CARTESIAN_POINT('',(-0.06235,0.0565061349952221,0.00250411947739094));
#8723=CARTESIAN_POINT('',(-0.06235,0.0495683868077269,0.0093152935757932));
#8724=CARTESIAN_POINT('',(-0.06235,0.0425014238848542,0.01630929881662));
#8725=CARTESIAN_POINT('',(-0.06235,0.0415226285749944,0.0173272431218238));
#8726=CARTESIAN_POINT('',(-0.06235,0.0405438332651346,0.0183451874270276));
#8727=CARTESIAN_POINT('',(-0.06235,0.0323065007272467,0.0104246534522093));
#8728=CARTESIAN_POINT('',(-0.06235,0.0240691681893587,0.00250411947739093));
#8729=CARTESIAN_POINT('',(-0.06235,0.0402876515922904,0.00250411947739093));
#8730=CARTESIAN_POINT('',(-0.06235,-0.0181062892570237,0.00250411947739094));
#8731=CARTESIAN_POINT('',(-0.06235,-0.0201761386329172,0.00250411947739094));
#8732=CARTESIAN_POINT('',(-0.06235,-0.0160364398811302,0.00250411947739094));
#8733=CARTESIAN_POINT('',(-0.06235,-0.0215286320951737,0.0104246534522093));
#8734=CARTESIAN_POINT('',(-0.06235,-0.0270208243092172,0.0183451874270276));
#8735=CARTESIAN_POINT('',(-0.06235,-0.0290447532824497,0.0183451874270276));
#8736=CARTESIAN_POINT('',(-0.06235,-0.0310686822556824,0.0183451874270276));
#8737=CARTESIAN_POINT('',(-0.06235,-0.0256224104442998,0.0104246534522093));
#8738=CARTESIAN_POINT('',(-0.06235,-0.00954972861109307,0.00250411947739094));
#8739=CARTESIAN_POINT('',(-0.06235,-0.0121264225086378,0.00250411947739094));
#8740=CARTESIAN_POINT('',(-0.06235,-0.00697303471354829,0.00250411947739094));
#8741=CARTESIAN_POINT('',(-0.06235,-0.0138226182406494,0.0104246534522093));
#8742=CARTESIAN_POINT('',(-0.06235,-0.0206722017677506,0.0183451874270276));
#8743=CARTESIAN_POINT('',(-0.06235,-0.0230186394543774,0.0183451874270276));
#8744=CARTESIAN_POINT('',(-0.06235,-0.0253650771410042,0.0183451874270276));
#8745=CARTESIAN_POINT('',(-0.06235,-0.0187457498248211,0.0104246534522093));
#8746=CARTESIAN_POINT('',(0.06235,1.38777878078145E-17,0.02));
#8747=CARTESIAN_POINT('',(0.06235,0.0138417676130572,0.010314594346262));
#8748=CARTESIAN_POINT('',(0.06235,0.00699218408595603,0.00239406037144363));
#8749=CARTESIAN_POINT('',(0.06235,0.0206913511401584,0.0182351283210803));
#8750=CARTESIAN_POINT('',(0.06235,0.0230377888267852,0.0182351283210803));
#8751=CARTESIAN_POINT('',(0.06235,0.025384226513412,0.0182351283210803));
#8752=CARTESIAN_POINT('',(0.06235,0.0187648991972288,0.010314594346262));
#8753=CARTESIAN_POINT('',(0.06235,0.0121455718810456,0.00239406037144363));
#8754=CARTESIAN_POINT('',(0.06235,0.0095688779835008,0.00239406037144363));
#8755=CARTESIAN_POINT('',(0.06235,-0.059689734642065,0.00534528737507042));
#8756=CARTESIAN_POINT('',(0.06235,-0.0587370861321688,0.0062606257682895));
#8757=CARTESIAN_POINT('',(0.06235,-0.0606423831519613,0.00442994898185134));
#8758=CARTESIAN_POINT('',(0.06235,-0.0606386266170506,0.00635204133950174));
#8759=CARTESIAN_POINT('',(0.06235,-0.06063487008214,0.00827413369715215));
#8760=CARTESIAN_POINT('',(0.06235,-0.0556024189144373,0.0132546310091162));
#8761=CARTESIAN_POINT('',(0.06235,-0.0505699677467346,0.0182351283210803));
#8762=CARTESIAN_POINT('',(0.06235,-0.048603819894164,0.0182351283210803));
#8763=CARTESIAN_POINT('',(0.06235,-0.0466376720415934,0.0182351283210803));
#8764=CARTESIAN_POINT('',(0.06235,-0.0537046349644661,0.0112411230802536));
#8765=CARTESIAN_POINT('',(0.06235,-0.0258263796567917,0.010314594346262));
#8766=CARTESIAN_POINT('',(0.06235,-0.0339930355548859,0.0182351283210803));
#8767=CARTESIAN_POINT('',(0.06235,-0.0176597237586975,0.00239406037144363));
#8768=CARTESIAN_POINT('',(0.06235,-0.0317736873403191,0.0182351283210803));
#8769=CARTESIAN_POINT('',(0.06235,-0.0295543391257524,0.0182351283210803));
#8770=CARTESIAN_POINT('',(0.06235,-0.021607031442225,0.010314594346262));
#8771=CARTESIAN_POINT('',(0.06235,-0.0136597237586975,0.00239406037144363));
#8772=CARTESIAN_POINT('',(0.06235,-0.0156597237586975,0.00239406037144363));
#8773=CARTESIAN_POINT('',(0.06235,-0.00570024928310886,0.010314594346262));
#8774=CARTESIAN_POINT('',(0.06235,-0.0124430619180202,0.0182351283210803));
#8775=CARTESIAN_POINT('',(0.06235,0.00104256335180253,0.00239406037144363));
#8776=CARTESIAN_POINT('',(0.06235,0.00210781861096621,0.0182351283210803));
#8777=CARTESIAN_POINT('',(0.06235,0.0166586991399526,0.0182351283210803));
#8778=CARTESIAN_POINT('',(0.06235,0.0088506312458776,0.010314594346262));
#8779=CARTESIAN_POINT('',(0.06235,-0.0495492374353191,0.00920523446984589));
#8780=CARTESIAN_POINT('',(0.06235,-0.0545816886030218,0.00422473715788179));
#8781=CARTESIAN_POINT('',(0.06235,-0.0424822745124464,0.0161992397106726));
#8782=CARTESIAN_POINT('',(0.06235,-0.0415034792025867,0.0172171840158765));
#8783=CARTESIAN_POINT('',(0.06235,-0.0405246838927269,0.0182351283210803));
#8784=CARTESIAN_POINT('',(0.06235,-0.032287351354839,0.010314594346262));
#8785=CARTESIAN_POINT('',(0.06235,-0.0240500188169511,0.00239406037144363));
#8786=CARTESIAN_POINT('',(0.06235,-0.0402685022198827,0.00239406037144363));
#8787=CARTESIAN_POINT('',(0.06235,-0.0564869856228143,0.00239406037144363));
#8788=CARTESIAN_POINT('',(0.06235,-0.0555343371129181,0.00330939876466271));
#8789=CARTESIAN_POINT('',(0.06235,0.0551339739681833,0.010314594346262));
#8790=CARTESIAN_POINT('',(0.06235,0.0490798196056681,0.0182351283210803));
#8791=CARTESIAN_POINT('',(0.06235,0.050326913293461,0.0182351283210803));
#8792=CARTESIAN_POINT('',(0.06235,0.0564278039954174,0.0182351283210803));
#8793=CARTESIAN_POINT('',(0.06235,1.38777878078145E-17,0.));
#8794=CARTESIAN_POINT('',(0.06235,1.38777878078145E-17,0.02));
#8795=CARTESIAN_POINT('',(0.06235,-0.059606175449348,0.0172546310091162));
#8796=CARTESIAN_POINT('',(0.06235,-0.0606423831519613,0.0162741336971522));
#8797=CARTESIAN_POINT('',(0.06235,-0.0585699677467346,0.0182351283210803));
#8798=CARTESIAN_POINT('',(0.06235,-0.0565699677467346,0.0182351283210803));
#8799=CARTESIAN_POINT('',(0.06235,-0.0545699677467346,0.0182351283210803));
#8800=CARTESIAN_POINT('',(0.06235,-0.057606175449348,0.0152546310091162));
#8801=CARTESIAN_POINT('',(0.06235,-0.0606423831519613,0.0122741336971521));
#8802=CARTESIAN_POINT('',(0.06235,-0.0606423831519613,0.0142741336971521));
#8803=CARTESIAN_POINT('',(0.06235,0.0600689006797956,0.0182351283210803));
#8804=CARTESIAN_POINT('',(0.06235,-0.0205347224622965,0.0182351283210803));
#8805=CARTESIAN_POINT('',(0.06235,-0.0225347224622965,0.0182351283210803));
#8806=CARTESIAN_POINT('',(0.06235,-0.0185347224622965,0.0182351283210803));
#8807=CARTESIAN_POINT('',(0.06235,-0.0116143065541983,0.010314594346262));
#8808=CARTESIAN_POINT('',(0.06235,-0.00469389064610004,0.00239406037144363));
#8809=CARTESIAN_POINT('',(0.06235,-0.00669389064610005,0.00239406037144363));
#8810=CARTESIAN_POINT('',(0.06235,-0.00869389064610005,0.00239406037144363));
#8811=CARTESIAN_POINT('',(0.06235,-0.0156143065541982,0.010314594346262));
#8812=CARTESIAN_POINT('',(0.06235,0.0264787238676708,0.00239406037144363));
#8813=CARTESIAN_POINT('',(0.06235,0.0238680243379256,0.00239406037144363));
#8814=CARTESIAN_POINT('',(0.06235,0.029089423397416,0.00239406037144363));
#8815=CARTESIAN_POINT('',(0.06235,0.0284982082702644,0.010314594346262));
#8816=CARTESIAN_POINT('',(0.06235,0.0331283922026032,0.0182351283210803));
#8817=CARTESIAN_POINT('',(0.06235,0.0352276470605539,0.0182351283210803));
#8818=CARTESIAN_POINT('',(0.06235,0.0373269019185046,0.0182351283210803));
#8819=CARTESIAN_POINT('',(0.06235,0.0332081626579602,0.010314594346262));
#8820=CARTESIAN_POINT('',(0.06235,0.0393034354035344,0.010314594346262));
#8821=CARTESIAN_POINT('',(0.06235,0.0333901306556761,0.00239406037144363));
#8822=CARTESIAN_POINT('',(0.06235,0.0452167401513925,0.0182351283210803));
#8823=CARTESIAN_POINT('',(0.06235,0.0504360322524653,0.010314594346262));
#8824=CARTESIAN_POINT('',(0.06235,0.055655324353538,0.00239406037144363));
#8825=CARTESIAN_POINT('',(0.06235,0.044522727504607,0.00239406037144363));
#8826=CARTESIAN_POINT('',(0.06235,0.0215477814675815,0.010314594346262));
#8827=CARTESIAN_POINT('',(0.06235,0.0160555892535379,0.00239406037144363));
#8828=CARTESIAN_POINT('',(0.06235,0.0270399736816249,0.0182351283210803));
#8829=CARTESIAN_POINT('',(0.06235,0.0290639026548575,0.0182351283210803));
#8830=CARTESIAN_POINT('',(0.06235,0.0310878316280901,0.0182351283210803));
#8831=CARTESIAN_POINT('',(0.06235,0.0256415598167075,0.010314594346262));
#8832=CARTESIAN_POINT('',(0.06235,0.0201952880053249,0.00239406037144363));
#8833=CARTESIAN_POINT('',(0.06235,0.0181254386294314,0.00239406037144363));
#8834=CARTESIAN_POINT('',(0.0569638111286323,0.0620262571922526,0.02));
#8835=CARTESIAN_POINT('',(0.0481344912774189,0.0621286594421776,0.0108095520918716));
#8836=CARTESIAN_POINT('',(0.0571632363656727,0.0620239442629094,0.0021344143721192));
#8837=CARTESIAN_POINT('',(0.0569638111286323,0.0620262571922526,0.0021344143721192));
#8838=CARTESIAN_POINT('',(0.0569638111286323,0.0620262571922526,0.));
#8839=CARTESIAN_POINT('',(0.0511771245613441,0.0620933710508608,0.0141521633417587));
#8840=CARTESIAN_POINT('',(-0.0571870265099001,-0.0622393770042198,0.02));
#8841=CARTESIAN_POINT('',(-0.0479936348500256,-0.0623110068869113,0.0104312955683486));
#8842=CARTESIAN_POINT('',(-0.0564096084522544,-0.062245434220787,0.00234493037235707));
#8843=CARTESIAN_POINT('',(-0.0571870265099001,-0.0622393770042198,0.00234493037235707));
#8844=CARTESIAN_POINT('',(-0.0571870265099001,-0.0622393770042198,0.));
#8845=CARTESIAN_POINT('',(-0.0510220348450866,-0.0622874112494779,0.0137703203140145));
#8846=CARTESIAN_POINT('',(-0.0571810044768047,0.0620636970506362,0.02));
#8847=CARTESIAN_POINT('',(-0.0560711296953006,0.062058735644162,0.0188741162729472));
#8848=CARTESIAN_POINT('',(-0.0569827074169468,0.0620628106152175,0.0179754823217556));
#8849=CARTESIAN_POINT('',(-0.0571810044768047,0.0620636970506362,0.0179754823217559));
#8850=CARTESIAN_POINT('',(-0.0571810044768047,0.0620636970506362,0.02));
#8851=CARTESIAN_POINT('',(-1.38777878078145E-17,0.,0.02));
#8852=CARTESIAN_POINT('',(0.060542393475771,0.0647046715021133,0.02));
#8853=CARTESIAN_POINT('',(0.0612907659509695,0.0647046715021133,0.02));
#8854=CARTESIAN_POINT('',(-0.0600909739732742,0.0646055489778519,0.02));
#8855=CARTESIAN_POINT('',(-0.0593426014980757,0.0646055489778519,0.02));
#8856=CARTESIAN_POINT('',(-0.0599906630814076,-0.0645916759967804,0.02));
#8857=CARTESIAN_POINT('',(-0.0592422906062091,-0.0645916759967804,0.02));
#8858=CARTESIAN_POINT('',(0.0598563775420189,-0.0645149722695351,0.02));
#8859=CARTESIAN_POINT('',(0.0606047500172174,-0.0645149722695351,0.02));
#8860=CARTESIAN_POINT('',(-1.38777878078145E-17,0.,0.));
#8861=CARTESIAN_POINT('',(0.060542393475771,0.0647046715021133,0.));
#8862=CARTESIAN_POINT('',(0.0612907659509695,0.0647046715021133,0.));
#8863=CARTESIAN_POINT('',(-0.0600909739732742,0.0646055489778519,0.));
#8864=CARTESIAN_POINT('',(-0.0593426014980757,0.0646055489778519,0.));
#8865=CARTESIAN_POINT('',(-0.0599906630814076,-0.0645916759967804,0.));
#8866=CARTESIAN_POINT('',(-0.0592422906062091,-0.0645916759967804,0.));
#8867=CARTESIAN_POINT('',(0.0598563775420189,-0.0645149722695351,0.));
#8868=CARTESIAN_POINT('',(0.0606047500172174,-0.0645149722695351,0.));
#8869=CARTESIAN_POINT('',(0.05635,-0.059606175449348,0.0172546310091162));
#8870=CARTESIAN_POINT('',(0.05635,-0.0585699677467346,0.0182351283210803));
#8871=CARTESIAN_POINT('',(0.05635,-0.0606423831519613,0.0162741336971522));
#8872=CARTESIAN_POINT('',(0.05635,-0.0606423831519613,0.0142741336971521));
#8873=CARTESIAN_POINT('',(0.05635,-0.0606423831519613,0.0122741336971521));
#8874=CARTESIAN_POINT('',(0.05635,-0.057606175449348,0.0152546310091162));
#8875=CARTESIAN_POINT('',(0.05635,-0.0545699677467346,0.0182351283210803));
#8876=CARTESIAN_POINT('',(0.05635,-0.0565699677467346,0.0182351283210803));
#8877=CARTESIAN_POINT('',(0.05635,0.0564278039954174,0.0182351283210803));
#8878=CARTESIAN_POINT('',(0.05635,0.0609561295106284,0.0137711018827554));
#8879=CARTESIAN_POINT('',(0.0579115640290065,0.0608893094864073,0.0153590423434107));
#8880=CARTESIAN_POINT('',(0.05635,0.050326913293461,0.0182351283210803));
#8881=CARTESIAN_POINT('',(0.05635,0.0490798196056681,0.0182351283210803));
#8882=CARTESIAN_POINT('',(0.05635,0.0551339739681833,0.010314594346262));
#8883=CARTESIAN_POINT('',(0.05635,0.0600689006797956,0.0182351283210803));
#8884=CARTESIAN_POINT('',(0.05635,-0.0495492374353191,0.00920523446984589));
#8885=CARTESIAN_POINT('',(0.05635,-0.0424822745124464,0.0161992397106726));
#8886=CARTESIAN_POINT('',(0.05635,-0.0545816886030218,0.00422473715788179));
#8887=CARTESIAN_POINT('',(0.05635,-0.0555343371129181,0.00330939876466271));
#8888=CARTESIAN_POINT('',(0.05635,-0.0564869856228143,0.00239406037144363));
#8889=CARTESIAN_POINT('',(0.05635,-0.0402685022198827,0.00239406037144363));
#8890=CARTESIAN_POINT('',(0.05635,-0.0240500188169511,0.00239406037144363));
#8891=CARTESIAN_POINT('',(0.05635,-0.032287351354839,0.010314594346262));
#8892=CARTESIAN_POINT('',(0.05635,-0.0405246838927269,0.0182351283210803));
#8893=CARTESIAN_POINT('',(0.05635,-0.0415034792025867,0.0172171840158765));
#8894=CARTESIAN_POINT('',(0.05635,-0.0205347224622965,0.0182351283210803));
#8895=CARTESIAN_POINT('',(0.05635,-0.0185347224622965,0.0182351283210803));
#8896=CARTESIAN_POINT('',(0.05635,-0.0225347224622965,0.0182351283210803));
#8897=CARTESIAN_POINT('',(0.05635,-0.0156143065541982,0.010314594346262));
#8898=CARTESIAN_POINT('',(0.05635,-0.00869389064610005,0.00239406037144363));
#8899=CARTESIAN_POINT('',(0.05635,-0.00669389064610005,0.00239406037144363));
#8900=CARTESIAN_POINT('',(0.05635,-0.00469389064610004,0.00239406037144363));
#8901=CARTESIAN_POINT('',(0.05635,-0.0116143065541983,0.010314594346262));
#8902=CARTESIAN_POINT('',(0.05635,0.00210781861096621,0.0182351283210803));
#8903=CARTESIAN_POINT('',(0.05635,0.0166586991399526,0.0182351283210803));
#8904=CARTESIAN_POINT('',(0.05635,-0.0124430619180202,0.0182351283210803));
#8905=CARTESIAN_POINT('',(0.05635,-0.00570024928310886,0.010314594346262));
#8906=CARTESIAN_POINT('',(0.05635,0.00104256335180253,0.00239406037144363));
#8907=CARTESIAN_POINT('',(0.05635,0.00885063124587759,0.010314594346262));
#8908=CARTESIAN_POINT('',(0.05635,-0.0317736873403191,0.0182351283210803));
#8909=CARTESIAN_POINT('',(0.05635,-0.0295543391257524,0.0182351283210803));
#8910=CARTESIAN_POINT('',(0.05635,-0.0339930355548859,0.0182351283210803));
#8911=CARTESIAN_POINT('',(0.05635,-0.0258263796567917,0.010314594346262));
#8912=CARTESIAN_POINT('',(0.05635,-0.0176597237586975,0.00239406037144363));
#8913=CARTESIAN_POINT('',(0.05635,-0.0156597237586975,0.00239406037144363));
#8914=CARTESIAN_POINT('',(0.05635,-0.0136597237586975,0.00239406037144363));
#8915=CARTESIAN_POINT('',(0.05635,-0.021607031442225,0.010314594346262));
#8916=CARTESIAN_POINT('',(0.05635,-0.059689734642065,0.00534528737507042));
#8917=CARTESIAN_POINT('',(0.05635,-0.0606423831519613,0.00442994898185134));
#8918=CARTESIAN_POINT('',(0.05635,-0.0587370861321688,0.0062606257682895));
#8919=CARTESIAN_POINT('',(0.05635,-0.0537046349644661,0.0112411230802536));
#8920=CARTESIAN_POINT('',(0.05635,-0.0466376720415934,0.0182351283210803));
#8921=CARTESIAN_POINT('',(0.05635,-0.048603819894164,0.0182351283210803));
#8922=CARTESIAN_POINT('',(0.05635,-0.0505699677467346,0.0182351283210803));
#8923=CARTESIAN_POINT('',(0.05635,-0.0556024189144373,0.0132546310091162));
#8924=CARTESIAN_POINT('',(0.05635,-0.06063487008214,0.00827413369715215));
#8925=CARTESIAN_POINT('',(0.05635,-0.0606386266170506,0.00635204133950174));
#8926=CARTESIAN_POINT('',(0.05635,0.0284982082702644,0.010314594346262));
#8927=CARTESIAN_POINT('',(0.05635,0.0331283922026032,0.0182351283210803));
#8928=CARTESIAN_POINT('',(0.05635,0.0238680243379256,0.00239406037144363));
#8929=CARTESIAN_POINT('',(0.05635,0.0264787238676708,0.00239406037144363));
#8930=CARTESIAN_POINT('',(0.05635,0.029089423397416,0.00239406037144363));
#8931=CARTESIAN_POINT('',(0.05635,0.0332081626579602,0.010314594346262));
#8932=CARTESIAN_POINT('',(0.05635,0.0373269019185046,0.0182351283210803));
#8933=CARTESIAN_POINT('',(0.05635,0.0352276470605539,0.0182351283210803));
#8934=CARTESIAN_POINT('',(0.05635,0.0393034354035344,0.010314594346262));
#8935=CARTESIAN_POINT('',(0.05635,0.0452167401513925,0.0182351283210803));
#8936=CARTESIAN_POINT('',(0.05635,0.0333901306556761,0.00239406037144363));
#8937=CARTESIAN_POINT('',(0.05635,0.044522727504607,0.00239406037144363));
#8938=CARTESIAN_POINT('',(0.05635,0.055655324353538,0.00239406037144363));
#8939=CARTESIAN_POINT('',(0.05635,0.0504360322524653,0.010314594346262));
#8940=CARTESIAN_POINT('',(0.05635,0.0138417676130572,0.010314594346262));
#8941=CARTESIAN_POINT('',(0.05635,0.0206913511401584,0.0182351283210803));
#8942=CARTESIAN_POINT('',(0.05635,0.00699218408595603,0.00239406037144363));
#8943=CARTESIAN_POINT('',(0.05635,0.0095688779835008,0.00239406037144363));
#8944=CARTESIAN_POINT('',(0.05635,0.0121455718810456,0.00239406037144363));
#8945=CARTESIAN_POINT('',(0.05635,0.0187648991972288,0.010314594346262));
#8946=CARTESIAN_POINT('',(0.05635,0.025384226513412,0.0182351283210803));
#8947=CARTESIAN_POINT('',(0.05635,0.0230377888267852,0.0182351283210803));
#8948=CARTESIAN_POINT('',(0.05635,0.0215477814675815,0.010314594346262));
#8949=CARTESIAN_POINT('',(0.05635,0.0270399736816249,0.0182351283210803));
#8950=CARTESIAN_POINT('',(0.05635,0.0160555892535379,0.00239406037144363));
#8951=CARTESIAN_POINT('',(0.05635,0.0181254386294314,0.00239406037144363));
#8952=CARTESIAN_POINT('',(0.05635,0.0201952880053249,0.00239406037144363));
#8953=CARTESIAN_POINT('',(0.05635,0.0256415598167075,0.010314594346262));
#8954=CARTESIAN_POINT('',(0.05635,0.0310878316280901,0.0182351283210803));
#8955=CARTESIAN_POINT('',(0.05635,0.0290639026548575,0.0182351283210803));
#8956=CARTESIAN_POINT('',(-0.05635,0.0596253248217557,0.0173646901150636));
#8957=CARTESIAN_POINT('',(-0.05635,0.0585891171191424,0.0183451874270276));
#8958=CARTESIAN_POINT('',(-0.05635,0.060661532524369,0.0163841928030995));
#8959=CARTESIAN_POINT('',(-0.05635,0.060661532524369,0.0143841928030994));
#8960=CARTESIAN_POINT('',(-0.05635,0.060661532524369,0.0123841928030994));
#8961=CARTESIAN_POINT('',(-0.05635,0.0576253248217557,0.0153646901150636));
#8962=CARTESIAN_POINT('',(-0.05635,0.0545891171191424,0.0183451874270276));
#8963=CARTESIAN_POINT('',(-0.05635,0.0565891171191424,0.0183451874270276));
#8964=CARTESIAN_POINT('',(-0.05635,-0.0503077639210533,0.0183451874270276));
#8965=CARTESIAN_POINT('',(-0.05635,-0.0490606702332604,0.0183451874270276));
#8966=CARTESIAN_POINT('',(-0.05635,-0.0551148245957755,0.0104246534522093));
#8967=CARTESIAN_POINT('',(-0.05635,-0.0392842860311266,0.0104246534522093));
#8968=CARTESIAN_POINT('',(-0.05635,-0.0451975907789848,0.0183451874270276));
#8969=CARTESIAN_POINT('',(-0.05635,-0.0333709812832684,0.00250411947739094));
#8970=CARTESIAN_POINT('',(-0.05635,-0.0445035781321994,0.00250411947739094));
#8971=CARTESIAN_POINT('',(-0.05635,-0.0556361749811303,0.00250411947739093));
#8972=CARTESIAN_POINT('',(-0.05635,-0.0504168828800575,0.0104246534522093));
#8973=CARTESIAN_POINT('',(-0.05635,-0.0600497513073879,0.0183451874270277));
#8974=CARTESIAN_POINT('',(-0.05635,-0.0564086546230096,0.0183451874270276));
#8975=CARTESIAN_POINT('',(-0.05635,-0.0609369801382206,0.0138811609887027));
#8976=CARTESIAN_POINT('',(-0.057591659403439,-0.0608838489762119,0.0151437933037723));
#8977=CARTESIAN_POINT('',(-0.05635,0.0317928367127269,0.0183451874270276));
#8978=CARTESIAN_POINT('',(-0.05635,0.0295734884981602,0.0183451874270276));
#8979=CARTESIAN_POINT('',(-0.05635,0.0340121849272936,0.0183451874270276));
#8980=CARTESIAN_POINT('',(-0.05635,0.0258455290291994,0.0104246534522093));
#8981=CARTESIAN_POINT('',(-0.05635,0.0176788731311053,0.00250411947739094));
#8982=CARTESIAN_POINT('',(-0.05635,0.0156788731311053,0.00250411947739094));
#8983=CARTESIAN_POINT('',(-0.05635,0.0136788731311052,0.00250411947739093));
#8984=CARTESIAN_POINT('',(-0.05635,0.0216261808146327,0.0104246534522093));
#8985=CARTESIAN_POINT('',(-0.05635,0.0205538718347042,0.0183451874270276));
#8986=CARTESIAN_POINT('',(-0.05635,0.0185538718347042,0.0183451874270276));
#8987=CARTESIAN_POINT('',(-0.05635,0.0225538718347042,0.0183451874270276));
#8988=CARTESIAN_POINT('',(-0.05635,0.015633455926606,0.0104246534522093));
#8989=CARTESIAN_POINT('',(-0.05635,0.00871304001850778,0.00250411947739094));
#8990=CARTESIAN_POINT('',(-0.05635,0.00671304001850778,0.00250411947739094));
#8991=CARTESIAN_POINT('',(-0.05635,0.00471304001850778,0.00250411947739093));
#8992=CARTESIAN_POINT('',(-0.05635,0.011633455926606,0.0104246534522093));
#8993=CARTESIAN_POINT('',(-0.05635,0.0597088840144728,0.00545534648101773));
#8994=CARTESIAN_POINT('',(-0.05635,0.060661532524369,0.00454000808779865));
#8995=CARTESIAN_POINT('',(-0.05635,0.0587562355045765,0.00637068487423681));
#8996=CARTESIAN_POINT('',(-0.05635,0.0537237843368738,0.0113511821862009));
#8997=CARTESIAN_POINT('',(-0.05635,0.0466568214140012,0.0183451874270276));
#8998=CARTESIAN_POINT('',(-0.05635,0.0486229692665718,0.0183451874270276));
#8999=CARTESIAN_POINT('',(-0.05635,0.0505891171191423,0.0183451874270276));
#9000=CARTESIAN_POINT('',(-0.05635,0.055621568286845,0.0133646901150636));
#9001=CARTESIAN_POINT('',(-0.05635,0.0606540194545477,0.00838419280309945));
#9002=CARTESIAN_POINT('',(-0.05635,0.0606577759894584,0.00646210044544905));
#9003=CARTESIAN_POINT('',(-0.05635,0.0495683868077269,0.0093152935757932));
#9004=CARTESIAN_POINT('',(-0.05635,0.0425014238848542,0.01630929881662));
#9005=CARTESIAN_POINT('',(-0.05635,0.0546008379754295,0.0043347962638291));
#9006=CARTESIAN_POINT('',(-0.05635,0.0555534864853258,0.00341945787061002));
#9007=CARTESIAN_POINT('',(-0.05635,0.0565061349952221,0.00250411947739094));
#9008=CARTESIAN_POINT('',(-0.05635,0.0402876515922904,0.00250411947739093));
#9009=CARTESIAN_POINT('',(-0.05635,0.0240691681893587,0.00250411947739093));
#9010=CARTESIAN_POINT('',(-0.05635,0.0323065007272467,0.0104246534522093));
#9011=CARTESIAN_POINT('',(-0.05635,0.0405438332651346,0.0183451874270276));
#9012=CARTESIAN_POINT('',(-0.05635,0.0415226285749944,0.0173272431218238));
#9013=CARTESIAN_POINT('',(-0.05635,-0.0215286320951737,0.0104246534522093));
#9014=CARTESIAN_POINT('',(-0.05635,-0.0270208243092172,0.0183451874270276));
#9015=CARTESIAN_POINT('',(-0.05635,-0.0160364398811302,0.00250411947739094));
#9016=CARTESIAN_POINT('',(-0.05635,-0.0181062892570237,0.00250411947739094));
#9017=CARTESIAN_POINT('',(-0.05635,-0.0201761386329172,0.00250411947739094));
#9018=CARTESIAN_POINT('',(-0.05635,-0.0256224104442998,0.0104246534522093));
#9019=CARTESIAN_POINT('',(-0.05635,-0.0310686822556824,0.0183451874270276));
#9020=CARTESIAN_POINT('',(-0.05635,-0.0290447532824497,0.0183451874270276));
#9021=CARTESIAN_POINT('',(-0.05635,-0.0284790588978566,0.0104246534522093));
#9022=CARTESIAN_POINT('',(-0.05635,-0.0331092428301955,0.0183451874270276));
#9023=CARTESIAN_POINT('',(-0.05635,-0.0238488749655179,0.00250411947739093));
#9024=CARTESIAN_POINT('',(-0.05635,-0.0264595744952631,0.00250411947739094));
#9025=CARTESIAN_POINT('',(-0.05635,-0.0290702740250082,0.00250411947739094));
#9026=CARTESIAN_POINT('',(-0.05635,-0.0331890132855525,0.0104246534522093));
#9027=CARTESIAN_POINT('',(-0.05635,-0.0373077525460968,0.0183451874270276));
#9028=CARTESIAN_POINT('',(-0.05635,-0.0352084976881461,0.0183451874270276));
#9029=CARTESIAN_POINT('',(-0.05635,-0.00208866923855847,0.0183451874270276));
#9030=CARTESIAN_POINT('',(-0.05635,-0.016639549767545,0.0183451874270276));
#9031=CARTESIAN_POINT('',(-0.05635,0.012462211290428,0.0183451874270276));
#9032=CARTESIAN_POINT('',(-0.05635,0.0057193986555166,0.0104246534522093));
#9033=CARTESIAN_POINT('',(-0.05635,-0.00102341397939479,0.00250411947739093));
#9034=CARTESIAN_POINT('',(-0.05635,-0.00883148187346986,0.0104246534522093));
#9035=CARTESIAN_POINT('',(-0.05635,-0.0138226182406494,0.0104246534522093));
#9036=CARTESIAN_POINT('',(-0.05635,-0.0206722017677506,0.0183451874270276));
#9037=CARTESIAN_POINT('',(-0.05635,-0.00697303471354829,0.00250411947739094));
#9038=CARTESIAN_POINT('',(-0.05635,-0.00954972861109306,0.00250411947739094));
#9039=CARTESIAN_POINT('',(-0.05635,-0.0121264225086378,0.00250411947739094));
#9040=CARTESIAN_POINT('',(-0.05635,-0.0187457498248211,0.0104246534522093));
#9041=CARTESIAN_POINT('',(-0.05635,-0.0253650771410042,0.0183451874270276));
#9042=CARTESIAN_POINT('',(-0.05635,-0.0230186394543774,0.0183451874270276));
#9043=CARTESIAN_POINT('',(-0.059528798278788,-0.0607,0.0172055010100297));
#9044=CARTESIAN_POINT('',(-0.0599906630814076,-0.0645916759967804,0.0167684677817328));
#9045=CARTESIAN_POINT('',(-0.0605650059814014,-0.0641118931345798,0.0162250036980656));
#9046=CARTESIAN_POINT('',(-0.0605650059814014,-0.0607,0.0162250036980656));
#9047=CARTESIAN_POINT('',(-0.0605650059814014,-0.0607,0.0162250036980656));
#9048=CARTESIAN_POINT('',(-0.059528798278788,-0.0607,0.0172055010100297));
#9049=CARTESIAN_POINT('',(-0.0584925905761747,-0.0607,0.0181859983219938));
#9050=CARTESIAN_POINT('',(-0.0564925905761747,-0.0607,0.0181859983219938));
#9051=CARTESIAN_POINT('',(-0.0544925905761747,-0.0607,0.0181859983219938));
#9052=CARTESIAN_POINT('',(-0.057528798278788,-0.0607,0.0152055010100297));
#9053=CARTESIAN_POINT('',(-0.0605650059814014,-0.0607,0.0122250036980656));
#9054=CARTESIAN_POINT('',(-0.0605650059814014,-0.0607,0.0122250036980656));
#9055=CARTESIAN_POINT('',(-0.0605650059814014,-0.0641118931345798,0.0122250036980656));
#9056=CARTESIAN_POINT('',(-0.0599906630814076,-0.0645916759967804,0.0127888081664173));
#9057=CARTESIAN_POINT('',(-0.057528798278788,-0.0607,0.0152055010100297));
#9058=CARTESIAN_POINT('',(-0.0605650059814014,-0.0607,0.0142250036980656));
#9059=CARTESIAN_POINT('',(-0.0605650059814014,-0.0641118931345798,0.026988));
#9060=CARTESIAN_POINT('',(-0.0605650059814014,-0.0607,0.0142250036980656));
#9061=CARTESIAN_POINT('',(-0.0605650059814014,-0.0607,0.0142250036980656));
#9062=CARTESIAN_POINT('',(-0.00213631141472005,-0.0607,0.00997543500045672));
#9063=CARTESIAN_POINT('',(-0.00213631141472005,-0.0607,0.00997543500045672));
#9064=CARTESIAN_POINT('',(-0.0485264427236041,-0.0607,0.0181859983219938));
#9065=CARTESIAN_POINT('',(-0.0465602948710335,-0.0607,0.0181859983219938));
#9066=CARTESIAN_POINT('',(-0.0504925905761747,-0.0607,0.0181859983219938));
#9067=CARTESIAN_POINT('',(-0.0555250417438774,-0.0607,0.0132055010100297));
#9068=CARTESIAN_POINT('',(-0.0599906630814076,-0.0645916759967804,0.0087859817088674));
#9069=CARTESIAN_POINT('',(-0.06055749291158,-0.0641030398281832,0.00822500369806558));
#9070=CARTESIAN_POINT('',(-0.06055749291158,-0.0607,0.00822500369806558));
#9071=CARTESIAN_POINT('',(-0.06055749291158,-0.0607,0.00822500369806558));
#9072=CARTESIAN_POINT('',(-0.0555250417438774,-0.0607,0.0132055010100297));
#9073=CARTESIAN_POINT('',(-0.0536272577939062,-0.0607,0.011191993081167));
#9074=CARTESIAN_POINT('',(-0.0536272577939062,-0.0607,0.011191993081167));
#9075=CARTESIAN_POINT('',(-0.0586597089616088,-0.0607,0.00621149576920294));
#9076=CARTESIAN_POINT('',(-0.00213631141472005,-0.0607,0.00997543500045672));
#9077=CARTESIAN_POINT('',(-0.0605612494464907,-0.0607,0.00630291134041518));
#9078=CARTESIAN_POINT('',(-0.0596123574715051,-0.0607,0.00529615737598386));
#9079=CARTESIAN_POINT('',(-0.0599906630814076,-0.0645916759967804,0.00493266796145512));
#9080=CARTESIAN_POINT('',(-0.0605650059814014,-0.0641118931345798,0.00438081898276478));
#9081=CARTESIAN_POINT('',(-0.0605650059814014,-0.0607,0.00438081898276478));
#9082=CARTESIAN_POINT('',(-0.0605612494464907,-0.0607,0.00630291134041518));
#9083=CARTESIAN_POINT('',(-0.0599906630814076,-0.0645916759967804,0.298252731530351));
#9084=CARTESIAN_POINT('',(-0.0494718602647592,-0.0607,0.00915610447075933));
#9085=CARTESIAN_POINT('',(-0.0424048973418865,-0.0607,0.016150109711586));
#9086=CARTESIAN_POINT('',(-0.0545043114324619,-0.0607,0.00417560715879522));
#9087=CARTESIAN_POINT('',(-0.032209974184279,-0.0607,0.0102654643471754));
#9088=CARTESIAN_POINT('',(-0.0239726416463911,-0.0607,0.00234493037235706));
#9089=CARTESIAN_POINT('',(-0.0404473067221669,-0.0607,0.0181859983219938));
#9090=CARTESIAN_POINT('',(-0.0414261020320267,-0.0607,0.0171680540167899));
#9091=CARTESIAN_POINT('',(-0.0554569599423581,-0.0607,0.00326026876557615));
#9092=CARTESIAN_POINT('',(-0.0564096084522544,-0.0607,0.00234493037235707));
#9093=CARTESIAN_POINT('',(-0.0401911250493227,-0.0607,0.00234493037235707));
#9094=CARTESIAN_POINT('',(-0.00213631141472005,-0.0607,0.00997543500045672));
#9095=CARTESIAN_POINT('',(0.0552113511387432,-0.0607,0.0102654643471754));
#9096=CARTESIAN_POINT('',(0.0612655055012584,-0.0607,0.00234493037235707));
#9097=CARTESIAN_POINT('',(0.0612294297060374,-0.0607,0.00394376275844977));
#9098=CARTESIAN_POINT('',(0.0611933539108165,-0.0607,0.00554259514454248));
#9099=CARTESIAN_POINT('',(0.0564223690313152,-0.0607,0.0118642967332681));
#9100=CARTESIAN_POINT('',(0.0564223690313152,-0.0607,0.0118642967332681));
#9101=CARTESIAN_POINT('',(0.0598563775420189,-0.0645149722695351,0.0073141299215716));
#9102=CARTESIAN_POINT('',(0.0606047500172174,-0.0645149722695351,0.00632251339271872));
#9103=CARTESIAN_POINT('',(0.0611933539108165,-0.0607,0.00554259514454248));
#9104=CARTESIAN_POINT('',(0.0516513841518139,-0.0607,0.0181859983219938));
#9105=CARTESIAN_POINT('',(0.050404290464021,-0.0607,0.0181859983219938));
#9106=CARTESIAN_POINT('',(0.049157196776228,-0.0607,0.0181859983219938));
#9107=CARTESIAN_POINT('',(0.0552113511387432,-0.0607,0.0102654643471754));
#9108=CARTESIAN_POINT('',(0.0598563775420189,-0.0645149722695351,0.00418846544062808));
#9109=CARTESIAN_POINT('',(0.0606047500172174,-0.0645149722695351,0.00320938409240065));
#9110=CARTESIAN_POINT('',(0.0612655055012584,-0.0607,0.00234493037235707));
#9111=CARTESIAN_POINT('',(0.0612294297060374,-0.0607,0.00394376275844977));
#9112=CARTESIAN_POINT('',(0.0393808125740943,-0.0607,0.0102654643471754));
#9113=CARTESIAN_POINT('',(0.0452941173219525,-0.0607,0.0181859983219938));
#9114=CARTESIAN_POINT('',(0.0334675078262361,-0.0607,0.00234493037235707));
#9115=CARTESIAN_POINT('',(0.044600104675167,-0.0607,0.00234493037235707));
#9116=CARTESIAN_POINT('',(0.0557327015240979,-0.0607,0.00234493037235707));
#9117=CARTESIAN_POINT('',(0.0505134094230252,-0.0607,0.0102654643471754));
#9118=CARTESIAN_POINT('',(-0.00213631141472005,-0.0607,0.00997543500045672));
#9119=CARTESIAN_POINT('',(0.0581804074280096,-0.0607,0.0153208864788216));
#9120=CARTESIAN_POINT('',(0.0610867878544298,-0.0607,0.0124557746356495));
#9121=CARTESIAN_POINT('',(0.0610335066811883,-0.0607,0.0137219718836689));
#9122=CARTESIAN_POINT('',(0.0609802255079468,-0.0607,0.0149881691316882));
#9123=CARTESIAN_POINT('',(0.059358280419156,-0.0607,0.016587083726841));
#9124=CARTESIAN_POINT('',(0.0577363353303651,-0.0607,0.0181859983219938));
#9125=CARTESIAN_POINT('',(0.0565051811659773,-0.0607,0.0181859983219938));
#9126=CARTESIAN_POINT('',(0.0565051811659773,-0.0607,0.0181859983219938));
#9127=CARTESIAN_POINT('',(0.0577363353303651,-0.0607,0.0181859983219938));
#9128=CARTESIAN_POINT('',(0.0552740270015895,-0.0607,0.0181859983219938));
#9129=CARTESIAN_POINT('',(0.0581804074280096,-0.0607,0.0153208864788216));
#9130=CARTESIAN_POINT('',(0.0598563775420189,-0.0645149722695351,0.0136687139762821));
#9131=CARTESIAN_POINT('',(0.0606047500172174,-0.0645149722695351,0.0129309678704028));
#9132=CARTESIAN_POINT('',(0.0610867878544298,-0.0607,0.0124557746356495));
#9133=CARTESIAN_POINT('',(0.0610335066811883,-0.0607,0.0137219718836689));
#9134=CARTESIAN_POINT('',(0.0609802255079468,-0.0607,0.0149881691316882));
#9135=CARTESIAN_POINT('',(0.059358280419156,-0.0607,0.016587083726841));
#9136=CARTESIAN_POINT('',(0.0598563775420189,-0.0645149722695351,0.0160960592371385));
#9137=CARTESIAN_POINT('',(0.0606047500172174,-0.0645149722695351,0.0153583131312592));
#9138=CARTESIAN_POINT('',(-0.0316963101697592,-0.0607,0.0181859983219938));
#9139=CARTESIAN_POINT('',(-0.0294769619551925,-0.0607,0.0181859983219938));
#9140=CARTESIAN_POINT('',(-0.0339156583843259,-0.0607,0.0181859983219938));
#9141=CARTESIAN_POINT('',(-0.0257490024862317,-0.0607,0.0102654643471754));
#9142=CARTESIAN_POINT('',(-0.0175823465881376,-0.0607,0.00234493037235707));
#9143=CARTESIAN_POINT('',(-0.0155823465881376,-0.0607,0.00234493037235707));
#9144=CARTESIAN_POINT('',(-0.0135823465881376,-0.0607,0.00234493037235706));
#9145=CARTESIAN_POINT('',(-0.0215296542716651,-0.0607,0.0102654643471754));
#9146=CARTESIAN_POINT('',(-0.0204573452917365,-0.0607,0.0181859983219938));
#9147=CARTESIAN_POINT('',(-0.0184573452917365,-0.0607,0.0181859983219938));
#9148=CARTESIAN_POINT('',(-0.0224573452917365,-0.0607,0.0181859983219938));
#9149=CARTESIAN_POINT('',(-0.0155369293836383,-0.0607,0.0102654643471754));
#9150=CARTESIAN_POINT('',(-0.00861651347554011,-0.0607,0.00234493037235707));
#9151=CARTESIAN_POINT('',(-0.00661651347554011,-0.0607,0.00234493037235707));
#9152=CARTESIAN_POINT('',(-0.00461651347554011,-0.0607,0.00234493037235707));
#9153=CARTESIAN_POINT('',(-0.0115369293836383,-0.0607,0.0102654643471754));
#9154=CARTESIAN_POINT('',(0.0216251586381414,-0.0607,0.0102654643471754));
#9155=CARTESIAN_POINT('',(0.0271173508521849,-0.0607,0.0181859983219938));
#9156=CARTESIAN_POINT('',(0.0161329664240978,-0.0607,0.00234493037235707));
#9157=CARTESIAN_POINT('',(0.0182028157999914,-0.0607,0.00234493037235707));
#9158=CARTESIAN_POINT('',(0.0202726651758849,-0.0607,0.00234493037235707));
#9159=CARTESIAN_POINT('',(0.0257189369872674,-0.0607,0.0102654643471754));
#9160=CARTESIAN_POINT('',(0.03116520879865,-0.0607,0.0181859983219938));
#9161=CARTESIAN_POINT('',(0.0291412798254174,-0.0607,0.0181859983219938));
#9162=CARTESIAN_POINT('',(0.0285755854408243,-0.0607,0.0102654643471754));
#9163=CARTESIAN_POINT('',(0.0332057693731631,-0.0607,0.0181859983219938));
#9164=CARTESIAN_POINT('',(0.0239454015084856,-0.0607,0.00234493037235707));
#9165=CARTESIAN_POINT('',(0.0265561010382307,-0.0607,0.00234493037235707));
#9166=CARTESIAN_POINT('',(0.0291668005679759,-0.0607,0.00234493037235707));
#9167=CARTESIAN_POINT('',(0.0332855398285202,-0.0607,0.0102654643471754));
#9168=CARTESIAN_POINT('',(0.0374042790890645,-0.0607,0.0181859983219938));
#9169=CARTESIAN_POINT('',(0.0353050242311138,-0.0607,0.0181859983219938));
#9170=CARTESIAN_POINT('',(0.00218519578152614,-0.0607,0.0181859983219938));
#9171=CARTESIAN_POINT('',(0.0167360763105126,-0.0607,0.0181859983219938));
#9172=CARTESIAN_POINT('',(-0.0123656847474603,-0.0607,0.0181859983219938));
#9173=CARTESIAN_POINT('',(-0.00562287211254892,-0.0607,0.0102654643471754));
#9174=CARTESIAN_POINT('',(0.00111994052236247,-0.0607,0.00234493037235706));
#9175=CARTESIAN_POINT('',(0.00892800841643753,-0.0607,0.0102654643471754));
#9176=CARTESIAN_POINT('',(0.0139191447836171,-0.0607,0.0102654643471754));
#9177=CARTESIAN_POINT('',(0.0207687283107182,-0.0607,0.0181859983219938));
#9178=CARTESIAN_POINT('',(0.00706956125651596,-0.0607,0.00234493037235707));
#9179=CARTESIAN_POINT('',(0.00964625515406073,-0.0607,0.00234493037235707));
#9180=CARTESIAN_POINT('',(0.0122229490516055,-0.0607,0.00234493037235707));
#9181=CARTESIAN_POINT('',(0.0188422763677887,-0.0607,0.0102654643471754));
#9182=CARTESIAN_POINT('',(0.025461603683972,-0.0607,0.0181859983219938));
#9183=CARTESIAN_POINT('',(0.0231151659973451,-0.0607,0.0181859983219938));
#9184=CARTESIAN_POINT('',(0.0601462778503556,-0.0607,0.0181859983219938));
#9185=CARTESIAN_POINT('',(0.0598563775420189,-0.0645149722695351,0.0181859983219938));
#9186=CARTESIAN_POINT('',(0.05938448549311,-0.0639341286969519,0.0181859983219938));
#9187=CARTESIAN_POINT('',(0.05938448549311,-0.0650958158421183,0.0181859983219938));
#9188=CARTESIAN_POINT('',(0.05938448549311,-0.0607,0.0181859983219938));
#9189=CARTESIAN_POINT('',(0.05938448549311,-0.0607,0.0181859983219938));
#9190=CARTESIAN_POINT('',(0.0601462778503556,-0.0607,0.0181859983219938));
#9191=CARTESIAN_POINT('',(0.0609080702076012,-0.0607,0.0181859983219938));
#9192=CARTESIAN_POINT('',(0.0609080702076012,-0.0607,0.0181859983219938));
#9193=CARTESIAN_POINT('',(0.05938448549311,-0.0607,0.0181859983219938));
#9194=CARTESIAN_POINT('',(0.0601609967512914,-0.0607,0.0175336757505936));
#9195=CARTESIAN_POINT('',(0.0598563775420189,-0.0645149722695351,0.0177895767227905));
#9196=CARTESIAN_POINT('',(0.0609375080094727,-0.0607,0.0168813531791933));
#9197=CARTESIAN_POINT('',(0.0609375080094727,-0.0607,0.0168813531791933));
#9198=CARTESIAN_POINT('',(0.0601609967512914,-0.0607,0.0175336757505936));
#9199=CARTESIAN_POINT('',(0.0609227891085369,-0.0607,0.0175336757505936));
#9200=CARTESIAN_POINT('',(0.0609227891085369,-0.0607,0.0175336757505936));
#9201=CARTESIAN_POINT('',(-0.00213631141472005,-0.0607,0.00997543500045672));
#9202=CARTESIAN_POINT('',(0.0050906723555792,0.0413,0.0011455286196784));
#9203=CARTESIAN_POINT('',(0.0117701361106991,0.0413,0.0011455286196784));
#9204=CARTESIAN_POINT('',(-0.00158879139954069,0.0413,0.0011455286196784));
#9205=CARTESIAN_POINT('',(-0.00158879139954069,0.0413,0.00495433869337109));
#9206=CARTESIAN_POINT('',(-0.00158879139954069,0.0413,0.00876314876706377));
#9207=CARTESIAN_POINT('',(0.0117701361106991,0.0413,0.00495433869337109));
#9208=CARTESIAN_POINT('',(0.0117701361106991,0.0413,0.00876314876706377));
#9209=CARTESIAN_POINT('',(0.0613186338948197,0.0607,0.0140144876978277));
#9210=CARTESIAN_POINT('',(0.0613186338948197,0.0607,0.0140144876978277));
#9211=CARTESIAN_POINT('',(0.0613186338948197,0.0607,0.0160144876978277));
#9212=CARTESIAN_POINT('',(0.0613186338948197,0.0607,0.0160144876978277));
#9213=CARTESIAN_POINT('',(0.0613186338948197,0.0607,0.0120144876978277));
#9214=CARTESIAN_POINT('',(0.0613186338948197,0.0607,0.0120144876978277));
#9215=CARTESIAN_POINT('',(0.0613186338948197,0.0607,0.0140144876978277));
#9216=CARTESIAN_POINT('',(0.0582824261922064,0.0607,0.0149949850097918));
#9217=CARTESIAN_POINT('',(0.060542393475771,0.0647046715021133,0.0127764851331222));
#9218=CARTESIAN_POINT('',(0.0612907659509695,0.0647046715021133,0.0120418443018124));
#9219=CARTESIAN_POINT('',(0.0582824261922064,0.0607,0.0149949850097918));
#9220=CARTESIAN_POINT('',(0.0582824261922064,0.0607,0.0149949850097918));
#9221=CARTESIAN_POINT('',(0.055246218489593,0.0607,0.0179754823217559));
#9222=CARTESIAN_POINT('',(0.00251312537142921,0.0607,0.00987017700033779));
#9223=CARTESIAN_POINT('',(0.00251312537142921,0.0607,0.00987017700033779));
#9224=CARTESIAN_POINT('',(0.0602824261922064,0.0607,0.0169949850097919));
#9225=CARTESIAN_POINT('',(0.0602824261922064,0.0607,0.0169949850097919));
#9226=CARTESIAN_POINT('',(0.060542393475771,0.0647046715021133,0.0167489945369447));
#9227=CARTESIAN_POINT('',(0.0612907659509695,0.0647046715021133,0.0160408573570826));
#9228=CARTESIAN_POINT('',(0.059246218489593,0.0607,0.0179754823217559));
#9229=CARTESIAN_POINT('',(0.057246218489593,0.0607,0.0179754823217559));
#9230=CARTESIAN_POINT('',(0.0492800706370224,0.0607,0.0179754823217559));
#9231=CARTESIAN_POINT('',(0.0473139227844518,0.0607,0.0179754823217559));
#9232=CARTESIAN_POINT('',(0.051246218489593,0.0607,0.0179754823217559));
#9233=CARTESIAN_POINT('',(0.0562786696572957,0.0607,0.0129949850097918));
#9234=CARTESIAN_POINT('',(0.060542393475771,0.0647046715021133,0.00877527888464179));
#9235=CARTESIAN_POINT('',(0.0612907659509695,0.0647046715021133,0.00803463243286999));
#9236=CARTESIAN_POINT('',(0.0613111208249984,0.0607,0.00801448769782772));
#9237=CARTESIAN_POINT('',(0.0613111208249984,0.0607,0.00801448769782772));
#9238=CARTESIAN_POINT('',(0.0562786696572957,0.0607,0.0129949850097918));
#9239=CARTESIAN_POINT('',(0.0543808857073245,0.0607,0.0109814770809292));
#9240=CARTESIAN_POINT('',(0.0543808857073245,0.0607,0.0109814770809292));
#9241=CARTESIAN_POINT('',(0.0594133368750272,0.0607,0.00600097976896507));
#9242=CARTESIAN_POINT('',(0.00251312537142921,0.0607,0.00987017700033779));
#9243=CARTESIAN_POINT('',(0.061314877359909,0.0607,0.00609239534017732));
#9244=CARTESIAN_POINT('',(0.0603659853849234,0.0607,0.00508564137574599));
#9245=CARTESIAN_POINT('',(0.060542393475771,0.0647046715021133,0.0049161422407032));
#9246=CARTESIAN_POINT('',(0.0612907659509695,0.0647046715021133,0.00419707948895215));
#9247=CARTESIAN_POINT('',(0.0613186338948197,0.0607,0.00417030298252691));
#9248=CARTESIAN_POINT('',(0.061314877359909,0.0607,0.00609239534017732));
#9249=CARTESIAN_POINT('',(0.00251312537142921,0.0607,0.00987017700033779));
#9250=CARTESIAN_POINT('',(-0.0574267795145912,0.0607,0.0151103704785837));
#9251=CARTESIAN_POINT('',(-0.0586046525057376,0.0607,0.0163765677266031));
#9252=CARTESIAN_POINT('',(-0.0574267795145912,0.0607,0.0151103704785837));
#9253=CARTESIAN_POINT('',(-0.0603331599410114,0.0607,0.0122452586354117));
#9254=CARTESIAN_POINT('',(-0.0603331599410114,0.0653136501843654,0.0122452586354117));
#9255=CARTESIAN_POINT('',(-0.0600909739732742,0.0646055489778519,0.0124840057306323));
#9256=CARTESIAN_POINT('',(-0.0545203990881711,0.0607,0.0179754823217559));
#9257=CARTESIAN_POINT('',(-0.0586046525057376,0.0607,0.0163765677266031));
#9258=CARTESIAN_POINT('',(-0.0600909739732742,0.0646055489778519,0.0149113509914886));
#9259=CARTESIAN_POINT('',(-0.0602265975945285,0.0653415296807188,0.0147776531314503));
#9260=CARTESIAN_POINT('',(-0.0602265975945285,0.0607,0.0147776531314503));
#9261=CARTESIAN_POINT('',(-0.0569827074169468,0.0607,0.0179754823217559));
#9262=CARTESIAN_POINT('',(-0.055751553252559,0.0607,0.0179754823217559));
#9263=CARTESIAN_POINT('',(-0.06027987876777,0.0607,0.013511455883431));
#9264=CARTESIAN_POINT('',(-0.0600909739732742,0.0646055489778519,0.018000672549967));
#9265=CARTESIAN_POINT('',(0.00251312537142921,0.0607,0.00987017700033779));
#9266=CARTESIAN_POINT('',(-0.0544577232253248,0.0607,0.0100549483469375));
#9267=CARTESIAN_POINT('',(-0.06051187758784,0.0607,0.00213441437211918));
#9268=CARTESIAN_POINT('',(-0.0604758017926191,0.0607,0.00373324675821191));
#9269=CARTESIAN_POINT('',(-0.0604397259973982,0.0607,0.00533207914430461));
#9270=CARTESIAN_POINT('',(-0.0556687411178968,0.0607,0.0116537807330302));
#9271=CARTESIAN_POINT('',(-0.0556687411178968,0.0607,0.0116537807330302));
#9272=CARTESIAN_POINT('',(-0.0600909739732742,0.0646055489778519,0.00579418629422418));
#9273=CARTESIAN_POINT('',(-0.0604397259973982,0.063943405951532,0.00533207914430461));
#9274=CARTESIAN_POINT('',(-0.0508977562383956,0.0607,0.0179754823217557));
#9275=CARTESIAN_POINT('',(-0.0604397259973982,0.0607,0.00533207914430461));
#9276=CARTESIAN_POINT('',(-0.0544577232253248,0.0607,0.0100549483469375));
#9277=CARTESIAN_POINT('',(-0.0600909739732742,0.0646055489778519,0.00268507449402381));
#9278=CARTESIAN_POINT('',(-0.06051187758784,0.0639867586184569,0.00213441437211918));
#9279=CARTESIAN_POINT('',(-0.06051187758784,0.0607,0.00213441437211918));
#9280=CARTESIAN_POINT('',(-0.0484035688628097,0.0607,0.0179754823217557));
#9281=CARTESIAN_POINT('',(-0.0604758017926191,0.0607,0.00373324675821191));
#9282=CARTESIAN_POINT('',(-0.0600909739732742,0.0646055489778519,0.0207883158667471));
#9283=CARTESIAN_POINT('',(-0.0496506625506026,0.0607,0.0179754823217557));
#9284=CARTESIAN_POINT('',(0.0502254881781775,0.0607,0.00894558847052145));
#9285=CARTESIAN_POINT('',(0.0431585252553048,0.0607,0.0159395937113482));
#9286=CARTESIAN_POINT('',(0.0552579393458802,0.0607,0.00396509115855736));
#9287=CARTESIAN_POINT('',(0.0329636020976974,0.0607,0.0100549483469376));
#9288=CARTESIAN_POINT('',(0.0247262695598094,0.0607,0.0021344143721192));
#9289=CARTESIAN_POINT('',(0.0412009346355853,0.0607,0.0179754823217559));
#9290=CARTESIAN_POINT('',(0.042179729945445,0.0607,0.016957538016552));
#9291=CARTESIAN_POINT('',(0.0562105878557765,0.0607,0.00304975276533828));
#9292=CARTESIAN_POINT('',(0.0571632363656727,0.0607,0.00213441437211921));
#9293=CARTESIAN_POINT('',(0.040944752962741,0.0607,0.0021344143721192));
#9294=CARTESIAN_POINT('',(-0.00889262724064241,0.0607,0.00213441437211921));
#9295=CARTESIAN_POINT('',(-0.00631593334309764,0.0607,0.00213441437211921));
#9296=CARTESIAN_POINT('',(-0.0114693211381872,0.0607,0.00213441437211921));
#9297=CARTESIAN_POINT('',(-0.0223615380839268,0.0607,0.0179754823217559));
#9298=CARTESIAN_POINT('',(-0.0247079757705537,0.0607,0.0179754823217559));
#9299=CARTESIAN_POINT('',(-0.0200151003972999,0.0607,0.0179754823217559));
#9300=CARTESIAN_POINT('',(-0.0131655168701988,0.0607,0.0100549483469375));
#9301=CARTESIAN_POINT('',(-0.0180886484543704,0.0607,0.0100549483469375));
#9302=CARTESIAN_POINT('',(-0.0386271846606761,0.0607,0.0100549483469375));
#9303=CARTESIAN_POINT('',(-0.0445404894085342,0.0607,0.0179754823217559));
#9304=CARTESIAN_POINT('',(-0.0327138799128177,0.0607,0.00213441437211921));
#9305=CARTESIAN_POINT('',(-0.0438464767617487,0.0607,0.00213441437211921));
#9306=CARTESIAN_POINT('',(-0.0549790736106796,0.0607,0.0021344143721192));
#9307=CARTESIAN_POINT('',(-0.0497597815096068,0.0607,0.0100549483469376));
#9308=CARTESIAN_POINT('',(-0.0208715307247231,0.0607,0.0100549483469375));
#9309=CARTESIAN_POINT('',(-0.0263637229387665,0.0607,0.0179754823217559));
#9310=CARTESIAN_POINT('',(-0.0153793385106795,0.0607,0.00213441437211921));
#9311=CARTESIAN_POINT('',(-0.0174491878865731,0.0607,0.00213441437211921));
#9312=CARTESIAN_POINT('',(-0.0195190372624666,0.0607,0.00213441437211921));
#9313=CARTESIAN_POINT('',(-0.0249653090738492,0.0607,0.0100549483469375));
#9314=CARTESIAN_POINT('',(-0.0304115808852317,0.0607,0.0179754823217559));
#9315=CARTESIAN_POINT('',(-0.0283876519119991,0.0607,0.0179754823217559));
#9316=CARTESIAN_POINT('',(-0.0278219575274061,0.0607,0.0100549483469375));
#9317=CARTESIAN_POINT('',(-0.0324521414597449,0.0607,0.0179754823217559));
#9318=CARTESIAN_POINT('',(-0.0231917735950672,0.0607,0.00213441437211919));
#9319=CARTESIAN_POINT('',(-0.0258024731248124,0.0607,0.00213441437211921));
#9320=CARTESIAN_POINT('',(-0.0284131726545576,0.0607,0.00213441437211918));
#9321=CARTESIAN_POINT('',(-0.032531911915102,0.0607,0.0100549483469375));
#9322=CARTESIAN_POINT('',(-0.0366506511756461,0.0607,0.0179754823217559));
#9323=CARTESIAN_POINT('',(-0.0345513963176955,0.0607,0.0179754823217559));
#9324=CARTESIAN_POINT('',(-0.00601965613758428,0.0607,0.014338400296607));
#9325=CARTESIAN_POINT('',(-0.00287848548032343,0.0607,0.0107013182714581));
#9326=CARTESIAN_POINT('',(-0.00916082679484512,0.0607,0.0179754823217558));
#9327=CARTESIAN_POINT('',(0.00197924293301675,0.0607,0.0179754823217559));
#9328=CARTESIAN_POINT('',(0.0192109732051549,0.0607,0.0179754823217559));
#9329=CARTESIAN_POINT('',(0.0163815610157876,0.0607,0.014338400296607));
#9330=CARTESIAN_POINT('',(0.0135521488264203,0.0607,0.0107013182714581));
#9331=CARTESIAN_POINT('',(0.0126611424685597,0.0607,0.00973223351926096));
#9332=CARTESIAN_POINT('',(-0.00223363843993206,0.0607,0.00973223351926096));
#9333=CARTESIAN_POINT('',(0.0242832821850834,0.0607,0.0100549483469375));
#9334=CARTESIAN_POINT('',(0.0183359745015559,0.0607,0.00213441437211921));
#9335=CARTESIAN_POINT('',(0.0302305898686108,0.0607,0.0179754823217559));
#9336=CARTESIAN_POINT('',(0.0324499380831775,0.0607,0.0179754823217559));
#9337=CARTESIAN_POINT('',(0.0346692862977443,0.0607,0.0179754823217559));
#9338=CARTESIAN_POINT('',(0.0286879365826576,0.0607,0.0100549483469375));
#9339=CARTESIAN_POINT('',(0.0227065868675709,0.0607,0.00213441437211921));
#9340=CARTESIAN_POINT('',(0.0205212806845634,0.0607,0.00213441437211921));
#9341=CARTESIAN_POINT('',(-0.0593926499369373,0.0607,0.0179754823217559));
#9342=CARTESIAN_POINT('',(-0.0600909739732742,0.0646055489778519,0.0179754823217559));
#9343=CARTESIAN_POINT('',(-0.0601544422941828,0.0653512252708073,0.0179754823217559));
#9344=CARTESIAN_POINT('',(-0.0601544422941828,0.0607,0.0179754823217559));
#9345=CARTESIAN_POINT('',(-0.0586308575796917,0.0607,0.0179754823217559));
#9346=CARTESIAN_POINT('',(-0.0586308575796917,0.0607,0.0179754823217559));
#9347=CARTESIAN_POINT('',(-0.0593926499369373,0.0607,0.0179754823217559));
#9348=CARTESIAN_POINT('',(-0.0594073688378729,0.0607,0.0173231597503556));
#9349=CARTESIAN_POINT('',(-0.0601838800960544,0.0607,0.0166708371789555));
#9350=CARTESIAN_POINT('',(-0.0601838800960544,0.0653481321812605,0.0166708371789555));
#9351=CARTESIAN_POINT('',(-0.0600909739732742,0.0646055489778519,0.0167488846770081));
#9352=CARTESIAN_POINT('',(-0.0594073688378729,0.0607,0.0173231597503556));
#9353=CARTESIAN_POINT('',(-0.0601691611951186,0.0607,0.0173231597503557));
#9354=CARTESIAN_POINT('',(-0.0600909739732742,0.0646055489778519,0.020788315866746));
#9355=CARTESIAN_POINT('',(0.00251312537142921,0.0607,0.00987017700033779));
#9356=CARTESIAN_POINT('',(-0.0600909739732742,0.0646055489778519,0.026988));
#9357=CARTESIAN_POINT('',(0.060542393475771,0.0647046715021133,0.026988));
#9358=CARTESIAN_POINT('',(0.060542393475771,0.0647046715021133,0.026988));
#9359=CARTESIAN_POINT('',(0.060542393475771,0.0647046715021133,0.026988));
#9360=CARTESIAN_POINT('',(0.0598563775420189,-0.0645149722695351,0.026988));
#9361=CARTESIAN_POINT('',(0.0598563775420189,-0.0645149722695351,0.026988));
#9362=CARTESIAN_POINT('',(0.0598563775420189,-0.0645149722695351,0.026988));
#9363=CARTESIAN_POINT('',(-0.0599906630814076,-0.0645916759967804,0.026988));
#9364=MECHANICAL_DESIGN_GEOMETRIC_PRESENTATION_REPRESENTATION('',(#6001),
#9365);
#9365=(
GEOMETRIC_REPRESENTATION_CONTEXT(3)
GLOBAL_UNCERTAINTY_ASSIGNED_CONTEXT((#9366))
GLOBAL_UNIT_ASSIGNED_CONTEXT((#9369,#9368,#9367))
REPRESENTATION_CONTEXT('Part 1','TOP_LEVEL_ASSEMBLY_PART')
);
#9366=UNCERTAINTY_MEASURE_WITH_UNIT(LENGTH_MEASURE(1.E-8),#9369,
'DISTANCE_ACCURACY_VALUE','Maximum Tolerance applied to model');
#9367=(
NAMED_UNIT(*)
SI_UNIT($,.STERADIAN.)
SOLID_ANGLE_UNIT()
);
#9368=(
NAMED_UNIT(*)
PLANE_ANGLE_UNIT()
SI_UNIT($,.RADIAN.)
);
#9369=(
LENGTH_UNIT()
NAMED_UNIT(*)
SI_UNIT($,.METRE.)
);
#9370=PRODUCT_DEFINITION_SHAPE('','',#9371);
#9371=PRODUCT_DEFINITION('','',#9373,#9372);
#9372=PRODUCT_DEFINITION_CONTEXT('',#9379,'design');
#9373=PRODUCT_DEFINITION_FORMATION_WITH_SPECIFIED_SOURCE('','',#9375,
 .NOT_KNOWN.);
#9374=PRODUCT_RELATED_PRODUCT_CATEGORY('','',(#9375));
#9375=PRODUCT('Part 1','Part 1','Part 1',(#9377));
#9376=PRODUCT_CATEGORY('','');
#9377=PRODUCT_CONTEXT('',#9379,'mechanical');
#9378=APPLICATION_PROTOCOL_DEFINITION('international standard',
'ap242_managed_model_based_3d_engineering',2020,#9379);
#9379=APPLICATION_CONTEXT('managed model based 3d engineering');
ENDSEC;
END-ISO-10303-21;
